Survey Creation Date,Survey Completion Date,Felt enthusiastic,&quot;Felt extremely alert; watchful; or &quot;&quot;on guard&quot;&quot;&quot;,Felt irritable; had angry outbursts; or acted aggressively,Felt afraid,Had negative thoughts about yourself,Avoided thoughts and/or feelings related to the event,Felt like you were reliving a traumatic event,Had unpleasant dreams about a traumatic event,Had stressful; unwanted memories of a traumatic event,How many hours did you sleep last night,Experienced restless or unsatisfying sleep,Had trouble falling or staying asleep,Felt horrified,Felt angry,Felt guilty,Felt ashamed,Had negative thoughts about others,Had negative thoughts about the world,Blamed yourself for a traumatic event or its consequences,Blamed others for a traumatic event or its consequences,Avoided people; places; or situations related to a traumatic event,Felt upset when reminded of a traumatic event,Had physical reactions when reminded of a traumatic event,Had difficulty remembering the details of a traumatic event,Felt less interested or participated less in your usual activities,Felt distant or cut off from others,Had difficulty feeling positive,Acted reckless or self-destructive,Felt jumpy or easily startled,Had difficulty concentrating,Felt sleepy,Felt positive,Felt happy,Felt content,Felt calm,Felt fatigued,Experienced muscle tension
5/9/2016 11:54,5/9/2016 11:59,18,70,0,0,0,9,0,2,10,NA,NA,NA,0,0,0,0,9,10,0,6,79,72,20,0,26,12,11,0,26,2,0,31,73,12,85,0,0
5/9/2016 15:11,5/9/2016 15:21,79,26,10,12,10,100,0,10,18,NA,NA,NA,7,19,8,10,70,19,8,90,91,69,74,1,80,10,8,0,12,10,2,76,76,12,73,13,0
5/9/2016 19:58,NA,NA,NA,NA,NA,NA,NA,NA,NA,NA,NA,NA,NA,NA,NA,NA,NA,NA,NA,NA,NA,NA,NA,NA,NA,NA,NA,NA,NA,NA,NA,NA,NA,NA,NA,NA,NA,NA
5/10/2016 7:30,5/10/2016 9:29,71,13,0,1,0,100,0,16,14,6.5,11,11,0,0,0,0,19,25,0,14,100,11,2,0,66,0,2,0,10,0,0,83,68,82,70,0,0
5/10/2016 11:21,NA,NA,NA,NA,NA,NA,NA,NA,NA,NA,NA,NA,NA,NA,NA,NA,NA,NA,NA,NA,NA,NA,NA,NA,NA,NA,NA,NA,NA,NA,NA,NA,NA,NA,NA,NA,NA,NA
5/10/2016 15:39,NA,NA,NA,NA,NA,NA,NA,NA,NA,NA,NA,NA,NA,NA,NA,NA,NA,NA,NA,NA,NA,NA,NA,NA,NA,NA,NA,NA,NA,NA,NA,NA,NA,NA,NA,NA,NA,NA
5/10/2016 19:06,NA,NA,NA,NA,NA,NA,NA,NA,NA,NA,NA,NA,NA,NA,NA,NA,NA,NA,NA,NA,NA,NA,NA,NA,NA,NA,NA,NA,NA,NA,NA,NA,NA,NA,NA,NA,NA,NA
5/11/2016 7:37,NA,NA,NA,NA,NA,NA,NA,NA,NA,NA,NA,NA,NA,NA,NA,NA,NA,NA,NA,NA,NA,NA,NA,NA,NA,NA,NA,NA,NA,NA,NA,NA,NA,NA,NA,NA,NA,NA
5/11/2016 11:49,NA,NA,NA,NA,NA,NA,NA,NA,NA,NA,NA,NA,NA,NA,NA,NA,NA,NA,NA,NA,NA,NA,NA,NA,NA,NA,NA,NA,NA,NA,NA,NA,NA,NA,NA,NA,NA,NA
5/11/2016 15:54,NA,NA,NA,NA,NA,NA,NA,NA,NA,NA,NA,NA,NA,NA,NA,NA,NA,NA,NA,NA,NA,NA,NA,NA,NA,NA,NA,NA,NA,NA,NA,NA,NA,NA,NA,NA,NA,NA
5/11/2016 19:04,NA,NA,NA,NA,NA,NA,NA,NA,NA,NA,NA,NA,NA,NA,NA,NA,NA,NA,NA,NA,NA,NA,NA,NA,NA,NA,NA,NA,NA,NA,NA,NA,NA,NA,NA,NA,NA,NA
5/12/2016 7:56,NA,NA,NA,NA,NA,NA,NA,NA,NA,NA,NA,NA,NA,NA,NA,NA,NA,NA,NA,NA,NA,NA,NA,NA,NA,NA,NA,NA,NA,NA,NA,NA,NA,NA,NA,NA,NA,NA
5/12/2016 11:35,5/12/2016 13:20,13,90,57,62,11,90,4,78,80,NA,NA,NA,0,60,79,18,88,77,0,100,90,83,8,0,90,20,75,0,90,20,0,18,20,15,59,17,0
5/12/2016 15:39,NA,NA,NA,NA,NA,NA,NA,NA,NA,NA,NA,NA,NA,NA,NA,NA,NA,NA,NA,NA,NA,NA,NA,NA,NA,NA,NA,NA,NA,NA,NA,NA,NA,NA,NA,NA,NA,NA
5/12/2016 19:39,NA,NA,NA,NA,NA,NA,NA,NA,NA,NA,NA,NA,NA,NA,NA,NA,NA,NA,NA,NA,NA,NA,NA,NA,NA,NA,NA,NA,NA,NA,NA,NA,NA,NA,NA,NA,NA,NA
5/13/2016 7:24,NA,NA,NA,NA,NA,NA,NA,NA,NA,NA,NA,NA,NA,NA,NA,NA,NA,NA,NA,NA,NA,NA,NA,NA,NA,NA,NA,NA,NA,NA,NA,NA,NA,NA,NA,NA,NA,NA
5/13/2016 11:36,5/13/2016 11:51,63,78,0,0,9,100,0,18,13,NA,NA,NA,0,9,0,0,66,26,0,100,100,100,14,0,70,12,25,0,82,0,0,60,14,23,81,0,0
5/13/2016 15:31,NA,NA,NA,NA,NA,NA,NA,NA,NA,NA,NA,NA,NA,NA,NA,NA,NA,NA,NA,NA,NA,NA,NA,NA,NA,NA,NA,NA,NA,NA,NA,NA,NA,NA,NA,NA,NA,NA
5/13/2016 19:44,NA,NA,NA,NA,NA,NA,NA,NA,NA,NA,NA,NA,NA,NA,NA,NA,NA,NA,NA,NA,NA,NA,NA,NA,NA,NA,NA,NA,NA,NA,NA,NA,NA,NA,NA,NA,NA,NA
5/14/2016 7:44,5/14/2016 11:01,16,18,14,2,4,100,3,0,78,8.5,11,0,0,0,0,0,11,10,0,100,0,19,0,0,76,11,0,0,8,0,0,75,63,67,15,18,0
5/14/2016 11:06,5/14/2016 11:14,50,50,50,50,50,50,50,50,50,NA,NA,NA,50,50,50,50,50,50,50,50,50,50,50,50,50,50,50,50,50,50,50,50,50,50,50,50,50
5/14/2016 15:52,5/14/2016 17:26,22,18,0,0,0,13,0,0,7,NA,NA,NA,0,0,0,0,6,10,0,100,9,11,0,0,34,27,0,0,10,0,0,82,81,89,85,0,0
5/14/2016 19:38,5/14/2016 20:09,68,0,0,0,0,100,0,0,0,NA,NA,NA,0,0,0,0,10,8,0,10,0,14,0,0,18,10,0,0,7,0,0,88,88,82,82,0,3
5/15/2016 7:53,5/15/2016 8:22,85,0,0,0,0,7,0,0,15,9,0,0,0,0,0,1,0,0,0,8,0,11,1,0,15,0,0,0,0,0,3,80,84,91,77,0,0
5/15/2016 11:18,5/15/2016 11:43,87,56,0,0,0,82,0,0,8,NA,NA,NA,0,0,0,0,10,21,0,66,57,7,0,0,82,11,0,0,0,0,0,85,68,74,88,0,0
5/15/2016 15:33,5/15/2016 15:37,79,7,0,1,2,71,0,0,8,NA,NA,NA,0,0,0,0,0,11,1,78,24,10,0,0,30,0,0,4,0,0,4,84,83,84,90,0,0
5/15/2016 19:48,5/15/2016 20:04,75,6,4,0,9,9,0,0,12,NA,NA,NA,0,0,0,0,4,0,6,11,11,7,0,0,12,0,0,0,9,2,0,90,89,87,90,0,0
5/16/2016 7:46,5/16/2016 8:56,65,7,0,0,70,13,0,0,10,8.5,0,0,0,0,0,0,9,10,0,82,6,8,0,1,33,0,1,0,8,4,0,68,73,81,81,2,1
5/16/2016 11:32,5/16/2016 11:39,87,7,0,0,0,20,0,0,7,NA,NA,NA,0,0,0,0,10,15,0,91,20,8,0,0,7,6,0,0,0,0,0,90,90,89,100,2,0
5/16/2016 15:15,5/16/2016 15:21,55,0,0,0,0,7,0,0,6,NA,NA,NA,0,0,0,0,24,9,10,72,8,5,0,0,21,0,0,0,10,0,0,100,91,92,93,0,0
5/16/2016 19:19,5/16/2016 19:44,85,0,0,0,0,64,0,0,21,NA,NA,NA,0,0,0,0,11,8,0,80,17,11,0,9,20,10,7,0,14,0,0,91,93,84,89,0,0
5/17/2016 7:50,5/17/2016 9:44,14,73,0,0,0,68,0,80,87,6,74,75,0,0,0,0,81,15,0,100,79,67,19,0,82,13,20,0,22,0,0,17,15,29,58,0,0
5/17/2016 11:51,NA,NA,NA,NA,NA,NA,NA,NA,NA,NA,NA,NA,NA,NA,NA,NA,NA,NA,NA,NA,NA,NA,NA,NA,NA,NA,NA,NA,NA,NA,NA,NA,NA,NA,NA,NA,NA,NA
5/17/2016 15:26,NA,NA,NA,NA,NA,NA,NA,NA,NA,NA,NA,NA,NA,NA,NA,NA,NA,NA,NA,NA,NA,NA,NA,NA,NA,NA,NA,NA,NA,NA,NA,NA,NA,NA,NA,NA,NA,NA
5/17/2016 19:54,5/17/2016 23:30,80,16,0,0,0,15,0,0,11,NA,NA,NA,1,4,0,0,10,15,0,85,51,11,12,0,64,16,3,0,4,9,63,78,88,78,80,0,0
5/18/2016 7:15,5/18/2016 9:48,76,14,0,0,9,81,0,0,17,6.5,0,12,0,0,0,0,11,15,0,87,100,8,0,0,14,9,65,0,66,0,0,74,69,24,65,0,0
5/18/2016 11:56,5/18/2016 12:41,82,13,0,0,0,36,0,0,8,NA,NA,NA,0,6,0,0,21,12,0,100,75,5,0,0,13,9,0,0,8,7,0,72,78,78,76,0,0
5/18/2016 15:22,NA,NA,NA,NA,NA,NA,NA,NA,NA,NA,NA,NA,NA,NA,NA,NA,NA,NA,NA,NA,NA,NA,NA,NA,NA,NA,NA,NA,NA,NA,NA,NA,NA,NA,NA,NA,NA,NA
5/18/2016 19:20,5/18/2016 23:20,83,81,0,0,1,12,0,25,0,NA,NA,NA,6,65,0,3,75,0,0,100,0,0,19,0,0,0,0,3,0,67,0,83,97,77,100,0,0
5/19/2016 7:51,5/19/2016 8:05,74,9,0,0,10,72,0,0,0,4.5,36,97,0,0,0,69,29,17,4,100,22,5,0,0,14,21,0,0,0,13,0,32,65,15,72,0,0
5/19/2016 11:20,5/19/2016 11:41,12,90,73,7,7,77,86,2,88,NA,NA,NA,0,0,0,2,63,74,0,90,81,88,70,0,96,81,74,0,79,0,0,25,15,11,10,16,0
5/19/2016 15:09,5/19/2016 15:24,0,14,8,0,0,92,0,0,8,NA,NA,NA,0,74,0,0,6,81,0,100,83,8,10,0,48,62,29,0,62,0,7,6,5,8,24,67,0
5/19/2016 19:21,5/19/2016 19:45,8,15,71,0,63,84,0,0,63,NA,NA,NA,0,68,0,40,82,30,0,100,84,15,0,0,86,12,13,0,94,0,6,7,0,10,13,16,0
5/20/2016 7:24,5/20/2016 10:58,63,71,72,10,16,79,78,17,20,5,82,82,0,70,0,0,80,26,0,100,81,14,20,0,91,76,4,45,21,0,63,63,15,66,23,71,0
5/20/2016 11:49,5/20/2016 13:08,66,50,70,0,9,20,0,0,68,NA,NA,NA,0,24,67,0,78,17,0,100,100,11,13,0,94,79,5,0,19,0,0,59,17,85,28,0,0
5/20/2016 15:14,5/20/2016 15:20,5,69,12,0,0,82,0,0,15,NA,NA,NA,0,11,0,0,18,6,0,100,85,19,0,0,85,27,10,0,66,0,0,73,19,16,13,0,0
5/20/2016 19:18,5/20/2016 21:14,84,77,0,12,0,100,0,1,7,NA,NA,NA,0,25,0,25,19,71,0,74,82,59,11,71,86,0,13,0,69,8,0,10,20,21,91,0,0
5/21/2016 7:31,5/21/2016 8:26,20,8,0,0,0,87,0,13,0,9,0,0,0,0,0,0,0,20,0,100,82,6,0,0,27,6,0,0,16,0,0,62,28,28,60,0,0
5/21/2016 11:51,5/21/2016 11:55,77,4,0,0,0,74,0,0,19,NA,NA,NA,0,0,0,0,6,8,0,100,28,0,0,0,6,0,0,0,6,0,0,63,72,78,73,0,0
5/21/2016 15:45,5/21/2016 16:36,83,10,0,0,0,78,0,0,11,NA,NA,NA,1,0,0,0,73,11,0,100,76,8,0,0,63,12,6,0,13,0,0,85,0,73,72,0,0
5/21/2016 19:21,5/21/2016 19:56,59,0,0,0,0,24,14,0,5,NA,NA,NA,0,0,0,0,0,0,0,78,10,0,0,0,71,10,0,0,10,0,0,77,70,79,75,0,0
5/22/2016 7:27,5/22/2016 7:57,80,7,1,0,0,11,0,0,8,8.5,0,0,0,0,0,0,8,5,0,89,6,9,0,0,7,9,7,0,0,0,0,87,86,82,90,0,0
5/22/2016 11:23,5/22/2016 12:30,66,16,0,0,0,86,0,0,10,NA,NA,NA,0,0,0,0,8,3,0,100,85,7,0,0,66,8,9,0,11,0,0,87,87,87,77,0,0
5/22/2016 15:23,5/22/2016 15:26,90,7,0,0,0,9,0,0,5,NA,NA,NA,0,0,0,0,7,7,0,100,6,2,0,0,9,0,0,68,0,0,0,93,94,94,90,0,0
5/22/2016 19:12,5/22/2016 19:21,87,5,0,0,0,10,0,0,15,NA,NA,NA,0,0,0,0,0,0,0,100,11,5,0,0,75,9,80,0,0,0,0,94,90,100,100,0,0
5/23/2016 7:56,5/23/2016 8:59,79,10,0,0,0,12,0,0,0,8.5,0,0,0,0,0,0,7,11,0,100,5,4,0,0,4,10,0,0,10,0,0,85,87,69,82,0,0
5/23/2016 11:37,5/23/2016 11:41,94,6,9,0,0,82,0,0,5,NA,NA,NA,0,0,0,0,8,7,9,100,78,7,0,0,7,6,0,0,3,0,0,89,88,85,78,0,0
5/23/2016 15:19,5/23/2016 15:27,66,16,9,10,0,86,0,0,20,NA,NA,NA,0,9,11,10,18,62,0,100,80,13,0,0,57,19,0,0,13,0,0,59,70,75,90,0,0
5/23/2016 19:40,5/23/2016 19:46,73,4,0,0,0,84,0,0,0,NA,NA,NA,0,0,0,0,7,6,0,100,59,2,0,0,71,2,0,0,5,0,0,80,81,86,82,12,0
5/24/2016 7:10,5/24/2016 8:34,89,6,0,0,0,88,0,0,8,7.5,0,0,0,0,0,0,0,8,0,100,11,9,0,0,34,0,0,0,4,0,0,84,95,90,85,0,0
5/24/2016 11:46,5/24/2016 11:50,60,26,13,0,0,11,0,0,7,NA,NA,NA,0,7,0,0,7,17,0,100,74,6,13,0,66,13,0,0,3,0,0,63,69,64,67,0,0
5/24/2016 15:46,5/24/2016 16:05,75,10,7,1,9,100,0,5,20,NA,NA,NA,0,4,0,6,62,16,7,100,100,4,20,0,27,3,0,0,9,0,0,97,63,79,85,11,0
5/24/2016 19:24,5/24/2016 19:33,90,15,5,3,5,75,82,0,15,NA,NA,NA,3,5,0,5,35,15,10,80,79,12,5,9,35,13,10,0,5,11,12,60,79,80,70,2,6
5/25/2016 7:52,5/25/2016 9:50,61,24,9,5,2,80,25,10,20,6,75,75,5,20,0,5,80,85,10,95,80,31,38,10,37,26,25,5,18,0,19,60,61,69,37,29,8
5/25/2016 11:41,5/25/2016 11:50,65,25,15,5,6,75,6,0,20,NA,NA,NA,5,15,0,5,70,65,5,85,80,14,10,10,70,15,10,5,20,10,15,55,60,60,65,8,5
5/25/2016 15:42,5/25/2016 16:14,64,15,6,64,5,72,0,0,9,NA,NA,NA,5,14,0,5,67,71,5,95,75,12,14,7,85,10,62,0,23,7,12,60,74,65,69,17,0
5/25/2016 19:33,5/25/2016 19:39,8,85,72,3,9,81,60,4,15,NA,NA,NA,2,88,77,5,96,85,2,88,91,26,34,0,89,20,71,1,81,1,72,7,20,7,15,59,5
5/26/2016 7:43,5/26/2016 8:47,75,12,9,4,8,16,1,4,16,8.5,5,5,3,3,0,13,11,7,0,96,19,5,13,7,85,29,5,6,15,6,6,83,70,52,69,2,3
5/26/2016 11:19,5/26/2016 11:35,9,63,17,9,11,92,5,14,80,NA,NA,NA,10,90,6,6,97,85,5,100,95,14,24,7,85,17,15,0,11,6,5,9,30,13,31,74,0
5/26/2016 15:28,5/26/2016 16:18,65,62,16,13,7,72,5,2,8,NA,NA,NA,0,73,0,8,13,67,7,95,83,4,6,16,83,9,37,0,32,9,10,61,83,62,62,4,8
5/26/2016 19:36,5/26/2016 19:41,24,62,73,5,13,95,5,2,67,NA,NA,NA,73,86,0,11,86,95,1,95,85,71,70,0,84,29,76,0,60,30,16,35,28,26,21,4,23
5/27/2016 7:14,5/27/2016 9:29,62,10,3,5,4,81,6,5,7,7.5,6,5,0,4,5,3,62,9,5,95,71,13,18,10,80,6,7,0,10,5,7,60,76,93,78,8,7
5/27/2016 11:51,5/27/2016 11:55,61,8,15,4,4,75,4,0,13,NA,NA,NA,2,7,0,1,27,12,2,96,71,14,6,4,61,16,1,1,6,8,3,57,61,60,63,1,6
5/27/2016 15:26,5/27/2016 15:38,9,62,63,4,2,74,1,0,69,NA,NA,NA,0,61,0,1,91,81,0,99,88,27,38,7,84,62,8,0,9,62,4,11,20,9,9,15,3
5/27/2016 19:03,5/27/2016 19:12,9,81,60,37,0,81,12,0,33,NA,NA,NA,6,73,9,10,92,89,14,94,94,65,33,14,95,14,73,0,64,61,7,11,6,7,65,63,17
5/28/2016 7:19,5/28/2016 10:42,68,9,10,6,6,74,6,4,13,9,5,0,3,9,1,5,11,11,5,85,76,28,16,7,36,19,13,0,8,0,4,75,77,77,71,5,6
5/28/2016 11:35,5/28/2016 11:53,93,6,0,5,5,37,0,5,5,NA,NA,NA,3,6,0,3,11,35,0,100,31,12,13,5,15,13,4,0,13,0,0,82,88,92,86,7,3
5/28/2016 15:19,NA,NA,NA,NA,NA,NA,NA,NA,NA,NA,NA,NA,NA,NA,NA,NA,NA,NA,NA,NA,NA,NA,NA,NA,NA,NA,NA,NA,NA,NA,NA,NA,NA,NA,NA,NA,NA,NA
5/28/2016 19:02,5/28/2016 20:28,74,72,13,14,34,88,11,12,19,NA,NA,NA,9,11,15,11,14,17,8,93,66,20,27,10,75,18,14,11,12,14,17,73,72,72,80,12,11
5/29/2016 7:52,5/29/2016 8:06,86,18,13,7,4,97,5,5,15,8.5,8,9,8,10,0,8,9,10,4,97,11,7,9,9,17,10,11,4,9,11,6,90,83,89,87,11,9
5/29/2016 11:05,5/29/2016 11:08,85,14,7,2,9,23,0,15,10,NA,NA,NA,3,0,0,4,12,14,3,92,14,16,8,4,28,11,3,3,11,4,5,87,83,89,86,7,3
5/29/2016 15:55,5/29/2016 16:38,87,0,5,10,5,89,0,5,1,NA,NA,NA,7,11,0,7,7,9,7,33,7,6,9,19,9,9,9,2,7,10,6,92,87,86,94,3,0
5/29/2016 19:36,5/29/2016 20:17,95,7,9,7,7,87,6,0,8,NA,NA,NA,62,0,0,0,13,13,4,100,14,31,10,17,6,0,6,0,7,8,11,90,97,95,98,10,0
5/30/2016 7:10,5/30/2016 9:28,17,78,76,65,16,76,67,88,78,5,90,94,10,66,4,10,90,76,4,93,95,74,69,37,85,20,80,4,73,16,28,10,15,11,11,34,4
5/30/2016 11:12,5/30/2016 11:16,29,72,73,20,19,83,22,20,80,NA,NA,NA,14,91,10,30,94,80,10,99,88,65,20,0,92,80,10,5,64,25,58,36,8,2,11,65,11
5/30/2016 15:11,5/30/2016 15:22,65,36,39,25,19,68,9,4,26,NA,NA,NA,5,18,6,6,14,14,1,96,50,36,9,15,43,29,33,6,21,28,4,63,72,76,64,31,10
5/30/2016 19:43,5/30/2016 19:46,73,10,4,1,13,87,9,5,10,NA,NA,NA,3,6,0,4,3,11,0,97,14,10,7,8,13,18,10,0,27,11,0,86,80,69,83,7,0
5/31/2016 7:23,5/31/2016 8:34,69,15,4,6,4,15,6,2,10,8.5,6,7,6,5,3,7,13,11,75,96,12,11,11,6,33,4,10,0,29,10,5,79,68,81,72,10,8
5/31/2016 11:26,5/31/2016 11:42,88,1,1,8,1,83,6,4,10,NA,NA,NA,2,1,0,2,61,35,7,95,71,5,5,6,24,7,11,1,12,6,2,93,94,82,86,3,13
5/31/2016 15:14,5/31/2016 15:28,93,8,6,3,1,78,69,6,5,NA,NA,NA,3,12,0,0,27,45,3,95,71,10,1,12,95,12,8,10,11,0,2,92,77,83,50,69,6
5/31/2016 19:36,5/31/2016 20:39,82,20,5,2,10,64,9,0,12,NA,NA,NA,2,8,2,4,11,7,3,95,25,15,15,13,28,10,7,2,7,5,0,75,84,85,85,2,6
6/1/2016 7:53,6/1/2016 9:00,69,6,5,7,10,88,6,2,6,7.5,6,6,3,2,1,4,14,20,6,98,11,9,6,7,37,9,5,8,7,7,13,51,63,90,94,11,10
6/1/2016 11:47,6/1/2016 13:11,83,5,5,2,2,80,0,1,6,NA,NA,NA,2,3,2,1,85,11,6,96,22,11,7,2,6,10,7,1,26,9,2,92,88,93,91,7,7
6/1/2016 15:13,6/1/2016 16:30,21,72,68,14,4,73,8,2,69,NA,NA,NA,3,64,5,4,94,62,69,100,73,22,38,6,68,48,72,20,38,14,0,36,26,90,82,14,2
6/1/2016 19:52,6/1/2016 20:57,35,78,13,9,25,82,6,77,74,NA,NA,NA,3,78,0,5,82,83,7,82,87,66,15,8,91,71,76,7,69,14,15,26,26,19,17,31,7
6/2/2016 7:08,6/2/2016 8:58,50,50,50,50,50,50,50,50,50,8,50,50,50,50,50,50,50,50,50,50,50,50,50,50,50,50,50,50,50,50,50,50,50,50,50,50,50
6/2/2016 11:34,6/2/2016 11:41,67,19,15,5,8,84,8,71,15,NA,NA,NA,4,10,0,9,66,14,8,96,69,16,15,7,68,16,14,2,12,12,4,65,73,66,69,3,5
6/2/2016 15:34,6/2/2016 16:14,81,12,4,11,13,78,5,4,26,NA,NA,NA,6,13,0,0,66,19,0,97,13,12,9,12,40,18,10,4,29,4,4,83,89,77,85,4,11
6/2/2016 19:25,6/2/2016 19:31,91,10,6,4,5,85,5,5,18,NA,NA,NA,0,12,4,2,13,10,3,98,11,10,4,12,5,72,13,5,9,9,4,86,92,86,91,5,5
6/3/2016 7:43,6/3/2016 9:41,85,15,31,6,10,83,4,8,14,6,33,68,6,25,0,8,72,25,17,97,78,10,13,7,66,13,10,5,17,31,10,83,75,94,97,13,7
6/3/2016 11:49,6/3/2016 12:39,76,36,10,5,4,86,13,8,18,NA,NA,NA,4,11,0,5,69,73,7,98,93,26,11,6,28,17,0,5,9,4,9,89,75,96,93,10,6
6/3/2016 15:10,6/3/2016 17:12,39,70,13,21,5,72,3,0,67,NA,NA,NA,5,71,0,4,93,76,6,100,85,66,41,5,67,65,64,5,40,5,28,37,37,37,39,28,5
6/3/2016 19:06,6/3/2016 19:19,92,10,0,5,12,6,3,7,5,NA,NA,NA,0,5,0,0,4,4,6,5,6,9,7,5,4,6,5,4,10,5,6,66,69,94,94,71,5
6/4/2016 7:47,6/4/2016 10:39,82,23,13,0,0,77,66,10,11,9,0,0,7,0,0,10,72,12,0,100,69,10,7,11,12,32,77,0,7,8,2,76,71,81,76,0,0
6/4/2016 11:05,6/4/2016 11:16,98,15,78,7,5,99,5,15,0,NA,NA,NA,0,69,0,11,76,75,3,98,83,13,10,5,7,19,14,7,0,0,8,96,96,99,99,8,5
6/4/2016 15:38,6/4/2016 19:15,36,12,14,17,13,78,0,21,11,NA,NA,NA,3,24,10,32,37,39,99,97,74,35,11,0,38,32,16,3,13,10,21,13,27,16,94,34,0
6/4/2016 19:18,6/4/2016 19:21,13,34,29,9,18,78,4,36,31,NA,NA,NA,11,30,19,13,74,82,17,78,83,37,32,11,70,24,17,4,8,10,10,26,30,18,38,41,4
6/5/2016 7:54,6/5/2016 10:16,27,73,8,66,9,70,3,80,62,6,85,77,15,24,0,16,81,68,7,93,85,71,14,6,5,57,13,6,72,26,65,25,83,19,14,61,13
6/5/2016 11:32,6/5/2016 11:35,13,73,33,10,10,78,10,63,18,NA,NA,NA,10,41,1,4,66,64,2,96,91,75,13,6,86,69,66,8,34,63,10,17,11,10,23,24,14
6/5/2016 15:37,6/5/2016 16:17,39,72,13,20,19,69,5,14,73,NA,NA,NA,74,4,0,8,63,66,68,98,67,69,70,38,79,69,71,35,29,11,15,12,23,24,21,41,7
6/5/2016 19:13,6/5/2016 19:19,64,9,8,2,4,74,8,4,3,NA,NA,NA,0,21,0,0,27,41,3,96,36,22,10,9,36,16,8,5,8,4,4,87,76,64,81,17,7
6/6/2016 7:01,6/6/2016 8:49,86,11,5,6,9,25,8,3,17,9,5,6,4,12,7,4,14,23,2,97,69,10,9,9,12,9,8,12,8,9,4,91,82,89,90,5,8
6/6/2016 11:34,6/6/2016 13:33,92,83,6,8,5,66,4,2,77,NA,NA,NA,4,6,0,21,34,68,4,99,23,9,24,7,65,12,10,13,26,5,4,75,92,70,60,12,4
6/6/2016 15:55,6/6/2016 16:01,50,50,50,50,50,50,50,50,50,NA,NA,NA,50,43,50,50,50,50,50,50,50,50,50,50,50,50,50,50,50,50,50,50,50,50,50,50,50
6/6/2016 19:43,6/6/2016 19:53,67,13,20,11,22,89,10,18,10,NA,NA,NA,7,5,0,8,36,36,6,95,10,26,13,12,12,17,14,11,11,11,6,75,79,78,72,0,3
6/7/2016 7:04,6/7/2016 8:39,93,9,22,5,9,17,7,9,11,8.5,8,6,3,4,0,3,12,65,7,94,10,12,20,11,81,14,3,10,5,8,4,83,84,85,78,12,5
6/7/2016 11:20,6/7/2016 11:26,90,10,14,6,6,75,3,4,7,NA,NA,NA,4,4,0,3,20,22,37,98,64,9,11,7,27,25,84,10,10,3,6,84,86,81,67,6,5
6/7/2016 15:49,6/7/2016 16:20,83,39,5,4,7,81,11,10,13,NA,NA,NA,0,10,13,0,74,19,0,97,78,18,12,9,31,10,11,5,13,5,0,73,74,89,85,9,10
6/7/2016 19:50,6/7/2016 19:55,23,34,63,12,6,78,8,5,42,NA,NA,NA,10,23,72,9,68,40,6,99,25,18,38,8,27,17,5,12,68,24,5,40,40,39,32,41,22
6/8/2016 7:29,6/8/2016 9:15,73,25,19,12,7,75,8,5,17,8.5,6,6,10,12,0,0,15,26,4,98,84,14,12,10,36,13,0,11,10,8,3,81,85,77,70,13,5
6/8/2016 11:16,6/8/2016 11:21,85,13,7,4,10,80,2,5,6,NA,NA,NA,4,2,5,0,32,28,11,97,90,4,9,14,35,23,10,7,9,7,4,83,88,71,90,9,5
6/8/2016 15:55,6/8/2016 16:31,89,11,8,10,5,96,5,0,3,NA,NA,NA,5,4,0,4,21,7,4,96,96,11,5,17,12,12,5,4,55,7,2,92,91,84,88,4,3
6/8/2016 19:21,6/8/2016 20:01,90,6,4,70,7,87,0,5,5,NA,NA,NA,5,0,0,4,27,6,7,98,9,9,3,27,20,4,0,3,4,7,3,91,97,90,86,5,1
6/9/2016 7:48,6/9/2016 9:50,94,8,9,10,1,84,11,7,6,7.5,7,9,12,12,0,5,13,12,3,95,11,7,11,18,31,14,8,4,18,23,6,64,93,74,74,10,10
6/9/2016 11:03,6/9/2016 11:28,86,9,9,9,9,88,5,5,27,NA,NA,NA,0,16,0,4,10,13,4,97,22,6,5,13,18,11,10,4,12,9,5,97,82,92,87,5,5
6/9/2016 15:55,6/9/2016 16:46,87,22,8,10,10,77,0,11,19,NA,NA,NA,0,5,0,4,65,34,7,98,79,75,11,21,72,14,10,13,10,8,61,88,93,91,91,5,7
6/9/2016 19:05,6/9/2016 19:13,87,9,12,11,12,70,2,7,10,NA,NA,NA,0,4,0,0,29,25,1,99,86,11,11,34,13,22,12,0,7,12,1,90,92,94,88,2,4
