id	day	sleep_quality	physical_activity	pa	na	learning_goal_achievement	beep
1	1	3	30	2.666666667	3.666666667	2	1
1	2	3	60	3.333333333	3	1	1
1	3	3	360	2.666666667	4	0	1
1	4	3	780	1.333333333	5	1	1
1	6	3	210	3	4.666666667	2	1
1	8	3	310	4	3.666666667	2	1
1	9	3	90	3.333333333	3.333333333	0	1
1	10	3	405	3.333333333	2.666666667	2	1
1	11	3	405	2.333333333	2.666666667	2	1
1	12	3	360	3	4	2	1
1	13	3	270	1.666666667	5.666666667	1	1
1	14	3	30	3.333333333	2.333333333	2	1
1	15	3	540	2.666666667	2	1	1
1	17	2	405	4.333333333	3.333333333	1	1
1	18	3	405	2.666666667	3	1	1
1	19	3	540	2.666666667	3.333333333	1	1
1	21	3	60	3.666666667	2.666666667	2	1
1	22	3	405	3.333333333	3	1	1
1	23	3	405	3.333333333	3.333333333	2	1
1	24	2	60	1.666666667	4.666666667	2	1
1	25	3	405	5	2.666666667	2	1
1	26	3	330	3.666666667	2.666666667	1	1
1	27	3	435	2	3.666666667	2	1
1	29	3	525	3.666666667	2.666666667	2	1
1	30	3	270	4	2.666666667	3	1
1	31	3	405	2	3.333333333	1	1
1	32	2	390	5.333333333	2	NA	1
2	1	3	190	5.666666667	2.666666667	2	1
2	2	4	290	6	2	3	1
2	3	3	235	5.666666667	3	2	1
2	4	3	520	5.666666667	1.5	1	1
2	5	4	435	6.333333333	1.666666667	2	1
2	6	3	300	5.666666667	2.666666667	3	1
2	7	3	360	6.333333333	2	3	1
2	8	2	375	6.333333333	2	2	1
2	9	3	290	6	1.333333333	3	1
2	10	3	620	5	1	3	1
2	11	4	980	7	1	3	1
2	12	4	780	6	1.333333333	3	1
2	13	4	460	6.666666667	1.333333333	4	1
2	14	4	390	5.333333333	2	3	1
2	15	3	420	4.666666667	3.666666667	3	1
2	16	3	480	5	3.666666667	3	1
2	17	4	825	6.333333333	2	3	1
2	18	3	900	5.333333333	1	3	1
2	19	2	420	5.666666667	2	3	1
2	20	4	330	6	1.333333333	3	1
2	21	3	240	5.666666667	1.333333333	3	1
2	22	2	840	5.333333333	2.333333333	3	1
2	23	4	235	5.333333333	2	4	1
2	24	3	660	5.333333333	3	2	1
2	25	3	1160	4.666666667	5	2	1
2	26	NA	480	5.333333333	3	3	1
2	27	4	1260	6	1	3	1
2	28	4	430	5.666666667	1.333333333	3	1
2	29	4	720	6	2	3	1
2	30	1	660	5.666666667	2	3	1
2	31	4	870	6	2.666666667	2	1
2	32	4	1620	6.666666667	1	NA	1
3	1	3	720	5	1.666666667	2	1
3	2	3	720	4.666666667	1	3	1
3	3	3	360	4.333333333	2.333333333	2	1
3	4	2	900	4.666666667	3.333333333	2	1
3	5	3	360	4.666666667	2.333333333	3	1
3	6	4	360	4.666666667	3	3	1
3	7	3	585	4.333333333	2.333333333	3	1
3	8	2	720	4	2.666666667	2	1
3	9	2	855	4.333333333	2.333333333	3	1
3	10	3	180	2.333333333	5.333333333	2	1
3	11	2	810	4	3.333333333	3	1
3	12	3	990	3	4.333333333	2	1
3	13	3	380	3.666666667	3.333333333	3	1
3	14	3	340	3.666666667	2.333333333	3	1
3	15	1	1355	2.333333333	6.333333333	2	1
3	16	3	0	2.333333333	5.666666667	3	1
3	17	4	150	2.666666667	4.333333333	3	1
3	18	3	355	2.666666667	4	3	1
3	19	3	355	3.333333333	4	4	1
3	20	3	315	3	4.666666667	2	1
3	21	4	0	3.666666667	3.666666667	3	1
3	22	2	0	4.666666667	2	4	1
3	23	2	0	5	2	4	1
3	24	2	0	3.666666667	2.333333333	3	1
3	25	3	0	5	2	3	1
3	26	3	0	4.333333333	2	3	1
3	27	3	0	3.666666667	2.666666667	2	1
3	28	3	0	4.666666667	1.666666667	4	1
3	29	4	175	4	2	3	1
3	30	1	855	4.333333333	1.333333333	3	1
3	31	3	0	4	1.333333333	3	1
3	32	3	1080	5.333333333	1.333333333	NA	1
4	1	3	740	3.333333333	3.666666667	2	1
4	2	4	175	3	2.666666667	2	1
4	3	3	235	3.666666667	2	1	1
4	4	2	75	2.333333333	4.333333333	0	1
4	5	3	150	3	3	2	1
4	6	3	420	4	3	1	1
4	7	2	270	6	2.666666667	1	1
4	8	2	200	2	4.333333333	2	1
4	9	3	250	4.666666667	2.666666667	2	1
4	10	3	830	4.666666667	3.666666667	2	1
4	11	2	160	2.666666667	3.666666667	2	1
4	12	2	102	3	5.666666667	2	1
4	13	3	60	3	3.333333333	1	1
4	14	3	45	2.333333333	4	2	1
4	15	2	60	2.333333333	4	1	1
4	16	3	420	2.333333333	3	2	1
4	17	2	165	2.666666667	3	1	1
4	18	3	45	1.666666667	3.333333333	0	1
4	19	2	30	2	3	1	1
4	20	2	0	2.333333333	3.333333333	1	1
4	21	3	45	1.333333333	5	1	1
4	22	2	60	1.666666667	3	0	1
4	23	3	90	2	2.666666667	1	1
4	24	3	90	2.333333333	3.666666667	1	1
4	25	2	85	2.666666667	4.333333333	1	1
4	26	3	540	3.333333333	2.333333333	2	1
4	27	3	60	3	2.333333333	2	1
4	28	3	150	3.333333333	2	2	1
4	29	3	60	2.333333333	3	2	1
4	30	2	390	2.666666667	3	1	1
4	31	2	405	2.333333333	2.666666667	2	1
4	32	2	795	4.666666667	2	NA	1
5	1	4	45	3	4.666666667	2	1
5	2	3	30	4.666666667	2.666666667	0	1
5	3	3	315	4	3.666666667	3	1
5	4	3	0	5.333333333	2.333333333	2	1
5	5	2	45	4	4.333333333	2	1
5	6	3	0	5	3.333333333	2	1
5	7	3	30	5.666666667	1.666666667	3	1
5	8	3	45	4.333333333	2.666666667	2	1
5	9	2	55	5	3	2	1
5	10	3	30	6	1.333333333	2	1
5	11	2	45	3.333333333	4	2	1
5	12	3	0	6	1.333333333	3	1
5	13	3	355	6	2	2	1
5	14	4	15	6	1	3	1
5	15	2	30	1	6.666666667	2	1
5	16	4	65	6	1.666666667	4	1
5	17	1	90	5.333333333	1.666666667	1	1
5	18	1	90	1	7	0	1
5	19	3	80	2	6.333333333	1	1
5	20	2	45	4.333333333	3	2	1
5	21	2	0	4.333333333	5	2	1
5	22	1	45	6	1.666666667	2	1
5	23	2	0	2	5.666666667	0	1
5	24	2	0	4	3.333333333	1	1
5	25	1	100	4	3.333333333	1	1
5	26	3	0	6	1.666666667	1	1
5	27	3	160	5.666666667	1	3	1
5	28	3	0	6	1.333333333	3	1
5	29	3	0	6	2.333333333	2	1
5	30	1	30	4	4	3	1
5	31	3	30	6	1.333333333	2	1
5	32	2	134	5.666666667	1.333333333	NA	1
6	1	3	375	5	3.333333333	3	1
6	2	3	230	4	4	2	1
6	3	3	200	3.666666667	4.666666667	3	1
6	4	3	260	4	4	2	1
6	5	3	200	3	4.333333333	2	1
6	7	2	330	3	4.333333333	1	1
6	8	3	280	3	4	3	1
6	9	3	255	3	3	2	1
6	10	3	0	3	3	2	1
6	11	2	230	3	3.666666667	2	1
6	12	2	180	3.333333333	4.333333333	3	1
6	13	2	150	3	3.333333333	2	1
6	14	2	0	3.666666667	3	3	1
6	15	1	250	3.333333333	4	3	1
6	16	2	200	3.333333333	3.666666667	3	1
6	17	3	200	3	4.333333333	1	1
6	18	2	0	3.333333333	3.666666667	2	1
6	19	2	1000	3.666666667	3.333333333	2	1
6	20	2	1230	3	3.333333333	1	1
6	21	2	45	2	5	2	1
6	22	3	260	2.666666667	3.333333333	2	1
6	23	3	0	3.666666667	3.666666667	3	1
6	24	3	45	3.333333333	4.333333333	3	1
6	25	3	450	2	5	1	1
6	26	3	335	2.333333333	4	3	1
6	27	2	550	2.666666667	3.666666667	1	1
6	28	2	550	3	4	2	1
6	29	2	1280	3	4	2	1
6	30	3	735	3	3	2	1
6	31	3	0	3	3	2	1
6	32	3	495	4.666666667	2	NA	1
7	2	4	2250	5.666666667	1	4	1
7	3	4	28	6	1	2	1
7	4	4	9	6	1	0	1
7	5	4	1260	6	1.333333333	4	1
7	6	4	1380	6	1	4	1
7	7	4	720	6	1	0	1
7	8	4	180	6	1	2	1
7	9	4	1740	6	1	4	1
7	10	4	1620	6.666666667	1	4	1
7	11	4	540	6	1	4	1
7	12	4	90	6	1	4	1
7	13	4	990	6.333333333	1	0	1
7	14	4	730	6	1.333333333	4	1
7	15	4	1380	6	1	2	1
7	16	4	720	6	1	0	1
7	17	4	240	6	1	4	1
7	18	4	630	6	1	4	1
7	19	4	1050	6	1	4	1
7	20	4	90	6	1	4	1
7	21	4	630	6	1	4	1
7	22	3	240	6	1	4	1
7	23	4	780	6	1	1	1
7	24	4	660	6	1	3	1
7	25	4	730	6.333333333	1	2	1
7	26	4	1080	6	1	4	1
7	27	4	300	6	1	4	1
7	28	4	90	6	1	1	1
7	29	2	640	6	1	1	1
7	30	4	90	6	1	4	1
7	31	4	0	6	1	4	1
7	32	4	90	6.333333333	1	NA	1
8	1	3	30	6.666666667	1	3	1
8	2	4	180	6.333333333	1	2	1
8	3	4	390	6.666666667	1	2	1
8	4	4	150	6	1	4	1
8	5	4	930	6.666666667	1	1	1
8	6	3	420	7	1	1	1
8	7	3	480	5.666666667	1.666666667	3	1
8	8	4	465	6.333333333	1	4	1
8	9	4	330	5.666666667	1	4	1
8	10	4	115	7	1	4	1
8	11	4	510	6.666666667	1	4	1
8	12	3	240	7	1	4	1
8	13	4	510	7	1	0	1
8	14	4	270	7	1	4	1
8	15	3	330	6.333333333	1.333333333	3	1
8	16	4	280	6.666666667	1.666666667	3	1
8	17	4	140	6	1	4	1
8	18	3	510	7	1	3	1
8	19	4	200	7	1	3	1
8	20	4	510	7	1	2	1
8	21	4	510	6.666666667	1	2	1
8	22	2	210	6.666666667	1.333333333	1	1
8	23	4	900	7	1.333333333	2	1
8	24	4	240	6	1	2	1
8	25	4	240	7	1	3	1
8	26	4	460	6.333333333	1	2	1
8	27	4	330	7	1	3	1
8	28	4	510	7	1	4	1
8	29	4	510	7	1	4	1
8	30	4	510	6.333333333	1.333333333	3	1
8	31	3	280	6	1	3	1
8	32	3	190	7	1	NA	1
9	1	3	90	3.666666667	3	1	1
9	2	2	135	5.666666667	1.333333333	0	1
9	3	4	210	3	1.666666667	2	1
9	4	3	180	5.333333333	1.333333333	2	1
9	5	3	150	5.666666667	1	3	1
9	6	3	270	5.666666667	2	4	1
9	7	2	90	5	2	3	1
9	8	2	210	5.333333333	1	0	1
9	9	4	135	5.333333333	1	1	1
9	10	3	510	4.666666667	1	3	1
9	11	3	135	5.666666667	1.333333333	2	1
9	12	1	195	5.333333333	3	3	1
9	13	3	180	3	3.333333333	3	1
9	14	4	460	5.666666667	1.333333333	4	1
9	15	3	210	5.666666667	1	2	1
9	16	3	120	5.666666667	1.333333333	3	1
9	17	3	150	5	1.666666667	1	1
9	18	3	150	4.666666667	2.666666667	0	1
9	19	3	120	5.666666667	1.333333333	1	1
9	20	3	120	4.333333333	1.333333333	2	1
9	21	3	210	3.666666667	4.333333333	2	1
9	22	4	135	4.666666667	2.333333333	3	1
9	23	3	90	3.666666667	1	1	1
9	24	3	60	5	1	3	1
9	25	2	240	6	1	4	1
9	26	4	360	6	1.333333333	1	1
9	27	3	360	6	1.666666667	2	1
9	28	3	270	5	1.333333333	2	1
9	29	3	180	5	1.666666667	3	1
9	30	4	120	6	1	2	1
9	31	4	180	5.666666667	1	3	1
9	32	1	1260	4.333333333	1	NA	1
10	1	3	165	4.666666667	1.333333333	3	1
10	2	4	950	4.333333333	1	2	1
10	3	2	185	5.666666667	1	2	1
10	4	2	925	6	1	3	1
10	5	3	810	4.333333333	4	2	1
10	6	2	0	4	2.666666667	2	1
10	7	3	0	1.666666667	4	4	1
10	8	4	525	4.333333333	1.333333333	3	1
10	9	3	120	5	1.333333333	3	1
10	10	3	75	5	1	4	1
10	11	3	635	4.666666667	1.333333333	2	1
10	12	3	120	5	1.666666667	3	1
10	13	3	0	3.333333333	1.333333333	3	1
10	14	3	120	2.666666667	1.666666667	3	1
10	15	2	930	2.666666667	1.666666667	4	1
10	16	4	145	4	2.333333333	4	1
10	17	3	120	4.666666667	1	4	1
10	18	3	0	6	1	4	1
10	19	3	80	3.666666667	1	3	1
10	20	3	0	2.333333333	5	1	1
10	21	3	120	3.333333333	2	2	1
10	22	3	890	3.666666667	1.333333333	3	1
10	23	3	105	4.333333333	1.333333333	3	1
10	24	3	105	5	1.333333333	4	1
10	25	2	930	6.666666667	1	3	1
10	26	3	270	4.666666667	1.666666667	2	1
10	27	3	255	3.333333333	5	3	1
10	30	2	120	4	2	3	1
10	31	3	105	4	2	4	1
10	32	2	120	5.666666667	1.666666667	NA	1
11	2	3	180	4.333333333	2.333333333	2	1
11	3	2	140	5	3.666666667	2	1
11	5	2	1860	4.333333333	3.666666667	2	1
11	6	2	255	5	3	1	1
11	7	3	280	5	2.333333333	1	1
11	8	3	180	4	2.666666667	1	1
11	9	3	280	5.333333333	2.666666667	1	1
11	10	3	775	5	1.666666667	0	1
11	13	3	1560	5	2	0	1
11	15	3	930	4.666666667	2	0	1
11	19	3	1020	5	2.333333333	0	1
11	20	3	600	4.666666667	2.333333333	0	1
11	21	3	930	5	2.666666667	2	1
11	23	3	840	4	2.666666667	0	1
11	26	4	180	1	5.333333333	0	1
11	27	2	1860	4	3	0	1
11	28	3	2760	3	5.666666667	0	1
11	29	3	330	1	7	2	1
11	30	3	930	2.666666667	4.666666667	2	1
11	31	3	525	3.666666667	4.666666667	0	1
12	1	3	200	6.333333333	1	3	1
12	2	3	780	6	1	3	1
12	3	2	180	6	1	3	1
12	4	4	990	6	1	3	1
12	5	4	460	6	1	3	1
12	6	4	1170	6	1	3	1
12	7	2	300	6	1	3	1
12	8	4	930	6	1	3	1
12	9	3	560	6	1	3	1
12	10	4	360	5.666666667	1	3	1
12	11	4	1110	6.333333333	1.333333333	3	1
12	12	4	180	6	1	3	1
12	13	3	1220	5.666666667	1.333333333	3	1
12	14	3	1100	7	1	3	1
12	15	3	1200	5.666666667	1.333333333	3	1
12	16	3	340	5.666666667	1	2	1
12	17	3	1000	5.333333333	1.333333333	3	1
12	18	4	420	7	1	4	1
12	19	4	510	6.666666667	1	3	1
12	20	3	180	6	1	3	1
12	21	4	360	6	1	3	1
12	22	3	390	5.666666667	2	3	1
12	23	3	180	5.666666667	1	2	1
12	24	3	360	6	1	3	1
12	25	3	420	7	1	3	1
12	26	3	600	6	1	3	1
12	27	3	300	5	1.666666667	1	1
12	28	3	720	6	1	3	1
12	29	3	900	6	1	3	1
12	30	3	390	5	1.666666667	3	1
12	31	3	1090	6	1	3	1
12	32	3	900	6	1	NA	1
14	1	2	435	3.333333333	4.666666667	3	1
14	2	2	570	3	4.666666667	2	1
14	3	2	60	3	3.333333333	2	1
14	4	2	480	3.333333333	4	2	1
14	5	2	0	2.333333333	3.666666667	0	1
14	6	2	1260	2.666666667	4	1	1
14	7	3	0	3.333333333	2.666666667	2	1
14	8	4	720	3	2.666666667	3	1
14	9	3	0	2.666666667	4.333333333	2	1
14	10	4	630	2.666666667	2.333333333	3	1
14	11	2	540	2.333333333	4	2	1
14	12	3	600	2.333333333	2.666666667	2	1
14	13	3	0	2.666666667	3	3	1
14	14	4	0	3	2	3	1
14	15	4	740	2.666666667	5.666666667	1	1
14	16	3	0	2.666666667	3.333333333	3	1
14	17	3	180	3.333333333	3.666666667	1	1
14	18	4	0	3	2.666666667	2	1
14	19	4	390	2.333333333	3	2	1
14	20	4	0	2.666666667	3.333333333	3	1
14	21	4	0	3	3	3	1
14	22	3	180	3	3	2	1
14	23	3	300	3.666666667	3.666666667	3	1
14	24	3	0	2.333333333	4.333333333	3	1
14	25	3	405	2.333333333	5	1	1
14	26	3	540	2.666666667	4.333333333	2	1
14	27	4	0	2.333333333	2.666666667	3	1
14	28	4	90	2	4	3	1
14	29	3	0	1.666666667	4	3	1
14	30	3	360	2	4.666666667	2	1
14	31	3	0	3	4.333333333	4	1
14	32	2	180	4.666666667	3.666666667	NA	1
15	1	3	130	4.333333333	2	3	1
15	2	3	125	4.333333333	2	2	1
15	3	2	390	4.666666667	1.333333333	3	1
15	4	3	150	5.333333333	1.333333333	4	1
15	5	3	510	5	1.333333333	2	1
15	6	4	135	5	1.666666667	2	1
15	7	3	495	2.666666667	2.666666667	2	1
15	8	3	210	2	4.666666667	1	1
15	9	4	340	6	3.333333333	3	1
15	10	2	315	4.666666667	2	3	1
15	11	4	150	4.666666667	2.333333333	3	1
15	12	3	600	3.666666667	2.333333333	2	1
15	13	4	120	1.666666667	4.333333333	1	1
15	14	3	90	4.666666667	2.333333333	3	1
15	15	4	135	4	2.666666667	3	1
15	16	4	90	5.666666667	1.333333333	4	1
15	17	3	570	4.333333333	2	0	1
15	18	2	555	3	3.333333333	2	1
15	19	3	570	2	3.333333333	1	1
15	20	3	490	1.666666667	4.333333333	1	1
15	21	3	335	1.666666667	4.333333333	2	1
15	22	2	645	5.333333333	2.333333333	3	1
15	23	2	135	1.666666667	3.666666667	2	1
15	24	1	90	1.333333333	4.333333333	2	1
15	25	4	855	5	2	2	1
15	26	NA	0	NA	NA	0	1
15	27	4	90	5.333333333	2	3	1
15	28	4	690	6	2.333333333	3	1
15	29	4	90	4	2.666666667	3	1
15	30	4	150	6	1.333333333	1	1
15	31	4	60	4	2.666666667	3	1
15	32	3	150	6.333333333	1.333333333	NA	1
16	3	4	255	4	2.666666667	3	1
16	4	3	510	4	3	1	1
16	5	2	480	4	2.666666667	4	1
16	6	3	180	4	3	3	1
16	7	3	1080	3.666666667	3.333333333	1	1
16	8	3	510	3	3.666666667	1	1
16	9	3	720	3.666666667	3	0	1
16	10	3	180	4	2.333333333	3	1
16	11	3	360	3.666666667	3.666666667	2	1
16	12	3	360	3	4	1	1
16	13	3	0	3.333333333	4	3	1
16	14	2	180	3	3.666666667	3	1
16	15	2	360	4	3.333333333	2	1
16	16	2	90	4.333333333	2.333333333	3	1
16	17	2	360	3.666666667	2.666666667	0	1
16	18	3	360	3.333333333	3	0	1
16	19	4	0	3.666666667	3	1	1
16	20	3	180	3.333333333	3.333333333	4	1
16	21	3	0	3	4	2	1
16	22	3	540	3.333333333	2.666666667	0	1
16	23	3	0	2.333333333	4.666666667	0	1
16	24	3	0	3.666666667	2.333333333	1	1
16	25	2	180	4	2.333333333	0	1
16	26	3	0	3.333333333	3	1	1
16	27	3	360	4	2.666666667	2	1
16	28	3	0	3.333333333	3.333333333	1	1
16	29	3	0	3.666666667	3	3	1
16	30	3	360	4	2.666666667	1	1
16	31	3	0	4	3.333333333	3	1
16	32	2	360	5	2	NA	1
17	1	3	270	4	2	2	1
17	2	2	100	1	2.333333333	1	1
17	3	2	330	1.666666667	2.333333333	1	1
17	4	2	435	1.333333333	1	1	1
17	5	3	30	2	1.333333333	2	1
17	6	3	30	2.333333333	1	3	1
17	7	3	450	1.333333333	1	0	1
17	8	3	480	2	1	2	1
17	9	3	45	2.666666667	1	0	1
17	10	3	60	2.666666667	1	2	1
17	11	2	825	2.666666667	1	2	1
17	12	3	60	1	1	2	1
17	13	3	45	1	2	2	1
17	14	3	180	2.333333333	1	2	1
17	15	1	30	1	4.333333333	2	1
17	16	1	330	1	3.333333333	2	1
17	17	3	60	1.333333333	1.333333333	2	1
17	18	4	135	5	1.666666667	1	1
17	19	1	60	1	2	0	1
17	20	2	180	1	3	1	1
17	21	3	45	3	1.666666667	2	1
17	22	3	135	2.666666667	1.666666667	1	1
17	23	4	105	1.333333333	2.333333333	1	1
17	24	3	30	2	1.666666667	1	1
17	25	3	465	2	2.666666667	4	1
17	26	3	180	3.333333333	1	0	1
17	27	3	180	1.333333333	1.666666667	1	1
17	28	3	330	2.333333333	1	2	1
17	29	3	45	1.666666667	2	2	1
17	30	1	135	3	1.333333333	2	1
17	31	3	60	1.333333333	2.333333333	1	1
17	32	3	180	5.666666667	1	NA	1
19	1	3	180	4.333333333	3.333333333	2	1
19	2	2	345	4	5.333333333	1	1
19	3	2	425	5.666666667	2.666666667	4	1
19	4	4	468	5.666666667	2	3	1
19	5	4	90	6	1.666666667	3	1
19	6	4	90	6	1	3	1
19	7	4	90	3.333333333	6.333333333	3	1
19	8	1	270	4	1.666666667	0	1
19	9	3	540	5.333333333	1	2	1
19	10	3	420	6	2	4	1
19	11	3	540	4	1.333333333	1	1
19	12	4	270	6	1	3	1
19	13	4	180	4.666666667	1.666666667	3	1
19	14	3	180	4	3	2	1
19	15	1	270	1	5	3	1
19	16	4	285	4.666666667	1.666666667	3	1
19	17	2	435	5.666666667	1.666666667	3	1
19	18	4	180	6	1	3	1
19	19	3	250	6	1.333333333	3	1
19	20	2	180	6	1.333333333	3	1
19	21	3	163	4	2.666666667	3	1
19	22	2	285	4.666666667	3.333333333	2	1
19	23	3	270	6	1.666666667	3	1
19	24	2	150	4	4	3	1
19	25	2	135	1	5	2	1
19	26	4	360	6	1	3	1
19	27	4	270	5.333333333	1.333333333	2	1
19	28	4	180	6.666666667	1	3	1
19	29	4	270	6	1.5	3	1
19	30	1	270	1	2.333333333	3	1
19	32	1	360	3	3	NA	1
20	1	3	599	1.666666667	6.333333333	1	1
20	2	2	1030	6	1	3	1
20	3	2	1520	5.333333333	2	1	1
20	4	2	295	1	6.666666667	2	1
20	5	1	60	2	2.666666667	0	1
20	6	3	480	5	2.333333333	1	1
20	7	3	130	2	3	4	1
20	8	3	890	5	1	4	1
20	9	1	400	5.666666667	2	3	1
20	10	2	190	5.333333333	1	1	1
20	11	4	1000	6	1	1	1
20	12	4	1320	6	1.333333333	4	1
20	13	1	1380	2	6	1	1
20	14	2	665	1	6	4	1
20	15	2	320	6	1.666666667	3	1
20	16	3	940	4.666666667	1	3	1
20	17	4	780	6.333333333	1	0	1
20	18	3	1140	7	1	0	1
20	19	1	300	4	2.333333333	3	1
20	20	4	1980	7	1	1	1
20	21	1	30	1	6	2	1
20	22	3	1250	2	4	3	1
20	23	1	400	1	1	3	1
20	24	3	320	6	1	1	1
20	25	2	320	4.666666667	5.666666667	3	1
20	26	2	660	4	3.333333333	4	1
20	27	3	610	5	3	0	1
20	28	2	240	1	3.666666667	4	1
20	29	4	240	6	1.333333333	0	1
20	30	2	130	1.666666667	5	3	1
20	31	2	110	1.333333333	6.666666667	2	1
20	32	2	480	1.333333333	6	NA	1
21	3	4	600	4.333333333	4	1	1
21	5	3	205	5	3	1	1
21	6	4	180	3.333333333	3.666666667	3	1
21	7	3	690	3.333333333	3.333333333	2	1
21	8	3	240	3	3.333333333	3	1
21	9	4	330	3.666666667	3.333333333	2	1
21	10	3	330	3	2.666666667	3	1
21	11	3	0	2.666666667	3	1	1
21	12	3	90	3	3	2	1
21	13	3	180	3	3	2	1
21	14	3	0	2	2	2	1
21	15	3	0	2	2	1	1
21	16	4	0	3	3	0	1
21	17	4	90	3	3	1	1
21	18	4	90	2	2	1	1
21	21	3	90	2	2	1	1
21	22	4	90	3	3	1	1
21	23	3	0	2	2	1	1
21	24	4	60	2	2	4	1
21	25	3	60	2	2	2	1
21	26	4	60	3	3	2	1
21	27	4	0	3	3	2	1
21	28	4	60	2	2	2	1
21	29	3	60	2	2	2	1
21	30	4	60	2	2	2	1
21	31	4	60	3	3	1	1
21	32	3	0	6	6.333333333	NA	1
22	1	4	60	6.333333333	1	3	1
22	2	4	460	6.333333333	1	3	1
22	3	4	1140	7	1	4	1
22	4	3	840	4.666666667	1.666666667	3	1
22	5	3	960	6	1	2	1
22	6	4	1560	7	1	3	1
22	7	3	720	7	1	4	1
22	8	4	330	6.666666667	1	3	1
22	9	4	900	7	1	3	1
22	10	4	1050	5	2	3	1
22	11	2	750	6	1	2	1
22	12	4	660	6.666666667	1	4	1
22	13	4	480	7	1	3	1
22	14	1	540	5	1.333333333	2	1
22	15	4	180	5.666666667	1.666666667	3	1
22	16	4	560	6	1	4	1
22	17	4	780	6	1	4	1
22	18	3	840	6	2	4	1
22	19	2	540	6	1.333333333	3	1
22	20	4	570	6	1	4	1
22	21	4	450	6.333333333	1	3	1
22	22	4	750	7	1	3	1
22	23	3	600	6	1	3	1
22	24	3	480	5	1.333333333	3	1
22	25	2	960	6.666666667	1	4	1
22	26	3	360	6.333333333	1	3	1
22	27	4	360	6.333333333	1	4	1
22	28	4	540	6	1.666666667	3	1
22	29	4	480	6	1	3	1
22	30	4	540	6.333333333	1	3	1
22	31	4	270	5	2	3	1
22	32	3	1290	6.333333333	1	NA	1
23	1	4	130	5.666666667	2	2	1
23	2	3	615	3.333333333	2.333333333	3	1
23	3	4	165	4	2.333333333	2	1
23	4	4	930	5	1.666666667	3	1
23	5	3	1470	6	1.333333333	3	1
23	6	2	960	6	1.333333333	4	1
23	7	4	120	4.333333333	4	1	1
23	8	4	240	2.666666667	4.333333333	1	1
23	9	4	700	2.666666667	4.666666667	3	1
23	10	4	330	4.666666667	1.333333333	3	1
23	11	4	420	4	1	2	1
23	12	3	700	2.666666667	3	2	1
23	14	3	530	3.666666667	3.666666667	3	1
23	15	3	310	1	6.333333333	4	1
23	16	3	220	2.666666667	3.333333333	3	1
23	17	2	570	2	5.333333333	2	1
23	18	2	420	3	3.333333333	3	1
23	19	3	660	4.333333333	1.666666667	3	1
23	21	2	350	6	1.666666667	3	1
23	22	3	340	5	1.666666667	3	1
23	23	3	870	4.333333333	1.333333333	3	1
23	25	3	240	2	5.333333333	2	1
23	26	2	240	4.333333333	1.666666667	3	1
23	27	4	210	2	4	2	1
23	28	4	285	5.333333333	2	3	1
23	29	4	645	5.333333333	1.333333333	3	1
23	30	3	480	3.666666667	2	3	1
23	31	3	730	5	2.666666667	2	1
23	32	2	600	5.666666667	1.333333333	NA	1
24	1	1	100	2	5	3	1
24	2	3	150	3	4.666666667	0	1
24	3	3	225	2	3.333333333	0	1
24	4	1	3	2	4	1	1
24	5	2	300	2	4	2	1
24	6	1	1200	1	6	0	1
24	7	2	280	1.333333333	6	0	1
24	8	3	120	4.333333333	3.333333333	3	1
24	9	3	75	4	2.666666667	3	1
24	10	3	180	3.666666667	2.333333333	3	1
24	11	3	0	1.666666667	4.666666667	1	1
24	12	3	0	1	4.666666667	2	1
24	13	1	0	1	7	1	1
24	14	3	0	1	7	1	1
24	15	1	540	1	7	4	1
24	16	3	0	5	1.333333333	3	1
24	17	3	0	6	1.333333333	2	1
24	18	3	0	4	1.333333333	1	1
24	19	3	250	5	2	1	1
24	20	3	150	2	3.666666667	1	1
24	21	NA	0	1.666666667	6.333333333	1	1
24	22	2	0	1.666666667	5	1	1
24	23	3	0	1.333333333	5.666666667	1	1
24	24	3	0	1.666666667	6.666666667	2	1
24	25	1	0	1	6.333333333	1	1
24	26	3	0	1.666666667	6	1	1
24	27	1	0	2.333333333	5	0	1
24	28	3	0	3	2	1	1
24	29	3	0	5	2	3	1
24	30	2	0	4	2.333333333	1	1
24	31	3	0	4.666666667	2	3	1
24	32	1	0	6.333333333	1.333333333	NA	1
25	1	4	480	4.666666667	2.666666667	3	1
25	2	4	1470	4.666666667	2.666666667	3	1
25	3	4	180	3.666666667	2.666666667	1	1
25	4	4	180	5.666666667	1	2	1
25	5	4	180	5.333333333	2.333333333	3	1
25	6	4	240	5.333333333	2.666666667	3	1
25	7	4	180	4.666666667	2	3	1
25	8	4	180	6	1.333333333	1	1
25	9	4	90	6	1.666666667	2	1
25	10	4	180	6	1.333333333	3	1
25	11	3	330	5.666666667	2.333333333	3	1
25	12	3	510	5.666666667	1.666666667	3	1
25	13	3	570	5.666666667	1.333333333	3	1
25	14	4	1560	6	1	3	1
25	15	4	480	4	1.666666667	3	1
25	16	4	180	4	2.666666667	3	1
25	17	4	180	5.666666667	1.333333333	3	1
25	18	4	180	4	1.666666667	3	1
25	19	3	360	4	1.333333333	3	1
25	20	4	180	5.666666667	1	3	1
25	21	1	180	3.666666667	3.333333333	2	1
25	22	3	360	5	1.666666667	2	1
25	23	4	480	5.333333333	1.333333333	3	1
25	24	4	270	4.666666667	2.333333333	3	1
25	25	2	180	5.666666667	1.666666667	3	1
25	26	2	720	4	2	2	1
25	27	4	180	5.666666667	1.666666667	3	1
25	28	4	90	4.333333333	2	3	1
25	29	3	90	5.333333333	2.333333333	3	1
25	30	3	180	5	1.666666667	3	1
25	31	4	90	4.333333333	2.666666667	3	1
25	32	4	90	6	2.666666667	NA	1
26	1	2	90	6	2	1	1
26	2	3	270	5.666666667	1.666666667	2	1
26	3	NA	NA	NA	NA	2	1
26	4	2	660	6.666666667	1.666666667	1	1
26	5	3	690	5.333333333	2.666666667	3	1
26	6	3	1380	6	1	2	1
26	7	3	1410	5.333333333	2.333333333	1	1
26	8	2	1230	6.666666667	1	2	1
26	9	2	1620	5.666666667	2	2	1
26	10	3	1590	6.666666667	1	2	1
26	11	2	840	6.333333333	2	2	1
26	12	3	660	6	1.333333333	3	1
26	13	3	2100	7	1	1	1
26	14	2	1020	4.333333333	2	1	1
26	15	2	2550	6	1.666666667	2	1
26	16	3	1440	6	1	2	1
26	17	3	2340	6.333333333	1	2	1
26	18	3	2550	6.666666667	1.666666667	0	1
26	19	2	2220	6.333333333	2.666666667	1	1
26	20	2	3360	6.5	1	2	1
26	21	1	2520	5.333333333	2.333333333	2	1
26	22	2	1320	7	2	2	1
26	23	2	1020	6.333333333	2	1	1
26	24	1	690	5	3	0	1
26	25	1	2250	2.666666667	4.333333333	0	1
26	26	2	3960	7	1	0	1
26	27	1	3840	6.666666667	1.333333333	0	1
26	28	3	840	4	3.666666667	2	1
26	29	3	1680	4.333333333	3	1	1
26	30	3	2580	6.666666667	2.333333333	2	1
26	31	3	3060	6	1.333333333	0	1
26	32	3	2070	7	1	NA	1
27	1	4	350	3	3.666666667	3	1
27	2	4	415	4.666666667	2.333333333	3	1
27	3	2	375	4.666666667	2.333333333	3	1
27	4	2	365	4.333333333	3	3	1
27	5	3	30	5.333333333	1.333333333	4	1
27	6	3	0	2	5	3	1
27	7	3	300	5	1.666666667	3	1
27	8	3	300	2.333333333	5	3	1
27	9	3	360	5	1.333333333	2	1
27	10	3	390	5	1	3	1
27	11	4	300	5	1	3	1
27	12	4	300	5	1.666666667	3	1
27	13	1	0	3.333333333	4	3	1
27	14	1	0	4.666666667	1.666666667	3	1
27	15	4	270	3.666666667	4.333333333	3	1
27	16	1	270	2	4.666666667	3	1
27	17	4	270	2.666666667	5.666666667	3	1
27	18	4	270	3	5.333333333	2	1
27	19	4	300	5	1.333333333	3	1
27	20	4	360	4.333333333	2.666666667	2	1
27	21	4	300	3.333333333	5.333333333	3	1
27	22	4	270	5	1	2	1
27	23	4	330	5	1	3	1
27	24	4	0	5	2	3	1
27	25	4	270	5	1	2	1
27	26	3	270	4.333333333	1.333333333	2	1
27	27	3	360	5	1.333333333	2	1
27	28	3	270	3	4.333333333	2	1
27	29	4	270	4.333333333	2.333333333	2	1
27	30	3	360	3	4.333333333	2	1
27	31	3	270	5	2.333333333	2	1
27	32	3	330	4.666666667	1	NA	1
28	4	4	300	6	2	2	1
28	5	3	630	5	1	3	1
28	6	3	150	5.333333333	1.666666667	3	1
28	7	3	450	5	3.333333333	1	1
28	8	4	540	5.333333333	1	2	1
28	9	3	740	6.666666667	2.333333333	3	1
28	12	4	465	5	1.666666667	1	1
28	13	4	245	5.666666667	1	3	1
28	14	3	247	6.333333333	1	4	1
28	16	4	150	4.333333333	1	4	1
28	17	4	840	5	1	4	1
28	18	3	225	4.666666667	1.333333333	3	1
28	19	4	200	2.666666667	1.333333333	2	1
28	20	3	350	1	3	3	1
28	21	3	200	4.666666667	1	3	1
28	22	3	0	5	1	3	1
28	23	3	0	5	1	2	1
28	24	4	360	6	1	4	1
28	25	3	175	6	1.333333333	3	1
28	26	2	435	3	2.333333333	1	1
28	27	2	300	1.666666667	2.333333333	2	1
28	28	3	0	3.666666667	3	3	1
28	29	3	0	2.333333333	3.333333333	2	1
28	30	4	180	5.333333333	1	3	1
28	31	3	120	5.666666667	1	2	1
28	32	3	540	3.333333333	1.666666667	NA	1
30	6	4	330	4	4.666666667	2	1
30	7	1	240	2.666666667	5	3	1
30	9	4	545	3.333333333	4.666666667	0	1
30	10	4	90	2.333333333	5.666666667	1	1
30	11	3	450	3.333333333	3	2	1
30	13	4	90	2.333333333	3	3	1
30	14	3	340	2.666666667	4.333333333	3	1
30	15	2	400	3.666666667	3.333333333	4	1
30	16	4	110	2	4.333333333	2	1
30	17	4	335	4	2.333333333	4	1
30	18	4	190	4.666666667	2.666666667	2	1
30	19	3	15	1.666666667	5.666666667	0	1
30	20	4	90	3	4	1	1
30	21	4	90	1.666666667	5.333333333	3	1
30	22	3	310	3.333333333	3	3	1
30	23	4	140	2.666666667	5	2	1
30	25	3	760	7	2.333333333	4	1
30	27	4	830	4.333333333	4	3	1
30	28	4	250	3	4.666666667	2	1
30	29	4	325	2.666666667	3	3	1
30	30	3	620	2.666666667	3.333333333	2	1
30	31	4	300	2	4.666666667	2	1
31	1	3	235	3.333333333	3	2	1
31	2	2	855	3.666666667	3.333333333	2	1
31	3	3	240	4.333333333	3	3	1
31	4	3	300	4.666666667	3	1	1
31	5	3	210	4.666666667	2.666666667	1	1
31	6	3	235	4	2.333333333	2	1
31	7	2	325	5	2	3	1
31	8	3	765	5	3	2	1
31	10	3	615	5	2	3	1
31	11	3	705	5	3	3	1
31	12	3	570	4.333333333	2.666666667	3	1
31	13	3	165	3.333333333	4.666666667	2	1
31	14	3	235	4.333333333	3.333333333	3	1
31	15	3	825	4.666666667	2.333333333	3	1
31	16	3	235	2.666666667	3.333333333	3	1
31	17	3	255	2	4.666666667	0	1
31	18	3	110	2.666666667	4	1	1
31	19	3	235	2.666666667	4.333333333	2	1
31	20	3	190	4	3.666666667	3	1
31	21	3	210	3.333333333	3.666666667	3	1
31	22	3	970	4.333333333	2	3	1
31	23	3	135	4	2.333333333	3	1
31	24	3	135	2.666666667	4.333333333	2	1
31	25	3	255	6	2	3	1
31	26	3	210	4.333333333	3.333333333	2	1
31	27	3	210	4.333333333	2	3	1
31	28	3	185	5	2	4	1
31	30	3	235	4.333333333	5	2	1
31	32	3	505	4.666666667	4.333333333	NA	1
32	1	3	690	5.666666667	2	1	1
32	2	3	390	5	2.666666667	2	1
32	4	2	1350	4	4.666666667	1	1
32	5	3	60	2.666666667	3.666666667	2	1
32	6	2	240	4.333333333	6.333333333	2	1
32	7	3	70	5.333333333	4.666666667	2	1
32	9	1	210	5	3	1	1
32	10	3	160	3.333333333	5	2	1
32	11	3	790	6	5.333333333	1	1
32	12	3	60	3.666666667	6	2	1
32	14	2	30	2	6	2	1
32	15	3	60	3.666666667	5.666666667	2	1
32	16	3	90	2	4.333333333	3	1
32	18	3	540	3.333333333	3.666666667	1	1
32	19	1	30	1.666666667	7	1	1
32	21	3	45	2.333333333	4.666666667	1	1
32	22	3	60	2	4.333333333	2	1
32	23	3	30	2	4.333333333	2	1
32	24	3	60	1.666666667	5.333333333	2	1
32	25	3	60	4	4.333333333	1	1
32	26	3	60	3.333333333	5.666666667	1	1
32	27	3	110	2.666666667	4.333333333	2	1
32	28	3	60	2.666666667	5.666666667	1	1
32	29	3	60	2.333333333	4.666666667	2	1
32	30	3	60	5	4.333333333	1	1
32	31	3	0	2	5	2	1
32	32	2	60	5.666666667	4.333333333	NA	1
33	1	1	0	1	4.333333333	0	1
33	2	1	180	4	3.333333333	1	1
33	3	3	90	4	4	4	1
33	4	2	900	2.666666667	3.666666667	3	1
33	5	3	600	3.666666667	3	1	1
33	6	3	630	2	2	1	1
33	7	3	0	2.333333333	3	2	1
33	8	3	135	2	5.666666667	0	1
33	9	3	900	2.666666667	3.333333333	2	1
33	10	3	30	2	4.666666667	1	1
33	11	3	0	2.333333333	4	2	1
33	12	3	30	2	6.333333333	0	1
33	13	3	900	1.333333333	5	1	1
33	14	1	0	2.333333333	2	2	1
33	15	3	90	3	2.333333333	2	1
33	16	3	0	3	2.666666667	2	1
33	17	3	90	2.333333333	5	3	1
33	18	3	930	2.333333333	4	0	1
33	19	1	0	1	5.333333333	2	1
33	20	3	1980	2	5	1	1
33	21	3	90	1.333333333	6	2	1
33	22	3	120	2.333333333	4	3	1
33	23	3	945	2	5.333333333	1	1
33	24	3	60	1.666666667	3.666666667	2	1
33	25	3	900	3.333333333	2.333333333	4	1
33	26	3	150	2.666666667	3.333333333	1	1
33	27	3	510	2.666666667	3.333333333	1	1
33	28	3	0	2	3.666666667	1	1
33	29	3	0	2	2.666666667	2	1
33	30	3	280	2	3.333333333	2	1
33	31	3	0	2.666666667	2.666666667	1	1
33	32	3	95	3	2.666666667	NA	1
34	1	2	410	4.333333333	1.666666667	2	1
34	2	3	390	5.666666667	1.333333333	2	1
34	3	3	630	5.666666667	2	3	1
34	4	2	870	5.333333333	1.666666667	1	1
34	5	3	210	4	2	1	1
34	6	3	565	5	2	0	1
34	7	3	540	5.666666667	1.666666667	2	1
34	8	3	590	5	1.333333333	3	1
34	9	3	800	5.333333333	1	3	1
34	10	2	880	5.333333333	1.333333333	3	1
34	11	3	960	4.666666667	1	2	1
34	12	3	330	5.666666667	1.333333333	3	1
34	13	3	540	5.333333333	1.333333333	2	1
34	14	3	210	4.333333333	2.333333333	3	1
34	15	3	390	3.666666667	3.333333333	1	1
34	16	3	180	4.333333333	1.666666667	3	1
34	17	3	330	5.333333333	1	2	1
34	18	3	440	4.666666667	1.333333333	1	1
34	19	3	660	5.333333333	2	1	1
34	20	3	480	5.333333333	1.666666667	2	1
34	21	3	330	5.333333333	2	2	1
34	22	2	495	5.333333333	1.666666667	1	1
34	23	3	1290	5	2	0	1
34	24	3	465	5.666666667	2	2	1
34	25	3	645	5.333333333	3	2	1
34	26	3	490	5.333333333	1.333333333	2	1
34	27	3	870	6	1.666666667	2	1
34	28	2	180	3.666666667	2	3	1
34	29	3	330	5.333333333	1.666666667	3	1
34	30	2	280	5.666666667	1.333333333	1	1
34	31	2	1050	4.666666667	2	2	1
34	32	3	420	6	1	NA	1
35	1	NA	180	5	1.666666667	4	1
35	2	3	60	6.333333333	1	4	1
35	3	4	850	5.333333333	1.333333333	2	1
35	4	3	60	5.333333333	1.333333333	3	1
35	5	3	30	5	1.333333333	2	1
35	6	3	30	6	1	3	1
35	7	4	400	6	1.333333333	1	1
35	8	4	100	5.666666667	1.666666667	3	1
35	9	4	60	5.666666667	1.333333333	1	1
35	10	4	30	5.666666667	2	3	1
35	11	4	30	6	1	3	1
35	12	3	675	6	1	2	1
35	13	4	0	6.333333333	1.333333333	3	1
35	14	3	300	5.666666667	1	3	1
35	15	4	150	5.666666667	1	4	1
35	16	2	0	5	3.666666667	3	1
35	17	3	30	4	4.666666667	2	1
35	18	4	0	5.333333333	1.666666667	3	1
35	19	3	720	5.333333333	1.666666667	4	1
35	20	3	25	5.666666667	1.666666667	3	1
35	21	4	65	6	1.333333333	3	1
35	22	3	95	6	1	3	1
35	23	2	180	6	1	3	1
35	24	2	30	5.666666667	1	3	1
35	25	3	45	6	1	3	1
35	26	4	60	6	1	3	1
35	27	2	0	5.333333333	2.333333333	1	1
35	28	4	270	5.333333333	1.333333333	2	1
35	29	2	540	4.333333333	3	2	1
35	30	1	30	6	2	3	1
35	31	3	0	6	1.333333333	2	1
35	32	1	220	7	1	NA	1
36	1	3	360	2	5.666666667	0	1
36	2	3	190	1.333333333	6	2	1
36	3	2	360	2	5	2	1
36	4	2	1140	4.666666667	1.333333333	1	1
36	5	3	0	1.666666667	3.333333333	1	1
36	6	3	3	4.666666667	2.666666667	0	1
36	7	3	90	4.333333333	1.333333333	3	1
36	8	4	90	2.333333333	3.666666667	1	1
36	9	3	360	5.333333333	5	1	1
36	10	3	180	2	3.666666667	1	1
36	11	2	180	1.333333333	4	2	1
36	12	3	180	1.666666667	2.333333333	1	1
36	13	3	180	2.333333333	6.666666667	2	1
36	15	3	180	1	6.666666667	2	1
36	16	3	0	2	2.666666667	2	1
36	17	2	540	2	3	2	1
36	18	3	180	1.333333333	3.666666667	0	1
36	19	2	360	2	4.666666667	2	1
36	21	3	690	2.333333333	3.666666667	2	1
36	22	3	180	1.333333333	4	0	1
36	23	3	180	1.666666667	3.666666667	1	1
36	24	3	180	1.333333333	3.666666667	2	1
36	25	3	540	1.333333333	7	0	1
36	26	2	90	1	6.666666667	0	1
36	27	3	180	1.333333333	5	1	1
36	29	3	180	1	5.333333333	2	1
36	30	3	360	2	2	0	1
37	1	3	150	5.333333333	2	3	1
37	2	4	315	6	2.666666667	2	1
37	3	4	780	6	3	3	1
37	4	3	315	5	2.333333333	3	1
37	5	4	1020	4.666666667	2.666666667	2	1
37	6	4	2100	2	4.333333333	1	1
37	7	1	1185	5.333333333	3.666666667	1	1
37	8	4	575	4.333333333	3.666666667	2	1
37	9	4	510	6	1.333333333	3	1
37	10	3	180	5	1	2	1
37	11	2	615	5.666666667	2	3	1
37	12	3	180	5.333333333	1.333333333	2	1
37	13	3	240	5	1.666666667	3	1
37	14	4	120	5.666666667	2	4	1
37	15	3	210	3	3.666666667	3	1
37	16	3	240	4.333333333	2.666666667	2	1
37	17	3	360	5.333333333	2	4	1
37	18	3	1035	5.666666667	2.666666667	2	1
37	19	4	135	4	5	2	1
37	20	2	180	4	5.333333333	2	1
37	21	3	90	5.333333333	1.666666667	3	1
37	22	4	135	5.333333333	2	3	1
37	23	4	135	6	1.666666667	3	1
37	24	3	90	5.333333333	1.666666667	3	1
37	25	2	255	5	2.666666667	4	1
37	26	3	330	6	2.333333333	1	1
37	27	4	525	4.666666667	2.666666667	1	1
37	28	4	90	4	2.333333333	2	1
37	29	4	90	4.666666667	2	2	1
37	30	3	190	6.666666667	2.333333333	2	1
37	31	4	210	4	2.666666667	3	1
37	32	4	330	6	1.666666667	NA	1
38	1	3	120	5	2	3	1
38	2	2	270	4.333333333	3	2	1
38	3	3	510	5.333333333	2.666666667	2	1
38	4	1	200	3.333333333	2.666666667	1	1
38	5	2	180	5	3	2	1
38	6	3	90	6.333333333	1.333333333	3	1
38	7	4	0	7	1	4	1
38	8	3	120	4	2.666666667	1	1
38	9	1	210	3.333333333	2.333333333	3	1
38	10	4	180	3.333333333	2	3	1
38	11	3	180	4	2	2	1
38	12	3	30	4.333333333	2	3	1
38	13	3	240	5	2	3	1
38	14	3	0	5	1.333333333	4	1
38	15	1	300	1.333333333	7	4	1
38	16	4	180	4.666666667	1.333333333	3	1
38	17	1	120	6.333333333	1	4	1
38	18	3	180	6	1	3	1
38	19	3	60	5.666666667	1.333333333	3	1
38	20	3	360	4.333333333	1.666666667	3	1
38	21	3	30	1.666666667	2.333333333	3	1
38	22	2	90	2.333333333	4.333333333	3	1
38	23	4	270	4.333333333	3	2	1
38	24	3	180	2.333333333	2.666666667	2	1
38	25	3	540	5	2.333333333	3	1
38	26	3	45	2.333333333	4.666666667	2	1
38	27	3	180	4.666666667	1.666666667	2	1
38	28	3	45	1.666666667	4.333333333	1	1
38	29	4	180	4.666666667	1.666666667	3	1
38	30	2	150	5	2	3	1
38	31	3	180	3.666666667	1.666666667	3	1
38	32	2	240	6.666666667	1.333333333	NA	1
39	3	2	0	3.666666667	3	3	1
39	4	3	0	2.333333333	3	2	1
39	5	3	100	2	3	0	1
39	6	3	180	3	1.666666667	2	1
39	7	3	140	2.666666667	1.666666667	2	1
39	8	3	0	1.666666667	2.333333333	2	1
39	9	2	180	3.333333333	2	2	1
39	13	3	0	2	2.666666667	3	1
40	1	3	145	4	3	3	1
40	2	3	800	3.666666667	2.666666667	2	1
40	3	3	90	5.333333333	1.666666667	1	1
40	4	3	180	2.666666667	3.666666667	1	1
40	7	1	210	4.333333333	2.666666667	1	1
40	9	4	885	5	1.666666667	3	1
40	11	2	235	3	4.666666667	2	1
40	12	3	45	2.333333333	4.666666667	2	1
40	13	3	300	4.666666667	2	2	1
40	15	4	315	4.333333333	2.666666667	2	1
40	16	1	185	3.666666667	2	3	1
40	17	3	245	3	2.333333333	2	1
40	18	3	245	3.666666667	2.666666667	2	1
40	21	2	215	5	2.5	0	1
40	22	2	255	4.333333333	2	3	1
40	23	3	195	3	2.666666667	2	1
40	28	3	300	5	2	2	1
41	1	3	360	2.666666667	4.666666667	1	1
41	2	4	960	5.666666667	1.333333333	3	1
41	3	2	840	4.333333333	4.333333333	2	1
41	4	3	870	5	2	3	1
41	5	3	1860	3.666666667	5	3	1
41	6	3	180	6	1	4	1
41	7	2	1230	6	1	4	1
41	8	3	810	5	1.666666667	3	1
41	9	3	930	7	1	3	1
41	10	4	380	6.333333333	1	3	1
41	11	4	1010	5.333333333	1.666666667	3	1
41	12	4	150	4	4	0	1
41	13	4	1320	6	1	4	1
41	14	4	300	1.666666667	4.666666667	3	1
41	15	4	260	1	6.666666667	3	1
41	16	4	1230	5.666666667	1	3	1
41	17	3	580	5.333333333	1.333333333	3	1
41	18	3	0	5.333333333	1.333333333	4	1
41	19	4	90	4.666666667	1.333333333	2	1
41	20	3	1320	3.666666667	2.333333333	1	1
41	21	2	180	3.333333333	4	1	1
41	22	2	660	2	6.333333333	4	1
41	23	3	390	3.666666667	2.333333333	2	1
41	24	3	90	4	4	3	1
41	25	2	120	5.333333333	1	3	1
41	26	4	260	6	1	4	1
41	27	4	90	5.666666667	1	4	1
41	28	4	90	6	1	3	1
41	29	4	0	5.333333333	1	3	1
41	30	4	180	6	1.333333333	2	1
41	31	4	150	6.666666667	1.333333333	3	1
41	32	4	90	6.333333333	1	NA	1
42	1	3	475	4.333333333	1.666666667	1	1
42	2	3	205	5	1.666666667	2	1
42	3	4	700	3.333333333	1	2	1
42	4	2	0	2.333333333	2	1	1
42	5	3	160	2	1	1	1
42	6	2	640	2	1.666666667	1	1
42	7	2	30	2.333333333	1.666666667	1	1
42	8	2	640	2	1.333333333	2	1
42	9	2	840	2	1	2	1
42	10	2	730	1	2.333333333	2	1
42	11	2	730	2.333333333	1.333333333	3	1
42	12	2	820	2	1.333333333	1	1
42	13	2	640	5	1	1	1
42	14	3	640	1	5	1	1
42	15	3	90	1	6	0	1
42	16	3	90	1	7	1	1
42	17	3	110	1.333333333	3.333333333	2	1
42	18	3	1450	2	1.666666667	2	1
42	19	3	190	1	1.333333333	1	1
42	20	3	30	1	2.666666667	1	1
42	21	3	1000	1	5.666666667	1	1
42	22	3	140	2	1.333333333	2	1
42	23	3	0	1	3	0	1
42	24	2	0	1	2.333333333	0	1
42	25	2	90	1	3	2	1
42	26	2	0	1	3	1	1
42	27	2	0	1.666666667	2.666666667	1	1
42	28	2	1680	1.333333333	1.333333333	2	1
42	29	3	1860	1.333333333	2.333333333	2	1
42	30	3	90	3	5	0	1
42	31	3	90	1	3.666666667	0	1
42	32	2	1260	4	2.333333333	NA	1
43	1	3	90	4.666666667	1.333333333	3	1
43	2	2	75	5	2	1	1
43	3	2	150	5	1.666666667	3	1
43	4	3	120	4.333333333	4.666666667	2	1
43	5	2	2100	3.333333333	5	2	1
43	6	3	60	6	1	2	1
43	7	2	60	5	1.666666667	1	1
43	8	3	90	5	2.333333333	1	1
43	9	2	120	5	1.333333333	2	1
43	10	3	60	6	1	3	1
43	11	2	90	5	2	3	1
43	12	3	660	5	1	2	1
43	13	3	90	5	1.333333333	3	1
43	14	3	90	5	1.666666667	3	1
43	15	2	90	4	3.666666667	2	1
43	16	3	60	3	4.333333333	1	1
43	17	2	90	4	3.666666667	1	1
43	18	2	60	3	3.666666667	1	1
43	19	2	60	3.666666667	3.333333333	2	1
43	20	2	60	3	3	1	1
43	21	2	60	3	3	1	1
43	22	2	90	2	3.666666667	1	1
43	24	2	60	5	1.333333333	1	1
43	25	2	90	4	2.666666667	1	1
43	26	2	660	3	2.333333333	1	1
43	28	2	30	3	2.333333333	1	1
43	29	2	75	3	3	1	1
43	30	3	60	3	3.666666667	1	1
43	31	2	60	3	3	2	1
43	32	2	90	3	3.333333333	NA	1
44	5	2	330	5	2.666666667	2	1
44	7	3	420	4	4	1	1
44	8	3	150	4.333333333	1.666666667	3	1
44	9	3	420	5.333333333	2.666666667	3	1
44	10	3	420	5.666666667	2	3	1
44	11	4	360	2	4	0	1
44	13	3	0	4.666666667	3.333333333	1	1
44	14	3	420	4.333333333	3.333333333	2	1
44	15	1	0	2.666666667	3.666666667	0	1
44	18	3	0	4.333333333	4	3	1
44	20	3	0	4	3	2	1
44	22	3	0	4	2.666666667	2	1
44	23	3	300	5	4.333333333	3	1
44	24	3	0	4.666666667	3.666666667	3	1
44	25	2	0	3.333333333	3.666666667	2	1
44	26	3	150	4	3	2	1
44	27	2	300	5	2.333333333	2	1
44	29	3	0	4	2.666666667	3	1
44	30	3	0	3.333333333	3	3	1
44	31	3	0	6	2	3	1
45	1	4	0	4.666666667	2.333333333	4	1
45	2	4	0	5.666666667	2.333333333	3	1
45	3	2	0	3.666666667	4	3	1
45	4	2	1080	7	1	3	1
45	5	3	0	6	1.333333333	3	1
45	6	3	300	5	2	4	1
45	7	4	0	4.666666667	3.666666667	2	1
45	8	2	0	1	4.333333333	4	1
45	9	3	0	6	2.666666667	4	1
45	10	4	0	5	1.666666667	2	1
45	11	4	1080	1	6	2	1
45	12	2	0	1.666666667	6	1	1
45	13	2	0	2.333333333	4.666666667	1	1
45	14	2	0	2.666666667	4	2	1
45	15	2	0	4	2.333333333	2	1
45	16	3	0	4.666666667	2.666666667	4	1
45	17	2	0	1	5	2	1
45	18	3	0	2	5.333333333	2	1
45	19	3	0	4	4	2	1
45	20	2	0	4.333333333	3	2	1
45	21	2	0	4.333333333	3.666666667	2	1
45	22	3	0	1.666666667	5.333333333	0	1
45	23	3	0	3.333333333	3.333333333	2	1
45	24	3	0	1.333333333	4.333333333	1	1
45	25	2	0	7	1	1	1
45	26	2	1080	6	2.666666667	0	1
45	27	1	2550	5	2	2	1
45	28	2	0	4.666666667	2.333333333	1	1
45	29	2	0	4.666666667	2.666666667	2	1
45	30	3	0	7	1.333333333	4	1
45	31	3	0	6	1.666666667	4	1
45	32	3	0	6	1	NA	1
46	1	4	285	5.333333333	2.333333333	1	1
46	2	4	180	4.333333333	2.333333333	1	1
46	3	4	280	6.333333333	1.666666667	4	1
46	4	3	180	6.333333333	1	2	1
46	5	2	470	6.333333333	1.333333333	1	1
46	6	4	180	4.666666667	2.666666667	1	1
46	7	3	320	4.333333333	2.333333333	2	1
46	8	3	60	4.666666667	3	4	1
46	9	4	135	4.666666667	2	4	1
46	10	2	140	5.333333333	1.666666667	3	1
46	11	4	270	5.333333333	2	3	1
46	12	3	510	4.333333333	2.333333333	2	1
46	13	3	1260	5.333333333	1.333333333	1	1
46	14	4	240	3.666666667	3	3	1
46	15	4	60	2	5	3	1
46	16	2	60	2	6.333333333	4	1
46	17	3	90	4	3.666666667	2	1
46	18	3	360	4.666666667	2.666666667	1	1
46	19	3	180	4	2.666666667	3	1
46	20	4	180	4	3	4	1
46	21	4	180	4	3.333333333	3	1
46	22	3	60	4	2.333333333	3	1
46	23	3	0	4	3.333333333	4	1
46	24	4	60	3.666666667	3.333333333	3	1
46	25	4	90	3	4	4	1
46	26	4	360	3	3.333333333	2	1
46	27	4	180	4.666666667	2	3	1
46	28	4	180	3.333333333	4.666666667	3	1
46	29	4	180	4	2	3	1
46	30	2	135	4.666666667	2	3	1
46	31	3	135	4.666666667	2.333333333	4	1
46	32	2	90	5	1.333333333	NA	1
47	1	3	230	5.333333333	1.666666667	3	1
47	2	3	285	4.666666667	2.333333333	3	1
47	3	3	390	5	2	2	1
47	4	3	210	4.333333333	1.333333333	3	1
47	5	3	330	3.666666667	2.333333333	2	1
47	6	4	435	5.666666667	1	2	1
47	7	3	350	4.333333333	1	3	1
47	8	3	60	5.666666667	1	3	1
47	9	2	390	2.666666667	2	2	1
47	10	3	435	3	1.666666667	1	1
47	11	3	405	4.333333333	1	2	1
47	12	2	30	2.666666667	2	3	1
47	13	3	840	4	1	3	1
47	14	3	60	4	1	3	1
47	15	3	290	3	2.333333333	1	1
47	16	3	120	2.666666667	1.333333333	3	1
47	17	3	210	3.333333333	1	2	1
47	20	3	60	4.666666667	1	3	1
47	21	3	90	3.666666667	1.333333333	2	1
47	22	3	190	2.666666667	2.666666667	2	1
47	23	3	30	3.333333333	1.666666667	2	1
47	24	3	165	4	1.666666667	4	1
47	25	4	190	5.666666667	1	3	1
47	26	4	180	4	1	4	1
47	27	3	300	5.666666667	1	2	1
47	28	3	30	4.666666667	1	2	1
47	29	3	95	4	1	3	1
47	30	4	120	5.333333333	1.333333333	2	1
47	31	3	45	4	1.333333333	3	1
47	32	3	285	4.333333333	1	NA	1
48	2	4	220	5.333333333	2.333333333	3	1
48	3	3	300	4.666666667	1.666666667	4	1
48	5	4	120	5.333333333	2	3	1
48	6	4	95	5	2	4	1
48	7	4	100	4.666666667	2	2	1
48	8	4	140	6	2	2	1
48	9	3	95	3	2.666666667	3	1
48	10	4	50	4.666666667	1.666666667	1	1
48	12	4	245	4	1.333333333	2	1
48	13	4	0	3	2.666666667	2	1
48	14	4	95	4.666666667	1.333333333	3	1
48	15	3	125	4.333333333	2.666666667	3	1
48	16	4	110	3.333333333	2	3	1
48	17	4	150	4.666666667	2.666666667	3	1
48	18	4	0	5.666666667	1.666666667	2	1
48	19	4	90	2.333333333	2	4	1
48	20	4	100	5.333333333	1.666666667	3	1
48	21	3	60	4	1.333333333	2	1
48	22	4	90	5.333333333	1.333333333	4	1
48	23	4	90	4.333333333	3	3	1
48	24	2	60	3.666666667	3.333333333	3	1
48	25	1	160	5.666666667	1.666666667	2	1
48	26	4	45	4	2.333333333	2	1
48	27	4	0	3	2.666666667	3	1
48	28	4	60	4	2.666666667	2	1
48	29	4	0	4	2.333333333	3	1
48	30	4	60	4.666666667	3	3	1
48	32	3	90	7	1	NA	1
49	1	3	45	2.333333333	5.333333333	4	1
49	2	3	267	2.333333333	4.666666667	3	1
49	3	4	480	5.666666667	2.666666667	3	1
49	4	3	690	5.666666667	2	4	1
49	5	4	480	5.333333333	2.333333333	4	1
49	6	4	480	5	3	4	1
49	7	4	780	6	2.666666667	4	1
49	8	2	330	6	2	4	1
49	9	3	480	5	3	4	1
49	10	3	660	4.666666667	2.333333333	4	1
49	11	3	330	5	2	3	1
49	12	4	700	5	2.666666667	4	1
49	13	4	380	5.333333333	2.333333333	4	1
49	14	2	480	4.666666667	2	4	1
49	15	3	480	2	6.666666667	3	1
49	16	3	660	2	6	4	1
49	17	3	330	2	4	4	1
49	18	3	660	1	7	3	1
49	19	3	660	2	6	4	1
49	20	3	660	4.333333333	4	4	1
49	21	3	660	2	5	4	1
49	22	2	660	5	3.666666667	4	1
49	23	3	660	5	3	4	1
49	24	3	660	2	5	4	1
49	25	3	480	6	2.333333333	3	1
49	26	2	660	5	3	4	1
49	27	3	480	5	2	3	1
49	28	3	240	4	3	3	1
49	29	3	180	4	3	3	1
49	30	3	330	5	2	3	1
49	31	3	330	5	2.333333333	4	1
49	32	3	780	4.333333333	3	NA	1
50	1	3	290	4.666666667	2	1	1
50	2	3	540	4.333333333	1.333333333	1	1
50	3	3	0	5.333333333	1.666666667	2	1
50	4	3	0	4.666666667	1.666666667	0	1
50	5	3	0	4.666666667	2	1	1
50	6	3	0	5	1.333333333	2	1
50	7	3	0	4	1.666666667	1	1
50	8	3	0	4.666666667	1.333333333	2	1
50	9	3	0	4	1.666666667	2	1
50	10	3	0	5	1.666666667	2	1
50	11	3	0	4.666666667	1.333333333	2	1
50	12	NA	0	4.666666667	1	2	1
50	13	3	0	4.333333333	1.666666667	1	1
50	14	3	0	4	1.666666667	1	1
50	15	3	0	4	2	1	1
50	16	3	0	4	1	1	1
50	17	3	0	5.333333333	1.333333333	0	1
50	18	3	0	4	1.333333333	1	1
50	19	3	0	4	1.333333333	0	1
50	20	3	0	3.333333333	2	1	1
50	21	3	0	4	1.333333333	1	1
50	22	3	0	4	1	1	1
50	23	3	0	4	1	2	1
50	24	3	0	4	1	2	1
50	25	2	0	5.666666667	1	1	1
50	26	3	0	5.666666667	1.333333333	1	1
50	27	2	0	4	1.333333333	1	1
50	28	3	0	5.333333333	1	1	1
50	29	3	0	4	1	1	1
50	30	3	250	4.666666667	1.333333333	2	1
50	31	3	0	3.666666667	1.666666667	2	1
50	32	3	0	6	1.333333333	NA	1
51	1	4	450	2.666666667	6	3	1
51	2	3	470	3	5.666666667	3	1
51	3	3	90	2.666666667	6.666666667	2	1
51	4	3	450	3	4.666666667	3	1
51	5	3	360	3.333333333	4.333333333	3	1
51	6	3	345	2.666666667	4	2	1
51	7	3	90	3	3.333333333	4	1
51	8	3	90	2	4.666666667	3	1
51	9	3	420	2	4.666666667	2	1
51	10	2	260	1.333333333	5	2	1
51	11	2	30	1	5.333333333	0	1
51	12	4	60	1.666666667	6	3	1
51	13	3	60	1	6.333333333	2	1
51	14	3	60	3	5	3	1
51	15	2	410	2.666666667	5	2	1
51	16	2	60	1	3.666666667	3	1
51	17	2	60	1	6	2	1
51	18	3	330	2	6.333333333	2	1
51	19	2	60	1	5.333333333	0	1
51	20	3	480	2.333333333	4.666666667	2	1
51	21	4	390	1.666666667	2.666666667	2	1
51	22	3	60	2	4	2	1
51	23	3	300	1.333333333	4.666666667	2	1
51	24	2	30	2	5	2	1
51	25	2	345	1.333333333	6.333333333	2	1
51	26	3	0	1	6	2	1
51	27	4	360	2.333333333	6.333333333	2	1
51	28	2	90	2	6.666666667	2	1
51	29	3	270	1.333333333	4.666666667	3	1
51	30	3	60	1.666666667	5.333333333	2	1
51	31	1	3	1.333333333	5.333333333	3	1
51	32	1	60	4	5	NA	1
52	4	3	90	2.333333333	3	2	1
52	5	3	0	2.333333333	2.666666667	0	1
52	6	3	180	4.666666667	2.333333333	2	1
52	7	4	195	3	3.333333333	3	1
52	8	3	270	4	2	2	1
52	9	4	180	2.333333333	2.333333333	1	1
52	10	4	90	2.333333333	1.666666667	2	1
52	11	3	135	3	1.333333333	3	1
52	12	3	45	1.333333333	3.333333333	1	1
52	13	4	45	2.333333333	2.333333333	3	1
52	14	4	90	2	2.666666667	2	1
52	15	3	180	1.666666667	2.333333333	2	1
52	16	3	90	2.666666667	2.666666667	2	1
52	17	3	225	2.666666667	2	2	1
52	18	3	225	1.666666667	3	0	1
52	19	2	45	1	3.666666667	0	1
52	20	3	90	1.333333333	3.666666667	2	1
52	21	4	135	1.666666667	3.666666667	2	1
52	22	2	135	1.333333333	3.333333333	1	1
52	23	3	90	2.333333333	3.333333333	2	1
52	24	4	90	2.666666667	3	3	1
52	25	3	300	4	1.666666667	1	1
52	26	3	90	1	4.333333333	0	1
52	27	3	90	1	4	0	1
52	28	4	135	2.333333333	3	2	1
52	29	3	90	2	2.666666667	3	1
52	30	3	180	2	3	2	1
52	31	4	135	3	2	3	1
52	32	3	255	4.666666667	1.333333333	NA	1
53	1	4	360	5	2	0	1
53	2	3	330	6.333333333	1	4	1
53	3	3	165	6.666666667	1.333333333	3	1
53	4	4	210	6	1	3	1
53	5	4	90	7	1.666666667	4	1
53	6	2	250	5.333333333	5	2	1
53	7	3	30	6	2	3	1
53	8	3	110	6	1	3	1
53	9	2	140	6.333333333	1	2	1
53	10	4	160	6.666666667	1.333333333	3	1
53	11	4	230	6	1.666666667	3	1
53	12	4	60	7	1.333333333	4	1
53	13	3	110	4.666666667	2.333333333	3	1
53	14	4	140	6.333333333	1.333333333	3	1
53	15	4	95	6	1.666666667	3	1
53	16	4	90	6	1	3	1
53	17	4	215	6.666666667	1	2	1
53	18	3	220	5.666666667	1.666666667	2	1
53	19	4	280	6.666666667	2.333333333	1	1
53	20	4	30	6.333333333	1.333333333	2	1
53	21	4	90	5.333333333	1.666666667	2	1
53	22	4	140	6.666666667	1.333333333	1	1
53	23	4	30	5.666666667	2	2	1
53	24	4	30	1.333333333	5	2	1
53	25	4	200	5.666666667	1.666666667	3	1
53	26	4	90	6.333333333	1	1	1
53	27	4	260	6.333333333	1.333333333	3	1
53	28	4	90	7	1	2	1
53	29	4	90	6	1.333333333	3	1
53	30	4	60	2.666666667	6.333333333	2	1
53	31	4	30	4.666666667	2.333333333	2	1
53	32	4	280	7	1	NA	1
54	1	3	150	1.666666667	5.333333333	1	1
54	2	3	100	1.666666667	6	1	1
54	3	3	100	3.333333333	5.666666667	1	1
54	4	3	250	3.5	4	1	1
54	5	2	300	5	4.333333333	2	1
54	6	3	180	2.666666667	6	0	1
54	7	3	0	1.666666667	5.333333333	1	1
54	8	2	60	2.666666667	4	1	1
54	9	3	0	5.333333333	5	1	1
54	10	2	0	2	3.333333333	2	1
54	11	2	0	3.666666667	3.666666667	2	1
54	12	2	30	3	4	2	1
54	13	2	0	2.333333333	3.666666667	1	1
54	14	3	450	4.333333333	1.666666667	2	1
54	15	3	0	2	3	1	1
54	16	2	450	5	2	3	1
54	17	1	0	2	5.666666667	1	1
54	18	3	450	4	5.333333333	1	1
54	19	3	450	4	4	2	1
54	20	3	450	2.333333333	3	1	1
54	21	3	450	2	3.666666667	1	1
54	22	1	450	2.333333333	4.333333333	1	1
54	23	1	450	3.333333333	4.333333333	1	1
54	24	3	0	2	3.666666667	2	1
54	25	3	0	4.666666667	2	0	1
54	26	3	250	1.666666667	2.666666667	0	1
54	27	3	540	2	3.666666667	1	1
54	28	4	450	2	6	2	1
54	29	4	400	2	5.5	1	1
54	30	3	450	2	3.333333333	1	1
54	31	3	810	5	4	2	1
54	32	3	720	6.333333333	1	NA	1
55	1	3	435	6	1.333333333	3	1
55	2	3	140	5.333333333	1	2	1
55	3	3	595	5.666666667	1.333333333	3	1
55	4	4	348	6.333333333	1.333333333	3	1
55	5	4	230	5	1.666666667	1	1
55	6	4	60	6	1.333333333	2	1
55	7	3	60	5	2.333333333	3	1
55	8	4	510	5.666666667	1.666666667	3	1
55	9	3	157	6.333333333	1.333333333	3	1
55	10	3	465	4.666666667	1.666666667	3	1
55	11	3	155	5.666666667	1.333333333	3	1
55	12	3	365	5.666666667	1.333333333	3	1
55	13	4	75	5.333333333	1.666666667	3	1
55	14	3	315	5.333333333	1.666666667	4	1
55	15	2	375	6.333333333	1	3	1
55	16	3	110	5	1.333333333	3	1
55	17	3	140	5.666666667	1.666666667	3	1
55	18	3	205	4.333333333	2	2	1
55	19	3	310	4.666666667	2.333333333	2	1
55	20	3	45	5.666666667	1.666666667	2	1
55	21	3	205	5	2.333333333	3	1
55	22	3	475	5.666666667	2	2	1
55	23	3	340	5	1.666666667	2	1
55	24	3	45	4.333333333	1.666666667	3	1
55	25	2	60	6.333333333	1	2	1
55	26	3	80	5.666666667	1.333333333	2	1
55	27	3	275	5.666666667	2.333333333	2	1
55	28	4	300	4.666666667	2.333333333	3	1
55	29	3	170	4.333333333	2	2	1
55	30	2	85	4	3.333333333	2	1
55	31	3	55	4.333333333	3.333333333	2	1
55	32	2	60	6	2.333333333	NA	1
56	1	3	0	2	5	1	1
56	2	2	120	3.333333333	2	2	1
56	3	3	1050	2.333333333	2.666666667	0	1
56	4	3	640	4	1	3	1
56	5	3	90	2.333333333	4.666666667	1	1
56	6	4	540	3.666666667	1.333333333	3	1
56	8	3	540	4.333333333	1.333333333	3	1
56	11	3	0	1.333333333	4	0	1
56	12	3	0	2	3.666666667	2	1
56	13	1	75	1.666666667	5.333333333	2	1
56	14	2	90	3.333333333	3	3	1
56	15	3	690	3.333333333	1.666666667	4	1
56	16	3	0	1.666666667	4	3	1
56	17	3	210	2.333333333	1	2	1
56	18	4	120	1.333333333	4.666666667	0	1
56	19	4	45	2.333333333	2	1	1
56	20	3	90	2	2.333333333	3	1
56	21	3	0	1.666666667	5.333333333	2	1
56	22	1	720	3	1.666666667	2	1
56	24	3	160	1	6.333333333	0	1
56	25	3	45	1.333333333	3.333333333	1	1
56	26	2	0	2	3.666666667	2	1
56	27	3	90	2.666666667	5	2	1
56	28	2	0	2	3.666666667	2	1
56	29	3	135	2.333333333	2.333333333	2	1
56	30	2	180	2.666666667	1.666666667	1	1
56	31	2	100	1.333333333	3.666666667	0	1
56	32	1	270	4.333333333	2.333333333	NA	1
57	1	3	60	4.333333333	2.333333333	0	1
57	2	2	140	4.333333333	2.333333333	1	1
57	3	3	180	1.333333333	4.666666667	1	1
57	5	2	90	4	3	1	1
57	6	3	300	3.666666667	2.333333333	1	1
57	7	3	80	2.666666667	2	1	1
57	8	2	140	2	1.333333333	1	1
57	9	3	170	3.666666667	2.333333333	1	1
57	10	3	60	3.666666667	1.333333333	2	1
57	11	3	90	2	4	2	1
57	12	2	170	3	2.333333333	2	1
57	13	3	1020	1.333333333	3.666666667	1	1
57	14	1	0	1.333333333	3.333333333	1	1
57	15	2	90	2	3.666666667	1	1
57	16	3	90	3.333333333	1.666666667	2	1
57	17	3	150	3.333333333	1.666666667	2	1
57	18	3	120	4.333333333	4.666666667	1	1
57	19	4	1230	2.666666667	3	0	1
57	20	3	1380	3	2	0	1
57	21	NA	90	1.666666667	3	1	1
57	22	1	120	2.666666667	2.666666667	0	1
57	23	3	150	1.666666667	2.666666667	2	1
57	24	2	0	1	4	0	1
57	25	2	180	1.333333333	6	0	1
57	26	2	1770	2	3.333333333	0	1
57	27	3	1460	3.333333333	4	0	1
57	28	3	90	3	3	1	1
57	29	1	90	2.666666667	3.666666667	0	1
57	30	2	120	5	1.333333333	0	1
57	32	3	150	4.333333333	1.333333333	NA	1
58	1	3	90	3.666666667	5.666666667	0	1
58	2	4	60	3	2.666666667	2	1
58	3	2	160	4	5.333333333	1	1
58	4	3	360	6	2	2	1
58	5	3	505	5.333333333	3	1	1
58	6	1	260	6	3	3	1
58	7	4	220	2.666666667	3	2	1
58	8	2	300	3	3	2	1
58	9	1	390	3.666666667	3	2	1
58	10	2	405	3.333333333	2.666666667	2	1
58	11	1	90	4	3.666666667	2	1
58	12	2	810	5.666666667	2	4	1
58	13	3	555	5.333333333	2.333333333	2	1
58	14	2	100	2.333333333	3	3	1
58	15	3	100	3.333333333	2.666666667	2	1
58	16	2	405	5	2.666666667	2	1
58	17	2	200	5.333333333	2	3	1
58	18	3	200	3.666666667	1.666666667	2	1
58	19	3	720	2.333333333	2.666666667	1	1
58	20	2	870	3	2.333333333	2	1
58	21	3	270	3	2.666666667	2	1
58	22	3	1080	4.333333333	2	2	1
58	23	3	150	1.666666667	4.666666667	2	1
58	24	2	90	3.333333333	2.666666667	2	1
58	25	3	180	5	3.333333333	2	1
58	26	1	1350	1.666666667	5	0	1
58	27	4	0	2.666666667	3.666666667	3	1
58	28	1	0	2	4.666666667	2	1
58	29	3	60	2.666666667	3.666666667	2	1
58	30	1	90	4	3	2	1
58	31	4	0	4	2	2	1
58	32	3	150	3	3	NA	1
59	1	3	100	5	2.333333333	2	1
59	2	3	60	4.333333333	3.333333333	2	1
59	3	4	120	5	2	2	1
59	4	4	90	6	1.666666667	3	1
59	5	4	330	6	1	2	1
59	6	3	270	6	1.333333333	3	1
59	7	3	300	4.666666667	1.666666667	3	1
59	8	4	135	6	1	3	1
59	9	3	150	6	1	1	1
59	10	4	315	5	1	2	1
59	11	4	195	4.333333333	2.666666667	3	1
59	12	4	60	5	2.333333333	2	1
59	13	4	360	6	1.666666667	2	1
59	14	4	360	4.666666667	2.333333333	2	1
59	15	4	180	5	1	1	1
59	16	4	240	5	1.666666667	2	1
59	17	3	150	5	1.666666667	2	1
59	18	3	240	5	2.666666667	0	1
59	19	3	270	5	1	2	1
59	20	3	590	5	1	3	1
59	21	2	260	6	1.333333333	2	1
59	22	4	585	5.333333333	1.666666667	3	1
59	23	4	60	6	1.333333333	2	1
59	24	3	60	5	1	3	1
59	25	3	150	6.333333333	1	4	1
59	26	2	530	5.333333333	1.333333333	1	1
59	27	4	400	5	2	2	1
59	28	4	490	5	1.333333333	2	1
59	29	2	90	6.666666667	1.333333333	3	1
59	30	4	60	6	1	2	1
59	31	4	200	5	1	2	1
59	32	4	90	5.333333333	1	NA	1
60	1	2	45	5	2	2	1
60	2	3	555	5	3.333333333	3	1
60	3	3	110	6	1	3	1
60	4	2	450	3.666666667	4.666666667	0	1
60	5	3	155	5	2.666666667	2	1
60	6	3	110	5.333333333	2.333333333	3	1
60	7	3	215	5	2.333333333	3	1
60	8	3	300	5	1.333333333	3	1
60	9	3	780	4.666666667	4.333333333	2	1
60	10	3	345	5	2.333333333	3	1
60	11	3	305	4	3	2	1
60	12	3	440	5	2.666666667	2	1
60	13	3	1020	5	2.333333333	3	1
60	14	3	245	5	2	3	1
60	15	3	170	2	4.333333333	2	1
60	16	3	455	4.333333333	2	2	1
60	17	3	60	5.333333333	2	3	1
60	18	3	130	6	1	3	1
60	19	2	160	5	2.333333333	2	1
60	20	3	330	5.666666667	1.333333333	2	1
60	21	3	80	5	2	3	1
60	22	2	60	4.333333333	4	3	1
60	23	2	645	6	2	2	1
60	24	3	165	5	2	3	1
60	25	3	320	5	2.333333333	3	1
60	26	3	185	5.333333333	2	3	1
60	27	3	720	6	1	3	1
60	28	3	110	6	1.333333333	3	1
60	29	3	140	6	1.333333333	3	1
60	30	3	680	5	1.666666667	2	1
60	31	3	315	6	1	3	1
62	1	3	30	4.333333333	3.333333333	0	1
62	2	3	230	5	3.666666667	2	1
62	3	3	70	4.333333333	2.666666667	3	1
62	4	3	30	3.666666667	2.333333333	1	1
62	5	4	650	4.333333333	2	2	1
62	6	3	55	4.666666667	2	2	1
62	7	3	0	3.666666667	2	2	1
62	8	3	61	4.333333333	2	2	1
62	9	2	30	4.333333333	3	1	1
62	10	2	30	4.666666667	2.666666667	2	1
62	11	3	110	3.666666667	2.666666667	2	1
62	12	2	30	3	3.333333333	0	1
62	13	3	110	3.333333333	3	1	1
62	14	2	30	3	2.333333333	2	1
62	15	3	15	1.666666667	6	1	1
62	16	3	15	2.666666667	2.666666667	2	1
62	17	2	30	4	2	1	1
62	18	3	15	2.666666667	2.333333333	1	1
62	19	3	85	4	2.333333333	0	1
62	20	3	45	4.666666667	1.666666667	2	1
62	21	3	0	3	2	2	1
62	22	3	15	2.333333333	3.666666667	0	1
62	23	3	95	2.333333333	3.333333333	1	1
62	24	2	0	2	4	1	1
62	25	3	160	2.666666667	4.666666667	1	1
62	26	3	0	2	2.333333333	0	1
62	27	3	140	3.666666667	2.333333333	0	1
62	28	2	138	3	2.666666667	1	1
62	29	2	30	3.333333333	3	2	1
62	30	3	60	2.666666667	4	1	1
62	31	3	385	5	3.666666667	0	1
62	32	3	45	3.666666667	3.666666667	NA	1
63	1	2	380	3.666666667	4	2	1
63	2	2	180	5	3	2	1
63	3	2	120	3.666666667	4	0	1
63	4	2	150	3	4	1	1
63	5	3	180	3.333333333	4.666666667	0	1
63	6	2	0	2.333333333	4.333333333	1	1
63	7	2	0	2.333333333	5	1	1
63	8	2	90	4.333333333	3.333333333	2	1
63	9	2	0	3	5.333333333	2	1
63	10	2	0	2.333333333	5.333333333	1	1
63	11	2	0	3.333333333	5.333333333	1	1
63	12	2	0	2	5.666666667	1	1
63	13	3	120	3	5.333333333	2	1
63	14	3	0	4	5.333333333	2	1
63	15	1	0	2	5.333333333	2	1
63	16	3	0	3	5	2	1
63	17	3	0	5	3.666666667	3	1
63	18	4	0	4.666666667	2	2	1
63	19	4	90	3.666666667	4.333333333	2	1
63	20	4	90	2.333333333	5.333333333	2	1
63	21	3	0	4	5	2	1
63	22	1	90	3.333333333	5.333333333	2	1
63	23	4	60	4.333333333	4.666666667	2	1
63	24	4	120	4	4.333333333	2	1
63	25	3	90	6	2.666666667	2	1
63	26	4	60	3.333333333	5	2	1
63	27	4	90	3.333333333	5	2	1
63	28	3	90	3	5	2	1
63	29	3	45	2.666666667	5.333333333	1	1
63	30	1	45	1.666666667	5.666666667	1	1
63	31	2	0	1.666666667	4.666666667	1	1
63	32	3	0	4	2.666666667	NA	1
65	1	3	1350	5	3	1	1
65	2	3	315	5.333333333	1.666666667	1	1
65	3	4	1350	5.666666667	1	1	1
65	4	3	405	6	1.666666667	2	1
65	5	3	1620	4	1.333333333	2	1
65	6	4	100	6	1.666666667	0	1
65	7	4	0	5.666666667	1	0	1
65	8	4	1080	3.666666667	1.666666667	1	1
65	9	3	405	5.666666667	1.333333333	2	1
65	10	3	1170	6	1	2	1
65	11	3	180	6	1	2	1
65	12	3	1260	6.333333333	1.333333333	2	1
65	13	4	0	5.333333333	1	3	1
65	14	2	0	3.333333333	2.666666667	3	1
65	15	3	1170	2.666666667	2.666666667	1	1
65	16	3	0	5.333333333	1.333333333	3	1
65	17	3	1260	5	1.666666667	0	1
65	18	3	720	6	1	1	1
65	19	3	0	3.333333333	3	2	1
65	20	2	0	5.666666667	1.666666667	3	1
65	21	3	0	5	2	4	1
65	22	2	0	5	1	0	1
65	23	3	0	5.666666667	1.333333333	2	1
65	24	3	0	3	3.666666667	2	1
65	25	2	0	2.333333333	4	0	1
65	26	3	0	5.333333333	2.333333333	2	1
65	27	3	0	4.333333333	2	1	1
65	28	2	0	5.666666667	1	1	1
65	29	3	0	5.666666667	2	1	1
65	30	2	0	5	2	1	1
65	31	3	0	5.666666667	1.666666667	2	1
65	32	2	0	7	1	NA	1
66	1	4	930	6	1.333333333	3	1
66	2	4	960	6	1.333333333	4	1
66	3	4	660	6	1.333333333	4	1
66	4	4	510	6	1	3	1
66	5	4	915	6	1.333333333	2	1
66	6	4	2220	6.333333333	1	3	1
66	7	4	1380	6.333333333	1.333333333	2	1
66	8	4	2280	6.333333333	1	3	1
66	9	4	675	6	1.333333333	3	1
66	10	4	450	6.666666667	1	2	1
66	11	4	240	6	1	3	1
66	12	4	180	6	1	4	1
66	13	4	795	6	1	2	1
66	14	4	975	6	1	1	1
66	15	4	1300	6	1	3	1
66	16	4	720	6	1.333333333	3	1
66	17	4	675	6	1.333333333	3	1
66	18	4	1590	6	1	4	1
66	19	4	1680	6	1.333333333	2	1
66	20	4	870	6	1.333333333	4	1
66	21	4	540	6	1	4	1
66	22	4	1620	6.333333333	1	0	1
66	23	4	860	6	1	3	1
66	24	4	1140	6	1.333333333	1	1
66	25	4	975	6.666666667	1	4	1
66	26	4	795	6	1	3	1
66	27	4	2205	6	1	1	1
66	28	4	1740	6	1.333333333	2	1
66	29	4	870	6	1	4	1
66	30	4	360	6	1	4	1
66	31	4	510	6	1	4	1
66	32	4	795	7	1	NA	1
69	1	2	945	3	4.333333333	0	1
69	2	2	360	2.666666667	3.333333333	0	1
69	6	3	0	2.333333333	3.666666667	1	1
69	8	3	435	4.333333333	2.333333333	0	1
69	10	3	1440	4.666666667	2	1	1
69	25	1	180	1.333333333	5.666666667	1	1
69	26	3	90	1.666666667	6	0	1
69	27	1	0	2.666666667	3.333333333	1	1
69	28	2	90	1.333333333	2.666666667	1	1
69	29	2	0	2.666666667	3.333333333	1	1
69	30	3	225	4	1.666666667	1	1
70	5	3	120	5	1.333333333	3	1
70	6	2	190	5	3	3	1
70	7	4	270	5.333333333	1	4	1
70	8	4	110	4.333333333	4	3	1
70	9	4	975	5	1	2	1
70	10	3	90	5	1	3	1
70	11	3	90	5	1.666666667	4	1
70	12	4	150	5.333333333	1	4	1
70	13	3	60	4.666666667	3.666666667	2	1
70	15	2	160	4	4	2	1
70	16	3	60	5	1.666666667	4	1
70	17	4	160	5	1.666666667	2	1
70	18	4	90	4	4.666666667	2	1
70	19	3	360	5.333333333	1	3	1
70	20	4	250	5	1	3	1
70	21	4	30	4.333333333	1	3	1
70	22	4	60	5	1	2	1
70	23	4	135	4	1.333333333	2	1
70	24	3	45	4	1.333333333	3	1
70	25	2	45	4.666666667	5	3	1
70	26	4	90	3	5.666666667	3	1
70	27	4	60	4	3	2	1
70	28	3	45	4	3	3	1
70	29	2	200	3.666666667	1.666666667	3	1
70	30	4	120	2	6.333333333	2	1
70	31	3	90	4.333333333	2.666666667	3	1
71	2	3	240	4.666666667	2.333333333	2	1
71	3	4	0	5.333333333	2	0	1
71	5	4	0	4.333333333	3.666666667	0	1
71	6	4	300	5.333333333	2	3	1
71	7	4	180	5.333333333	2.666666667	3	1
71	8	3	180	5.333333333	2.666666667	1	1
71	9	3	270	4	3.333333333	1	1
71	10	3	0	4	3	1	1
71	11	3	195	4	3.666666667	2	1
71	12	3	0	2.333333333	4	2	1
71	13	3	0	3.333333333	4.333333333	2	1
71	14	3	90	2	4.333333333	3	1
71	15	2	135	3.666666667	4.666666667	3	1
71	16	3	0	4.333333333	3.666666667	3	1
71	17	1	150	5.333333333	1.666666667	4	1
71	18	4	180	4.666666667	3.333333333	0	1
71	19	4	180	3.333333333	3	0	1
71	20	3	60	4	3.333333333	2	1
71	21	3	60	3	2	2	1
71	22	3	145	4.333333333	2.666666667	2	1
71	23	4	90	3.333333333	2.666666667	2	1
71	24	3	0	3.333333333	3	2	1
71	25	3	90	5.333333333	1.666666667	2	1
71	26	4	0	4.333333333	2	1	1
71	27	4	0	4.333333333	2.333333333	2	1
71	28	4	165	4	1.666666667	3	1
71	29	4	90	4	2.333333333	3	1
71	30	3	90	4	3	1	1
71	31	2	0	2.666666667	2.333333333	3	1
71	32	3	190	5.666666667	1.333333333	NA	1
72	1	2	145	6	2.333333333	3	1
72	2	1	190	4	2.666666667	0	1
72	3	2	300	4.666666667	1.666666667	4	1
72	4	3	180	5.666666667	1.333333333	4	1
72	5	3	0	6	1.333333333	4	1
72	6	1	180	5.666666667	1.666666667	2	1
72	7	3	180	6	1	1	1
72	8	3	390	2.333333333	5.333333333	3	1
72	9	2	360	1.666666667	6.666666667	1	1
72	10	3	300	6.333333333	1	4	1
72	11	2	0	5.333333333	2	3	1
72	12	3	0	6.333333333	1	1	1
72	13	3	150	4	2	0	1
72	14	3	150	4	1	4	1
72	15	3	0	3.666666667	2	3	1
72	16	3	0	3	1.666666667	3	1
72	17	3	0	3	2	3	1
72	18	2	270	5.333333333	1	4	1
72	19	3	0	1.333333333	5.333333333	2	1
72	20	3	240	2.333333333	2.666666667	3	1
72	21	2	0	2.333333333	2	2	1
72	22	3	0	1.666666667	3.333333333	3	1
72	23	3	0	1	6.666666667	0	1
72	24	3	0	1.666666667	6.666666667	1	1
72	25	1	180	7	1	4	1
72	26	1	90	6	1	2	1
72	27	3	240	5	1	2	1
72	28	3	0	4.333333333	1.333333333	1	1
72	29	2	300	6	1	2	1
72	30	3	150	2.666666667	2	3	1
72	31	3	0	2	4.666666667	3	1
72	32	3	0	4.666666667	2.666666667	NA	1
73	2	1	870	5	4	2	1
73	3	2	100	4	3.666666667	0	1
73	4	2	760	5	3	2	1
73	5	2	120	5.333333333	2.333333333	2	1
73	6	2	180	5	3.666666667	0	1
73	7	3	190	3	3.333333333	3	1
73	8	1	130	2.333333333	5	0	1
73	9	2	190	3.666666667	4.666666667	0	1
73	10	2	240	5	2.333333333	3	1
73	11	2	285	2.333333333	5.666666667	0	1
73	12	3	330	2.333333333	4.666666667	1	1
73	13	2	300	5	2	3	1
73	14	2	480	1.333333333	5.333333333	2	1
73	15	3	210	1	7	0	1
73	16	3	250	1.333333333	4	2	1
73	17	3	450	4	5	2	1
73	18	4	340	2	7	0	1
73	19	3	330	5	3	2	1
73	20	3	390	3	2.666666667	2	1
73	21	3	200	1	6.333333333	0	1
73	22	3	550	1	6.666666667	0	1
73	23	1	170	1	6.333333333	1	1
73	24	3	170	2.333333333	6	2	1
73	25	3	280	4.666666667	3.333333333	2	1
73	26	3	310	2	6	2	1
73	27	1	240	2	5.333333333	0	1
73	28	1	190	1	6	1	1
73	29	1	220	2.333333333	3.333333333	3	1
73	30	2	360	1.666666667	6	2	1
73	31	2	240	1.333333333	6.333333333	1	1
73	32	1	2220	2.333333333	6.333333333	NA	1
75	1	3	145	5.666666667	2.333333333	2	1
75	2	4	180	5.333333333	2	3	1
75	3	4	1260	5.333333333	1.333333333	2	1
75	4	3	120	6.333333333	1	3	1
75	5	3	1195	6.333333333	1.333333333	2	1
75	6	4	135	6.333333333	1	3	1
75	7	4	60	7	1	3	1
75	8	3	105	7	1.333333333	3	1
75	9	3	120	7	1	2	1
75	10	4	115	7	1	2	1
75	11	3	150	7	1.333333333	1	1
75	12	4	1190	7	1	3	1
75	13	4	140	7	1	2	1
75	14	3	110	6.666666667	1	3	1
75	15	3	90	5.333333333	3	1	1
75	16	3	120	6.333333333	1	3	1
75	17	4	90	4.666666667	4.333333333	2	1
75	18	3	150	6.333333333	1.333333333	2	1
75	19	4	1240	7	1	3	1
75	20	3	120	6.333333333	1.333333333	3	1
75	21	4	90	7	1	3	1
75	22	2	120	6.333333333	2.666666667	2	1
75	23	3	135	6.333333333	1	2	1
75	24	4	1220	6.333333333	1.666666667	2	1
75	25	3	90	7	1	3	1
75	26	4	150	6.333333333	1.333333333	1	1
75	27	4	90	6.666666667	1	3	1
75	28	3	150	6	3.333333333	3	1
75	29	4	120	7	1	3	1
75	30	4	120	7	1	2	1
75	31	3	1190	6.666666667	1.666666667	1	1
75	32	4	150	7	2	NA	1
77	4	3	240	4.666666667	2	2	1
77	7	3	280	4.333333333	1.666666667	2	1
77	8	3	250	5.333333333	1.666666667	2	1
77	9	4	190	5.666666667	2.333333333	1	1
77	10	3	110	5.666666667	1.666666667	2	1
77	11	3	540	1.666666667	4.333333333	1	1
77	14	3	0	2.666666667	4.333333333	3	1
77	18	4	190	3	3.333333333	3	1
77	20	3	230	5	2.333333333	1	1
77	23	3	60	3.666666667	3.333333333	2	1
77	24	3	0	3.666666667	1.666666667	2	1
77	25	3	0	3.333333333	2.333333333	1	1
77	26	3	60	6.666666667	1	1	1
77	27	4	780	5	1.333333333	4	1
77	28	4	0	4.333333333	1.666666667	3	1
77	29	3	0	2.666666667	2	2	1
77	30	3	0	5.333333333	1.333333333	2	1
77	31	4	0	2.666666667	2.666666667	2	1
77	32	3	90	4.666666667	2.333333333	NA	1
79	3	3	0	4.666666667	3.666666667	1	1
79	4	3	230	5.333333333	1.666666667	2	1
79	5	3	360	4.333333333	3.333333333	0	1
79	6	3	3	6	1.666666667	1	1
79	7	NA	420	6.333333333	2.333333333	2	1
79	8	NA	120	5	1.666666667	2	1
79	9	3	90	3.666666667	4	1	1
79	10	3	120	3	5.333333333	2	1
79	11	2	60	4.333333333	2.666666667	2	1
79	12	3	0	3.666666667	3.666666667	0	1
79	13	3	0	5	2.333333333	3	1
79	14	3	180	2.666666667	4.666666667	1	1
79	15	3	0	4.666666667	2	2	1
79	16	3	0	3.333333333	3	3	1
79	17	3	0	5.666666667	1.666666667	3	1
79	18	4	0	4.666666667	2.333333333	1	1
79	19	4	0	4.666666667	3.666666667	3	1
79	20	4	0	4	2.666666667	1	1
79	21	4	0	4.333333333	2.333333333	3	1
79	22	3	0	5.666666667	1.333333333	1	1
79	23	3	0	3	4.666666667	1	1
79	24	3	190	4	2.666666667	3	1
79	25	3	185	4.333333333	3	3	1
79	26	4	0	2.666666667	4.333333333	0	1
79	27	4	0	4.333333333	2.333333333	2	1
79	28	3	0	3	3.333333333	1	1
79	29	4	0	4	2.333333333	2	1
79	30	1	0	4.333333333	2.666666667	1	1
79	31	3	230	2.666666667	3.666666667	1	1
79	32	1	190	5.333333333	1.666666667	NA	1
80	1	4	1140	6.333333333	1.333333333	2	1
80	2	3	990	6	4.333333333	3	1
80	3	4	1095	6	1.333333333	4	1
80	4	4	615	6	3.333333333	3	1
80	9	3	90	5	5.666666667	2	1
80	10	4	1245	6.666666667	5	3	1
80	11	4	660	7	3	3	1
80	14	4	1135	6	2.333333333	3	1
80	15	4	1245	6	4.333333333	3	1
80	17	NA	NA	7	1	4	1
80	19	4	1260	7	1.666666667	4	1
80	21	4	1755	7	1	3	1
80	22	4	1045	7	1	3	1
80	23	4	1145	7	1.666666667	3	1
80	24	4	765	7	1	4	1
80	25	4	900	6.666666667	4	4	1
81	1	3	270	5.333333333	3.666666667	2	1
81	2	4	90	4	4.666666667	2	1
81	4	2	465	3.666666667	6.5	3	1
81	5	2	537	3	5	1	1
81	7	3	465	5	2.333333333	3	1
81	8	3	385	4.666666667	3	2	1
81	9	3	540	3.666666667	3	2	1
81	10	2	150	3	5.333333333	4	1
81	11	3	0	2.333333333	4	2	1
81	12	4	45	3.333333333	4.666666667	2	1
81	13	4	570	4	2	3	1
81	14	4	270	2.666666667	2	2	1
81	15	4	595	3	2.333333333	2	1
81	16	3	270	1.666666667	5.666666667	2	1
81	17	1	45	1.666666667	6.333333333	0	1
81	18	3	0	1.666666667	5.666666667	3	1
81	19	3	0	1.666666667	6.666666667	2	1
81	20	3	0	2.666666667	3.666666667	2	1
81	21	2	270	2.333333333	3.666666667	2	1
81	22	3	330	2.666666667	3.666666667	2	1
81	23	3	330	2.333333333	3.333333333	2	1
81	24	4	345	2	6.666666667	3	1
81	25	4	315	2	6.333333333	0	1
81	26	4	315	2	6.333333333	2	1
81	27	3	315	1.333333333	6.333333333	3	1
81	28	3	20	2.333333333	6.666666667	3	1
81	29	3	0	2	6.666666667	3	1
81	30	2	330	5	3.666666667	2	1
81	31	2	345	4	4.333333333	2	1
81	32	3	370	4	3.333333333	NA	1
82	1	4	120	4.666666667	3	3	1
82	2	4	765	6	1.333333333	4	1
82	3	2	260	3	2.666666667	3	1
82	4	3	765	5.666666667	1.666666667	1	1
82	5	4	60	6	1	1	1
82	6	3	135	5.333333333	4	2	1
82	7	4	520	4.666666667	3.333333333	1	1
82	8	4	250	6	1	4	1
82	9	4	785	6	1	4	1
82	10	4	160	5	1.333333333	3	1
82	11	4	309	6	1.333333333	3	1
82	12	4	750	7	1	4	1
82	13	3	190	6	1.666666667	3	1
82	14	4	173	4	1	4	1
82	15	3	125	5.333333333	1	2	1
82	16	4	670	4.666666667	1.333333333	3	1
82	17	2	45	6.333333333	1	4	1
82	18	4	45	5.333333333	2	1	1
82	19	4	130	2.333333333	3.666666667	1	1
82	20	4	165	4.666666667	2	3	1
82	21	2	900	3	2	4	1
82	22	2	165	5.666666667	1	4	1
82	23	4	830	4.333333333	1	4	1
82	24	3	210	5	1.333333333	4	1
82	25	3	165	6.333333333	1	4	1
82	26	4	165	6.5	2.666666667	4	1
82	27	4	825	6	1.333333333	3	1
82	28	4	45	4.333333333	3.666666667	1	1
82	29	4	825	4.333333333	1	4	1
82	30	4	195	1	6.333333333	1	1
82	31	4	180	1.666666667	6	2	1
82	32	4	435	7	1	NA	1
