Survey Creation Date,Survey Completion Date,&quot;When you feel happy; how often do you think &quot;&quot;people will think I&#39;m bragging&quot;&quot;&quot;,&quot;When you feel happy; how often do you think &quot;&quot;this is too good to be true&quot;&quot;&quot;,When you feel happy; how often do you think about things that have not gone well for you,When you feel happy; how often do you remind yourself that these feelings won&#39;t last,When you feel happy; how often do you think about how hard it is to concentrate,When you feel happy; how often do you think about things that could go wrong,&quot;When you feel happy; how often do you think &quot;&quot;I don&#39;t deserve this&quot;&quot;&quot;,&quot;When you feel happy; how often do you think &quot;&quot;my streak of luck is going to end soon&quot;&quot;&quot;,Felt happy,Felt content,Felt excited,Felt sad,Felt depressed,Felt nervous,Felt determined,Felt attentive,Felt alert,Felt inspired,Felt active,Felt afraid,Felt upset,Felt ashamed,Felt hostile,Felt worried frequently,Felt that worry is difficult to stop or control,Felt that worry is interfering with your life
2/11/2016 7:25,NA,NA,NA,NA,NA,NA,NA,NA,NA,NA,NA,NA,NA,NA,NA,NA,NA,NA,NA,NA,NA,NA,NA,NA,NA,NA,NA
2/10/2016 19:43,NA,NA,NA,NA,NA,NA,NA,NA,NA,NA,NA,NA,NA,NA,NA,NA,NA,NA,NA,NA,NA,NA,NA,NA,NA,NA,NA
2/10/2016 15:26,2/10/2016 15:32,18,14,24,15,8,32,5,9,28,32,56,9,17,32,59,62,57,55,69,7,21,24,3,22,6,14
2/10/2016 11:11,NA,NA,NA,NA,NA,NA,NA,NA,NA,NA,NA,NA,NA,NA,NA,NA,NA,NA,NA,NA,NA,NA,NA,NA,NA,NA,NA
2/10/2016 7:52,NA,NA,NA,NA,NA,NA,NA,NA,NA,NA,NA,NA,NA,NA,NA,NA,NA,NA,NA,NA,NA,NA,NA,NA,NA,NA,NA
2/9/2016 19:48,2/9/2016 20:28,18,2,2,20,3,8,5,9,39,58,28,8,11,31,61,64,75,23,26,25,25,30,7,28,37,41
2/9/2016 15:41,2/9/2016 17:07,7,13,9,9,14,12,10,5,27,26,22,42,24,26,33,6,10,10,7,5,32,27,4,27,19,11
2/9/2016 11:25,NA,NA,NA,NA,NA,NA,NA,NA,NA,NA,NA,NA,NA,NA,NA,NA,NA,NA,NA,NA,NA,NA,NA,NA,NA,NA,NA
2/9/2016 7:39,2/9/2016 9:27,2,3,17,8,10,10,4,6,54,51,44,10,17,55,55,64,56,21,28,6,11,19,2,28,23,18
2/8/2016 19:51,2/9/2016 1:18,13,3,16,9,2,26,10,11,33,56,9,9,2,38,70,58,36,14,25,8,18,28,4,28,25,17
2/8/2016 15:09,2/8/2016 21:47,17,7,23,44,13,7,5,32,54,18,17,39,12,26,70,20,25,11,12,6,57,31,8,62,21,20
2/8/2016 11:24,2/8/2016 13:07,0,0,18,0,0,0,0,0,31,2,8,67,8,73,38,27,18,0,15,11,77,65,17,76,74,55
2/8/2016 7:43,2/8/2016 7:53,0,0,0,0,0,0,0,0,19,3,0,60,6,73,43,62,69,4,0,14,80,73,30,80,67,40
2/7/2016 19:13,2/7/2016 22:16,0,0,0,0,0,0,0,0,45,20,21,17,8,34,55,54,63,21,37,53,61,11,31,43,22,0
2/7/2016 15:25,NA,NA,NA,NA,NA,NA,NA,NA,NA,NA,NA,NA,NA,NA,NA,NA,NA,NA,NA,NA,NA,NA,NA,NA,NA,NA,NA
2/7/2016 11:13,NA,NA,NA,NA,NA,NA,NA,NA,NA,NA,NA,NA,NA,NA,NA,NA,NA,NA,NA,NA,NA,NA,NA,NA,NA,NA,NA
2/7/2016 7:56,2/7/2016 8:39,0,2,4,6,0,21,0,0,25,46,74,0,0,58,55,58,70,65,60,3,15,16,15,0,3,0
2/6/2016 19:24,2/6/2016 23:00,0,0,0,0,0,10,0,4,72,35,70,3,0,62,7,60,65,8,23,61,11,0,0,55,11,0
2/6/2016 15:07,2/6/2016 16:14,0,0,0,24,0,28,0,0,62,56,73,0,0,73,62,55,69,11,56,0,15,20,5,57,23,0
2/6/2016 11:12,2/6/2016 11:17,0,0,0,17,0,12,0,16,74,65,59,21,0,0,56,63,61,57,56,0,27,42,0,0,0,0
2/6/2016 7:35,2/6/2016 8:13,0,0,0,15,0,0,0,10,26,26,55,16,14,60,23,28,27,3,10,6,52,8,5,45,15,0
2/5/2016 19:50,2/5/2016 20:21,0,0,0,16,0,0,0,0,77,78,72,0,0,0,75,67,65,70,72,0,0,0,0,0,0,0
2/5/2016 15:09,2/5/2016 17:36,0,0,0,0,0,0,0,0,58,55,52,0,0,69,46,57,59,57,42,9,9,27,0,62,15,0
2/5/2016 11:29,2/5/2016 12:25,0,10,0,0,0,0,0,0,60,63,50,0,0,0,63,77,76,9,64,0,0,0,0,0,0,0
2/5/2016 7:27,2/5/2016 8:05,0,0,0,0,0,0,0,0,17,50,0,0,0,41,68,68,71,0,50,5,9,21,0,21,0,0
2/4/2016 19:15,2/4/2016 19:18,0,0,0,8,0,0,0,0,50,79,14,8,0,0,27,31,23,28,19,0,0,8,0,0,0,0
2/4/2016 15:53,2/4/2016 18:02,8,0,0,0,0,0,0,0,20,44,0,15,18,11,23,64,50,0,56,0,19,18,0,17,0,0
2/4/2016 11:34,NA,NA,NA,NA,NA,NA,NA,NA,NA,NA,NA,NA,NA,NA,NA,NA,NA,NA,NA,NA,NA,NA,NA,NA,NA,NA,NA
