Survey Creation Date,Survey Completion Date,&quot;When you felt happy; how often did you think &quot;&quot;my streak of luck is going to end soon&quot;&quot;&quot;,&quot;When you felt happy; how often did you think &quot;&quot;I don&#39;t deserve this&quot;&quot;&quot;,When you felt happy; how often did you think about things that could go wrong,When you felt happy; how often did you think about things that have not gone well for you,When you felt happy; how often did you remind yourself these feelings won&#39;t last,&quot;When you felt happy; how often did you think &quot;&quot;this is too good to be true&quot;&quot;&quot;,When you felt happy; how often did you think about how hard it is to concentrate,&quot;When you felt happy; how often did you think &quot;&quot;people will think I&#39;m bragging&quot;&quot;&quot;,Felt worried frequently,Felt that worry is difficult to stop or control,Felt that worry is interfering in your life,Felt happy,Felt content,Felt excited,Felt sad,Felt depressed,Felt nervous,Felt determined,Felt attentive,Felt alert,Felt inspired,Felt active,Felt afraid,Felt upset,Felt ashamed,Felt hostile
4/25/2016 16:38,NA,NA,NA,NA,NA,NA,NA,NA,NA,NA,NA,NA,NA,NA,NA,NA,NA,NA,NA,NA,NA,NA,NA,NA,NA,NA,NA
4/25/2016 12:29,NA,NA,NA,NA,NA,NA,NA,NA,NA,NA,NA,NA,NA,NA,NA,NA,NA,NA,NA,NA,NA,NA,NA,NA,NA,NA,NA
4/25/2016 8:43,4/25/2016 8:46,5,12,7,12,11,2,12,10,37,41,50,10,23,64,58,50,50,35,35,56,58,55,20,37,50,30
4/24/2016 20:24,NA,NA,NA,NA,NA,NA,NA,NA,NA,NA,NA,NA,NA,NA,NA,NA,NA,NA,NA,NA,NA,NA,NA,NA,NA,NA,NA
4/24/2016 16:41,4/24/2016 19:50,8,15,10,8,14,15,13,10,38,61,66,17,7,8,37,60,88,48,53,11,16,12,9,8,11,9
4/24/2016 12:23,4/24/2016 15:06,54,0,12,13,7,0,6,12,75,65,61,26,0,0,50,56,50,54,50,54,9,12,6,1,6,17
4/24/2016 8:12,4/24/2016 9:40,12,9,13,9,4,5,7,15,62,53,63,9,6,32,63,60,11,61,56,5,11,6,2,12,9,7
4/23/2016 20:16,4/23/2016 20:19,7,15,7,8,9,7,1,6,63,65,58,7,28,23,58,64,33,62,72,15,16,6,14,4,18,21
4/23/2016 16:28,4/23/2016 19:41,13,8,8,11,11,18,12,11,75,58,56,25,14,17,14,21,16,66,62,27,9,9,12,20,14,13
4/23/2016 12:09,NA,NA,NA,NA,NA,NA,NA,NA,NA,NA,NA,NA,NA,NA,NA,NA,NA,NA,NA,NA,NA,NA,NA,NA,NA,NA,NA
4/23/2016 8:26,NA,NA,NA,NA,NA,NA,NA,NA,NA,NA,NA,NA,NA,NA,NA,NA,NA,NA,NA,NA,NA,NA,NA,NA,NA,NA,NA
4/22/2016 20:22,NA,NA,NA,NA,NA,NA,NA,NA,NA,NA,NA,NA,NA,NA,NA,NA,NA,NA,NA,NA,NA,NA,NA,NA,NA,NA,NA
4/22/2016 16:17,4/22/2016 16:18,9,5,9,0,7,3,12,9,62,14,65,9,0,44,59,61,65,68,70,15,4,19,16,14,15,6
4/22/2016 12:49,NA,NA,NA,NA,NA,NA,NA,NA,NA,NA,NA,NA,NA,NA,NA,NA,NA,NA,NA,NA,NA,NA,NA,NA,NA,NA,NA
4/22/2016 8:48,4/22/2016 10:01,12,12,20,15,14,18,17,2,66,67,64,12,11,28,61,63,69,49,66,20,8,11,16,21,6,23
4/21/2016 20:35,4/21/2016 20:38,14,8,1,6,12,7,8,2,54,50,13,17,0,18,2,50,9,56,50,4,6,20,3,29,11,12
4/21/2016 16:13,4/21/2016 17:07,0,0,7,9,0,0,0,4,66,71,69,3,0,4,64,56,51,73,68,7,7,0,14,14,2,11
4/21/2016 12:11,4/21/2016 16:01,8,15,11,6,8,6,4,4,61,66,61,16,29,16,61,58,66,44,70,11,10,13,41,16,11,2
4/21/2016 8:09,4/21/2016 9:00,8,14,10,11,9,11,12,12,64,62,62,31,24,46,63,57,58,16,59,36,17,18,23,33,18,12
4/20/2016 20:30,4/20/2016 21:50,9,13,12,19,15,6,13,9,75,59,67,18,18,23,71,70,62,58,82,22,16,0,15,18,9,21
4/20/2016 16:25,4/20/2016 16:26,31,7,18,21,12,19,21,8,56,34,31,16,12,18,60,50,64,60,65,21,16,28,36,16,5,42
4/20/2016 12:11,NA,NA,NA,NA,NA,NA,NA,NA,NA,NA,NA,NA,NA,NA,NA,NA,NA,NA,NA,NA,NA,NA,NA,NA,NA,NA,NA
4/20/2016 8:15,4/20/2016 10:20,0,7,2,0,10,6,2,4,58,58,56,19,25,62,39,37,56,36,58,24,35,12,29,19,2,17
4/19/2016 20:18,NA,NA,NA,NA,NA,NA,NA,NA,NA,NA,NA,NA,NA,NA,NA,NA,NA,NA,NA,NA,NA,NA,NA,NA,NA,NA,NA
4/19/2016 16:19,4/19/2016 16:38,20,13,8,1,5,22,7,15,76,70,50,22,35,15,67,72,69,81,75,28,23,24,13,30,16,14
4/19/2016 12:35,4/19/2016 13:19,5,0,7,3,14,12,24,12,71,64,76,31,26,62,81,67,66,65,80,4,19,4,27,22,14,10
4/19/2016 8:22,4/19/2016 9:14,1,2,4,2,33,0,1,9,36,71,57,25,36,60,30,72,35,36,33,61,36,50,28,43,41,44
4/18/2016 16:20,4/18/2016 16:40,53,7,18,9,0,7,0,0,16,17,13,19,40,40,34,35,41,15,20,34,36,42,58,44,38,53
4/18/2016 12:37,4/18/2016 12:49,40,0,19,5,0,13,0,0,60,26,23,66,58,73,61,59,65,8,34,27,69,27,65,77,64,18
