Survey Creation Date,Survey Completion Date,&quot;When you feel happy; how often do you think &quot;&quot;people will think I&#39;m bragging&quot;&quot;&quot;,&quot;When you feel happy; how often do you think &quot;&quot;this is too good to be true&quot;&quot;&quot;,When you feel happy; how often do you think about things that have not gone well for you,When you feel happy; how often do you remind yourself that these feelings won&#39;t last,When you feel happy; how often do you think about how hard it is to concentrate,When you feel happy; how often do you think about things that could go wrong,&quot;When you feel happy; how often do you think &quot;&quot;I don&#39;t deserve this&quot;&quot;&quot;,&quot;When you feel happy; how often do you think &quot;&quot;my streak of luck is going to end soon&quot;&quot;&quot;,Felt happy,Felt content,Felt excited,Felt sad,Felt depressed,Felt nervous,Felt determined,Felt attentive,Felt alert,Felt inspired,Felt active,Felt afraid,Felt upset,Felt ashamed,Felt hostile,Felt worried frequently,Felt that worry is difficult to stop or control,Felt that worry is interfering with your life
10/26/2015 10:32,10/26/2015 11:06,70,40,30,60,70,82,70,100,76,74,70,60,20,20,70,75,85,50,70,0,29,0,0,40,25,56
10/25/2015 22:50,10/25/2015 23:41,70,100,74,80,80,100,60,100,85,85,40,80,50,65,30,85,66,50,23,0,65,65,10,100,94,100
10/25/2015 18:10,10/25/2015 21:21,0,75,0,75,19,68,75,100,70,75,85,30,30,60,60,50,74,50,50,80,55,0,0,65,60,75
10/25/2015 14:41,10/25/2015 16:56,50,100,100,100,70,100,50,100,76,50,76,60,11,50,50,75,50,50,70,0,59,0,10,61,75,71
10/25/2015 10:35,NA,NA,NA,NA,NA,NA,NA,NA,NA,NA,NA,NA,NA,NA,NA,NA,NA,NA,NA,NA,NA,NA,NA,NA,NA,NA,NA
10/24/2015 22:28,10/25/2015 1:57,70,86,100,85,77,84,60,86,80,70,71,60,40,60,60,50,60,50,70,0,59,0,0,70,61,75
10/24/2015 18:39,10/24/2015 21:01,20,100,50,70,20,100,80,80,76,50,30,60,65,80,40,50,50,40,50,60,60,65,20,80,70,75
10/24/2015 14:50,10/24/2015 17:38,0,62,0,0,0,71,0,58,100,100,100,0,56,59,78,67,100,50,100,0,0,0,10,0,0,0
10/24/2015 10:47,NA,NA,NA,NA,NA,NA,NA,NA,NA,NA,NA,NA,NA,NA,NA,NA,NA,NA,NA,NA,NA,NA,NA,NA,NA,NA,NA
10/23/2015 22:01,10/24/2015 0:10,30,78,70,80,70,82,60,100,74,50,55,56,0,75,50,70,40,50,74,0,55,30,0,59,31,25
10/23/2015 18:23,NA,NA,NA,NA,NA,NA,NA,NA,NA,NA,NA,NA,NA,NA,NA,NA,NA,NA,NA,NA,NA,NA,NA,NA,NA,NA,NA
10/23/2015 14:15,NA,NA,NA,NA,NA,NA,NA,NA,NA,NA,NA,NA,NA,NA,NA,NA,NA,NA,NA,NA,NA,NA,NA,NA,NA,NA,NA
10/23/2015 10:45,NA,NA,NA,NA,NA,NA,NA,NA,NA,NA,NA,NA,NA,NA,NA,NA,NA,NA,NA,NA,NA,NA,NA,NA,NA,NA,NA
10/22/2015 22:25,NA,NA,NA,NA,NA,NA,NA,NA,NA,NA,NA,NA,NA,NA,NA,NA,NA,NA,NA,NA,NA,NA,NA,NA,NA,NA,NA
10/22/2015 18:30,NA,NA,NA,NA,NA,NA,NA,NA,NA,NA,NA,NA,NA,NA,NA,NA,NA,NA,NA,NA,NA,NA,NA,NA,NA,NA,NA
10/22/2015 14:51,10/22/2015 16:07,0,100,77,73,28,71,0,100,65,59,60,75,75,33,74,74,73,42,61,0,66,7,5,53,34,61
10/22/2015 10:38,NA,NA,NA,NA,NA,NA,NA,NA,NA,NA,NA,NA,NA,NA,NA,NA,NA,NA,NA,NA,NA,NA,NA,NA,NA,NA,NA
10/21/2015 22:03,NA,NA,NA,NA,NA,NA,NA,NA,NA,NA,NA,NA,NA,NA,NA,NA,NA,NA,NA,NA,NA,NA,NA,NA,NA,NA,NA
10/21/2015 18:26,10/21/2015 18:44,0,0,0,90,0,70,0,68,100,100,74,15,0,0,81,78,77,0,79,0,0,0,0,0,0,0
10/21/2015 14:54,NA,NA,NA,NA,NA,NA,NA,NA,NA,NA,NA,NA,NA,NA,NA,NA,NA,NA,NA,NA,NA,NA,NA,NA,NA,NA,NA
10/21/2015 10:19,10/21/2015 13:47,0,58,0,80,0,17,0,100,81,51,58,60,0,62,50,100,70,81,81,64,0,0,0,25,61,67
10/20/2015 22:07,NA,NA,NA,NA,NA,NA,NA,NA,NA,NA,NA,NA,NA,NA,NA,NA,NA,NA,NA,NA,NA,NA,NA,NA,NA,NA,NA
10/20/2015 18:26,NA,NA,NA,NA,NA,NA,NA,NA,NA,NA,NA,NA,NA,NA,NA,NA,NA,NA,NA,NA,NA,NA,NA,NA,NA,NA,NA
10/20/2015 14:28,10/20/2015 16:29,0,80,0,0,0,0,56,85,70,80,75,0,60,0,79,80,50,50,70,0,0,0,0,0,0,0
10/20/2015 10:35,10/20/2015 12:34,75,0,24,0,66,0,0,70,80,81,61,0,0,0,50,70,76,50,76,0,0,0,0,0,0,0
10/19/2015 22:53,10/20/2015 1:21,30,60,0,0,0,30,30,0,70,75,40,25,0,70,40,66,50,50,70,0,15,0,0,67,71,88
10/19/2015 18:23,10/19/2015 21:24,70,50,0,25,40,60,60,70,90,90,60,30,0,60,60,100,80,85,70,0,0,0,0,20,25,50
10/19/2015 14:33,NA,NA,NA,NA,NA,NA,NA,NA,NA,NA,NA,NA,NA,NA,NA,NA,NA,NA,NA,NA,NA,NA,NA,NA,NA,NA,NA
10/19/2015 10:16,NA,NA,NA,NA,NA,NA,NA,NA,NA,NA,NA,NA,NA,NA,NA,NA,NA,NA,NA,NA,NA,NA,NA,NA,NA,NA,NA
10/18/2015 22:33,NA,NA,NA,NA,NA,NA,NA,NA,NA,NA,NA,NA,NA,NA,NA,NA,NA,NA,NA,NA,NA,NA,NA,NA,NA,NA,NA
10/18/2015 18:11,NA,NA,NA,NA,NA,NA,NA,NA,NA,NA,NA,NA,NA,NA,NA,NA,NA,NA,NA,NA,NA,NA,NA,NA,NA,NA,NA
10/18/2015 14:08,NA,NA,NA,NA,NA,NA,NA,NA,NA,NA,NA,NA,NA,NA,NA,NA,NA,NA,NA,NA,NA,NA,NA,NA,NA,NA,NA
10/18/2015 10:38,NA,NA,NA,NA,NA,NA,NA,NA,NA,NA,NA,NA,NA,NA,NA,NA,NA,NA,NA,NA,NA,NA,NA,NA,NA,NA,NA
10/17/2015 22:08,NA,NA,NA,NA,NA,NA,NA,NA,NA,NA,NA,NA,NA,NA,NA,NA,NA,NA,NA,NA,NA,NA,NA,NA,NA,NA,NA
10/17/2015 18:17,NA,NA,NA,NA,NA,NA,NA,NA,NA,NA,NA,NA,NA,NA,NA,NA,NA,NA,NA,NA,NA,NA,NA,NA,NA,NA,NA
10/17/2015 14:40,NA,NA,NA,NA,NA,NA,NA,NA,NA,NA,NA,NA,NA,NA,NA,NA,NA,NA,NA,NA,NA,NA,NA,NA,NA,NA,NA
10/17/2015 10:02,NA,NA,NA,NA,NA,NA,NA,NA,NA,NA,NA,NA,NA,NA,NA,NA,NA,NA,NA,NA,NA,NA,NA,NA,NA,NA,NA
10/16/2015 22:48,NA,NA,NA,NA,NA,NA,NA,NA,NA,NA,NA,NA,NA,NA,NA,NA,NA,NA,NA,NA,NA,NA,NA,NA,NA,NA,NA
10/16/2015 18:08,NA,NA,NA,NA,NA,NA,NA,NA,NA,NA,NA,NA,NA,NA,NA,NA,NA,NA,NA,NA,NA,NA,NA,NA,NA,NA,NA
