dataset_id,item,n_cats_meta,n_distinct,range_min,range_max,status
0001,difficulties_relaxing,5,5,1,5,ok
0001,irritable,5,5,1,5,ok
0001,worry,5,5,1,5,ok
0001,nervous,5,5,1,5,ok
0001,nothing_look_forward,5,5,1,5,ok
0001,anhedonia,5,5,1,5,ok
0001,tired,5,5,1,5,ok
0001,hungry,5,5,1,5,ok
0001,alone,5,5,1,5,ok
0001,angry,5,5,1,5,ok
0001,social_offline,5,5,1,5,ok
0001,social_online,5,5,1,5,ok
0001,time_music,5,5,1,5,ok
0001,procrastinated,5,5,1,5,ok
0001,time_outdoors,5,5,1,5,ok
0001,covid_occupied,5,5,1,5,ok
0001,covid_worry,5,5,1,5,ok
0001,time_home,5,5,1,5,ok
0002,sociable,6,418,NA,NA,n_distinct_mismatch
0002,creative,6,398,NA,NA,n_distinct_mismatch
0002,friendly,6,343,NA,NA,n_distinct_mismatch
0002,organised,6,392,NA,NA,n_distinct_mismatch
0002,self_esteem,6,395,NA,NA,n_distinct_mismatch
0002,nervous,6,6,1,6,ok
0003,nervous,5,5,1,5,ok
0003,afraid,5,5,1,5,ok
0003,enthusiastic,5,5,1,5,ok
0003,distressed,5,5,1,5,ok
0003,excited,5,5,1,5,ok
0003,scared,5,5,1,5,ok
0003,upset,5,5,1,5,ok
0003,alert,5,5,1,5,ok
0003,determined,5,5,1,5,ok
0003,inspired,5,5,1,5,ok
0003,depressed,5,5,1,5,ok
0003,restless_or_fidgety,5,5,1,5,ok
0003,sadness_extreme,5,5,1,5,ok
0003,worried,5,5,1,5,ok
0003,hopeless,5,5,1,5,ok
0003,irritated,5,5,1,5,ok
0003,effort_everything,5,5,1,5,ok
0003,argument_stress,5,5,1,5,ok
0003,let_pass_stress,5,5,1,5,ok
0003,friend_relative_stress,5,5,1,5,ok
0003,health_stress,5,5,1,5,ok
0003,other_stress,5,5,1,5,ok
0003,covid_stress,5,5,1,5,ok
0003,socialfunc_interactions,4,4,1,4,ok
0003,alert_sleepiness,9,9,1,9,ok
0003,going_on,4,4,1,4,ok
0003,concentrating,4,4,1,4,ok
0003,noisy,4,4,1,4,ok
0003,finish,5,5,1,5,ok
0003,organization,5,5,1,5,ok
0003,mentaleffort,5,5,1,5,ok
0003,forgetful,5,5,1,5,ok
0003,fidgeting,5,5,1,5,ok
0003,motor,5,5,1,5,ok
0003,test_position,4,4,1,4,ok
0004,happy,4,11,NA,NA,n_distinct_mismatch
0004,sad,4,8,NA,NA,n_distinct_mismatch
0004,social_number,6,18,NA,NA,n_distinct_mismatch
0004,sleep_quality,4,10,NA,NA,n_distinct_mismatch
0004,difficult_stay_awake,4,9,NA,NA,n_distinct_mismatch
0004,anxious,5,14,NA,NA,n_distinct_mismatch
0004,calm,5,13,NA,NA,n_distinct_mismatch
0004,conventional,5,12,NA,NA,n_distinct_mismatch
0004,critical,5,12,NA,NA,n_distinct_mismatch
0004,dependable,5,14,NA,NA,n_distinct_mismatch
0004,disorganized,5,13,NA,NA,n_distinct_mismatch
0004,enthusiastic,5,11,NA,NA,n_distinct_mismatch
0004,open_to_experiences,5,13,NA,NA,n_distinct_mismatch
0004,reserved,5,13,NA,NA,n_distinct_mismatch
0004,sympathetic,5,14,NA,NA,n_distinct_mismatch
0005,calm,4,4,0,3,ok
0005,depressed,4,4,0,3,ok
0005,harm,4,4,0,3,ok
0005,hopeful,4,4,0,3,ok
0005,seeing_things,4,4,0,3,ok
0005,sleeping,4,4,0,3,ok
0005,social,4,4,0,3,ok
0005,stressed,4,4,0,3,ok
0005,think_clearly,4,4,0,3,ok
0005,voices,4,4,0,3,ok
0006,happy,101,101,0,100,ok
0006,excited,101,101,0,100,ok
0006,relaxed,101,101,0,100,ok
0006,satisfied,101,101,0,100,ok
0006,angry,101,101,0,100,ok
0006,anxious,101,101,0,100,ok
0006,depressed,101,101,0,100,ok
0006,sad,101,101,0,100,ok
0008,negative_affect_behavior,101,101,0,100,ok
0008,positive_affect_behavior,101,101,0,100,ok
0008,negative_cognition_behavior,101,101,0,100,ok
0008,positive_cognition_behavior,101,101,0,100,ok
0008,negative_attention_behavior,101,101,0,100,ok
0008,positive_attention_behavior,101,101,0,100,ok
0008,negative_social_connection_behavior,101,101,0,100,ok
0008,positive_social_connection_behavior,101,101,0,100,ok
0008,negative_motivation_behavior,101,101,0,100,ok
0008,positive_motivation_behavior,101,101,0,100,ok
0008,negative_overt_behavior,101,101,0,100,ok
0008,positive_overt_behavior,101,101,0,100,ok
0008,negative_physical_health_behavior,101,100,0,100,ok
0008,positive_physical_health_behavior,101,101,0,100,ok
0008,negative_change_behavior,101,101,0,100,ok
0008,positive_change_behavior,101,101,0,100,ok
0008,negative_behavior_retention,101,101,0,100,ok
0008,positive_behavior_retention,101,101,0,100,ok
0008,affect_valence,101,101,0,100,ok
0008,affect_arousal,101,101,0,100,ok
0008,life_satisfaction,4,99,0,100,n_distinct_mismatch
0008,depressed,101,101,0,100,ok
0008,anxious,101,101,0,100,ok
0008,stressed,101,101,0,100,ok
0008,angry,101,100,0,100,ok
0008,lacking_support,101,101,0,100,ok
0008,sleep_quality,101,101,0,100,ok
0010,cheerful,7,7,1,7,ok
0010,pleasantness,8,8,-4,3,ok
0010,worried,7,7,1,7,ok
0010,fearful,7,7,1,7,ok
0010,sad,7,7,1,7,ok
0010,relaxed,7,7,1,7,ok
0011,angry,100,100,1,100,ok
0011,depressed,100,100,1,100,ok
0011,sad,100,99,1,100,ok
0011,anxious,100,97,1,100,ok
0011,relaxed,100,100,1,100,ok
0011,happy,100,100,1,100,ok
0012,happy,101,101,0,100,ok
0012,relaxed,101,101,0,100,ok
0012,sad,101,99,0,100,ok
0012,angry,101,97,0,100,ok
0012,stressed,101,101,0,100,ok
0013,activity,101,100,0,100,ok
0013,perseverance,101,99,0,100,ok
0013,negativity,101,98,0,100,ok
0013,self_criticism,101,96,0,100,ok
0013,brooding,101,98,0,100,ok
0013,replaying,101,97,0,100,ok
0013,att_control,101,99,0,100,ok
0014,well,7,7,1,7,ok
0014,down,7,7,1,7,ok
0014,frightened,7,7,1,7,ok
0014,tense,7,7,1,7,ok
0014,sleepy,7,7,1,7,ok
0014,tired,7,7,1,7,ok
0014,cheerful,7,7,1,7,ok
0014,relaxed,7,7,1,7,ok
0014,concentrate,7,7,1,7,ok
0014,hallucinations,7,7,1,7,ok
0014,act_problemless,7,7,1,7,ok
0014,mobility_well,7,7,1,7,ok
0014,sit_still,7,7,1,7,ok
0014,speech_well,7,6,2,7,ok
0014,walk_well,7,7,1,7,ok
0014,tremor,7,7,1,7,ok
0014,slowness,7,6,1,6,ok
0014,stiffness,7,7,1,7,ok
0014,muscle_tension,7,7,1,7,ok
0014,dyskinesia,7,7,1,7,ok
0014,beep_disturbing,7,7,1,7,ok
0014,mor_slept_well,7,7,1,7,ok
0014,mor_often_awake,7,7,1,7,ok
0014,mor_rested,7,7,1,7,ok
0014,mor_tired_phys,7,7,1,7,ok
0014,mor_tired_ment,7,7,1,7,ok
0014,eve_many_offs,7,7,1,7,ok
0014,eve_long_offs,7,7,1,7,ok
0014,eve_walk_well,7,7,1,7,ok
0014,eve_clothing,7,7,1,7,ok
0014,eve_eat_well,7,7,1,7,ok
0014,eve_personalcare,7,7,1,7,ok
0014,eve_household,7,7,1,7,ok
0014,eve_tired,7,7,1,7,ok
0015,sleep_quality,4,4,1,4,ok
0015,pa,7,21,NA,NA,n_distinct_mismatch
0015,na,7,23,NA,NA,n_distinct_mismatch
0015,learning_goal_achievement,5,5,0,4,ok
0017,positive_feeling,4,4,0,3,ok
0017,negative_feeling,4,4,-3,0,ok
0017,positive_energy,4,4,0,3,ok
0017,negative_energy,4,4,-3,0,ok
0017,anxiety,4,4,0,3,ok
0017,annoying,4,4,0,3,ok
0018,valence,101,101,-50,50,ok
0018,arousal,101,101,0,100,ok
0018,valence_slider_initial,101,101,-50,50,ok
0018,arousal_slider_initial,101,101,0,100,ok
0019,sleep_quality,5,5,1,5,ok
0019,morning_ok,5,5,1,5,ok
0019,enjoy_school,5,5,1,5,ok
0019,stressed,5,5,1,5,ok
0019,motivated,5,5,1,5,ok
0019,angry,5,5,1,5,ok
0019,liked,5,5,1,5,ok
0019,lonely,5,5,1,5,ok
0019,alert,5,5,1,5,ok
0019,stupid,5,5,1,5,ok
0019,lecture_enjoy,5,4,1,4,ok
0019,lecture_difficult,5,5,1,5,ok
0019,lecture_interesting,5,5,1,5,ok
0019,teacher_strict,5,5,1,5,ok
0019,teacher_fair,5,5,1,5,ok
0019,teacher_encouraging,5,5,1,5,ok
0019,peer_relationship,5,5,1,5,ok
0019,schoolday_satisfaction,10,10,1,10,ok
0021,extraversion,7,13,NA,NA,n_distinct_mismatch
0021,agreeableness,7,13,NA,NA,n_distinct_mismatch
0021,conscientiousness,7,13,NA,NA,n_distinct_mismatch
0021,emotional_stability,7,13,NA,NA,n_distinct_mismatch
0021,openness,7,13,NA,NA,n_distinct_mismatch
0022,well,7,7,1,7,ok
0022,discontent,7,7,1,7,ok
0022,state,7,7,1,7,ok
0022,tense,7,7,1,7,ok
0022,calm,7,7,1,7,ok
0022,placid,7,7,1,7,ok
0022,awake,7,7,1,7,ok
0022,energyless,7,7,1,7,ok
0022,rested,7,7,1,7,ok
0022,too_much,7,7,1,7,ok
0022,work_fast,7,7,1,7,ok
0022,multitasking,7,7,1,7,ok
0022,hard_work,7,7,1,7,ok
0022,change_task,7,7,1,7,ok
0022,decide_task,7,7,1,7,ok
0022,schedule_task,7,7,1,7,ok
0023,control_fixmood,101,99,0,100,ok
0023,control_fixthought,101,98,0,100,ok
0023,dealt_stress,101,101,0,100,ok
0023,felt_overwhelm,101,101,0,100,ok
0023,alc_intox,7,7,0,6,ok
0024,well,7,7,1,7,ok
0024,awake,7,7,1,7,ok
0024,relaxed,7,7,1,7,ok
0024,good,7,7,1,7,ok
0024,rested,7,7,1,7,ok
0024,pleased,7,7,1,7,ok
0024,calm,7,7,1,7,ok
0024,happy,7,7,1,7,ok
0024,organized,7,7,1,7,ok
0024,talkative,7,7,1,7,ok
0024,persistent,7,7,1,7,ok
0024,outgoing,7,7,1,7,ok
0024,assertive,7,7,1,7,ok
0024,study_burden,5,5,1,5,ok
0024,study_interfere,5,5,1,5,ok
0024,study_annoy,5,5,1,5,ok
0024,report_easy,7,7,1,7,ok
0024,report_sure,7,7,1,7,ok
0025,well,7,7,1,7,ok
0025,awake,7,7,1,7,ok
0025,relaxed,7,7,1,7,ok
0025,pleased,7,7,1,7,ok
0025,bold,5,5,1,5,ok
0025,energetic,5,5,1,5,ok
0025,extraverted,5,5,1,5,ok
0025,talkative,5,5,1,5,ok
0025,study_burden,5,5,1,5,ok
0025,study_interfere,5,5,1,5,ok
0025,study_annoy,5,5,1,5,ok
0025,good,7,7,1,7,ok
0025,calm,7,7,1,7,ok
0025,rested,7,7,1,7,ok
0025,happy,7,7,1,7,ok
0025,bashful,5,5,1,5,ok
0025,quiet,5,5,1,5,ok
0025,shy,5,5,1,5,ok
0025,withdrawn,5,5,1,5,ok
0025,careless,5,5,1,5,ok
0025,disorganized,5,5,1,5,ok
0025,inefficient,5,5,1,5,ok
0025,sloppy,5,5,1,5,ok
0025,uncreative,5,5,1,5,ok
0025,unintellectual,5,5,1,5,ok
0025,envious,5,5,1,5,ok
0025,relaxed_personality,5,5,1,5,ok
0025,unsympathetic,5,5,1,5,ok
0025,harsh,5,5,1,5,ok
0025,rude,5,5,1,5,ok
0025,cold,5,5,1,5,ok
0026,affect,7,7,1,7,ok
0026,loneliness,7,7,1,7,ok
0027,reappraisal,5,5,1,5,ok
0027,distraction,5,5,1,5,ok
0027,suppression,5,5,1,5,ok
0027,rumination,5,5,1,5,ok
0027,appreciation,5,5,1,5,ok
0027,sharing_affect,5,5,1,5,ok
0027,problem_coping,5,5,1,5,ok
0027,pa,5,21,NA,NA,n_distinct_mismatch
0027,na,5,21,NA,NA,n_distinct_mismatch
0028,sad,9,9,1,9,ok
0028,useless,9,9,1,9,ok
0028,manage_well,9,9,1,9,ok
0028,no_trust,9,9,1,9,ok
0028,harm,9,9,1,9,ok
0028,criticism,9,9,1,9,ok
0028,others,9,9,1,9,ok
0028,avoid,9,9,1,9,ok
0029,enthusiastic,7,7,1,7,ok
0029,down,7,7,1,7,ok
0029,irritated,7,7,1,7,ok
0029,rushed,7,7,1,7,ok
0029,happy,7,7,1,7,ok
0029,cheerful,7,7,1,7,ok
0029,phy_bloating,7,7,1,7,ok
0029,phy_abd,7,13,NA,NA,n_distinct_mismatch
0031,happy,101,101,0,100,ok
0031,relaxed,101,101,0,100,ok
0031,sad,101,99,0,100,ok
0031,angry,101,97,0,100,ok
0031,stressed,101,101,0,100,ok
0032,happy,101,101,0,100,ok
0032,relaxed,101,101,0,100,ok
0032,confident,101,101,0,100,ok
0032,sad,101,101,0,100,ok
0032,stressed,101,101,0,100,ok
0032,angry,101,101,0,100,ok
0032,situation_selection,101,101,0,100,ok
0032,situation_modification,101,101,0,100,ok
0032,reappraisal,101,201,NA,NA,n_distinct_mismatch
0032,acceptance,101,101,0,100,ok
0032,rumination,101,101,0,100,ok
0032,social_sharing,101,101,0,100,ok
0032,ignoring,101,101,0,100,ok
0032,suppression,101,101,0,100,ok
0033,energetic,101,97,0,100,ok
0033,enthusiastic,101,98,0,100,ok
0033,content,101,100,0,100,ok
0033,irritable,101,101,0,100,ok
0033,restless,101,101,0,100,ok
0033,worried,101,101,0,100,ok
0033,guilty,101,101,0,100,ok
0033,afraid,101,101,0,100,ok
0033,anhedonia,101,101,0,100,ok
0033,angry,101,101,0,100,ok
0033,hopeless,101,101,0,100,ok
0033,down,101,101,0,100,ok
0033,positive,101,101,0,100,ok
0033,fatigue,101,101,0,100,ok
0033,muscle_tension,101,101,0,100,ok
0033,difficulty_concentrating,101,101,0,100,ok
0033,accepted,101,101,0,100,ok
0033,threatened,101,101,0,100,ok
0033,rumination,101,101,0,100,ok
0033,avoid_activity,101,101,0,100,ok
0033,reassure,101,101,0,100,ok
0033,procrastination,101,101,0,100,ok
0033,difficult,101,101,0,100,ok
0033,unsatisfy,101,101,0,100,ok
0033,avoid_people,101,101,0,100,ok
0034,felt_enthusiastic,101,101,0,100,ok
0034,hypervigilant,101,99,0,100,ok
0034,aggressive,101,100,0,100,ok
0034,afraid,101,101,0,100,ok
0034,neg_thoughts_self,101,100,0,100,ok
0034,avoidance,101,101,0,100,ok
0034,reliving,101,101,0,100,ok
0034,unpleasant_dreams,101,100,0,100,ok
0034,intrusions,101,101,0,100,ok
0034,restless_sleep,101,96,0,100,ok
0034,sleep_troubles,101,101,0,100,ok
0034,horrified,101,97,0,100,ok
0034,angry,101,101,0,100,ok
0034,guilty,101,100,0,100,ok
0034,ashamed,101,101,0,100,ok
0034,neg_thoughts_others,101,101,0,100,ok
0034,neg_thoughts_world,101,100,0,100,ok
0034,self_blame,101,99,0,100,ok
0034,others_blame,101,98,0,100,ok
0034,avoid_places,101,98,0,100,ok
0034,upset,101,100,0,100,ok
0034,physical_reactions,101,101,0,100,ok
0034,amnesia,101,101,0,100,ok
0034,anhedonia,101,101,0,100,ok
0034,distant,101,101,0,100,ok
0034,difficulty_positive,101,101,0,100,ok
0034,reckless,101,99,0,100,ok
0034,startled,101,100,0,100,ok
0034,difficulty_concentrating,101,100,0,100,ok
0034,sleepy,101,100,0,100,ok
0034,positive,101,99,0,100,ok
0034,happy,101,101,0,100,ok
0034,content,101,100,0,100,ok
0034,calm,101,101,0,100,ok
0034,fatigued,101,100,0,100,ok
0034,muscle_tension,101,101,0,100,ok
0035,comfortable,101,100,0,100,ok
0035,stressed,101,100,0,100,ok
0035,depressed,101,97,0,100,ok
0035,calm,101,101,0,100,ok
0035,pressure_to_drink,101,85,0,100,ok
0035,enthusiastic,101,101,0,100,ok
0035,happy,101,101,0,100,ok
0035,conflict,101,85,0,93,ok
0035,craving,101,93,0,100,ok
0035,impulsive,101,99,0,100,ok
0035,drink_feel_better,101,99,0,100,ok
0035,perceived_peer_drinking,101,92,0,100,ok
0035,want_to_drink,101,99,0,100,ok
0035,delay_gratification,101,101,0,100,ok
0035,angry,101,93,0,100,ok
0035,restless_sleep,101,90,0,100,ok
0035,sleep_difficulty,101,91,0,100,ok
0036,bragging_thought,101,101,0,100,ok
0036,too_good_to_be_true,101,101,0,100,ok
0036,ruminate_negatives,101,100,0,100,ok
0036,feelings_transient,101,101,0,100,ok
0036,hard_to_concentrate,101,101,0,100,ok
0036,think_of_risks,101,100,0,100,ok
0036,undeserving,101,101,0,100,ok
0036,luck_will_end,101,101,0,100,ok
0036,happy,101,101,0,100,ok
0036,content,101,101,0,100,ok
0036,excited,101,101,0,100,ok
0036,sad,101,99,0,100,ok
0036,depressed,101,100,0,100,ok
0036,nervous,101,101,0,100,ok
0036,determined,101,101,0,100,ok
0036,attentive,101,99,0,100,ok
0036,alert,101,101,0,100,ok
0036,inspired,101,101,0,100,ok
0036,active,101,101,0,100,ok
0036,afraid,101,101,0,100,ok
0036,upset,101,101,0,100,ok
0036,ashamed,101,99,0,100,ok
0036,hostile,101,98,0,100,ok
0036,worry_frequent,101,101,0,100,ok
0036,worry_hard_to_control,101,101,0,100,ok
0036,worry_interferes,101,101,0,100,ok
0037,angry,101,101,0,100,ok
0037,hungry,101,101,0,100,ok
0037,restless,101,100,0,100,ok
0037,down,101,101,0,100,ok
0037,bored,101,100,0,100,ok
0037,stressed,101,101,0,100,ok
0037,motivated_quit_smoking,101,101,0,100,ok
0037,want_quit,101,101,0,100,ok
0037,impulsive,101,100,0,100,ok
0037,sleep_difficulty,101,98,0,100,ok
0037,craving_smoking,101,101,0,100,ok
0037,enjoy_last,101,101,0,100,ok
0037,trigger,101,100,0,100,ok
0037,irritable,101,101,0,100,ok
0037,concentrate,101,101,0,100,ok
0037,calm,101,101,0,100,ok
0037,happy,101,101,0,100,ok
0037,enthusiastic,101,101,0,100,ok
0037,nervous,101,100,0,100,ok
0037,tired,101,101,0,100,ok
0037,hurt_health,101,101,0,100,ok
0037,pos_expect,101,101,0,100,ok
0037,ashamed_smoking,101,101,0,100,ok
0037,agency,101,99,0,100,ok
0037,could_quit,101,101,0,100,ok
0037,delay_gratification,101,101,0,100,ok
0037,health_belief,101,97,0,100,ok
0037,comfortable,101,101,0,100,ok
0037,frustrated,101,101,0,100,ok
0037,pos_social,101,101,0,100,ok
0039,depressed,11,11,0,10,ok
0039,anhedonia,11,11,0,10,ok
0039,loneliness,11,11,0,10,ok
0039,left_out,11,11,0,10,ok
0039,social_interaction,11,11,0,10,ok
0039,vulnerability,11,11,0,10,ok
0039,perceived_responsiveness,11,11,0,10,ok
0039,covid_anxiety,11,11,0,10,ok
0040,nervous,4,4,0,3,ok
0040,worrying,4,4,0,3,ok
0040,depressed,4,4,0,3,ok
0040,anhedonia,4,4,0,3,ok
0040,social_level,5,5,1,5,ok
0040,perception_worry,5,5,1,5,ok
0040,appearance_pleased,5,5,1,5,ok
0040,feel_smart,5,5,1,5,ok
0040,feel_good,5,5,1,5,ok
0040,stressed,5,5,1,5,ok
0040,covid_concern_general,7,7,1,7,ok
0040,covid_daily_activities,7,7,1,7,ok
0040,covid_behavior_change,7,7,1,7,ok
0040,covid_concern_self,7,7,1,7,ok
0040,covid_concern_classmates,7,7,1,7,ok
0040,covid_concern_family,7,7,1,7,ok
0040,covid_concern_supplies,7,7,1,7,ok
0040,covid_felt_support,7,7,1,7,ok
0040,covid_support_others,7,7,1,7,ok
0040,social_media_use,7,7,1,7,ok
0041,dominance,8,308,NA,NA,n_distinct_mismatch
0041,affiliation,8,324,NA,NA,n_distinct_mismatch
0041,pa,5,37,NA,NA,n_distinct_mismatch
0041,na,5,35,NA,NA,n_distinct_mismatch
0041,stressed,4,22,0,21,n_distinct_mismatch
0041,functioning,5,5,0,4,ok
0042,happy,101,101,0,100,ok
0042,ashamed,101,101,0,100,ok
0042,proud,101,101,0,100,ok
0042,nervous,101,101,0,100,ok
0042,confident,101,101,0,100,ok
0042,hostile,101,101,0,100,ok
0042,sad,101,101,0,100,ok
0042,excited,101,101,0,100,ok
0042,angry,101,101,0,100,ok
0042,relaxed,101,101,0,100,ok
0042,dom_sub_you,101,101,-50,50,ok
0042,warm_cold_you,101,100,-50,50,ok
0042,happy_interaction,101,101,0,100,ok
0042,nervous_interaction,101,101,0,100,ok
0042,sad_interaction,101,100,0,100,ok
0042,excited_interaction,101,101,0,100,ok
0042,angry_interaction,101,101,0,100,ok
0042,relaxed_interaction,101,101,0,100,ok
0043,happy,101,101,0,100,ok
0043,ashamed,101,100,0,100,ok
0043,proud,101,101,0,100,ok
0043,nervous,101,101,0,100,ok
0043,confident,101,101,0,100,ok
0043,hostile,101,101,0,100,ok
0043,sad,101,101,0,100,ok
0043,excited,101,101,0,100,ok
0043,angry,101,101,0,100,ok
0043,relaxed,101,101,0,100,ok
0043,dom_sub_you,101,101,-50,50,ok
0043,warm_cold_you,101,96,-50,50,ok
0043,happy_interaction,101,101,0,100,ok
0043,nervous_interaction,101,100,0,100,ok
0043,sad_interaction,101,101,0,100,ok
0043,excited_interaction,101,101,0,100,ok
0043,angry_interaction,101,101,0,100,ok
0043,relaxed_interaction,101,101,0,100,ok
0044,happy,101,101,0,100,ok
0044,proud,101,101,0,100,ok
0044,content,101,101,0,100,ok
0044,excited,101,101,0,100,ok
0044,relaxed,101,101,0,100,ok
0044,ashamed,101,100,0,100,ok
0044,nervous,101,101,0,100,ok
0044,hostile,101,97,0,100,ok
0044,sad,101,99,0,100,ok
0044,angry,101,100,0,100,ok
0044,dom_sub_you,101,101,-50,50,ok
0044,warm_cold_you,101,97,-50,50,ok
0045,angry,7,7,1,7,ok
0045,enthusiastic,7,7,1,7,ok
0045,happy,7,7,1,7,ok
0045,irritated,7,7,1,7,ok
0045,nervous,7,7,1,7,ok
0045,pleased,7,7,1,7,ok
0045,relaxed,7,7,1,7,ok
0045,sad,7,7,1,7,ok
0045,stressed,7,7,1,7,ok
0046,empathy_global,11,7104,NA,NA,n_distinct_mismatch
0046,empathy_cog,11,4400,NA,NA,n_distinct_mismatch
0046,empathy_aff,11,2824,NA,NA,n_distinct_mismatch
0046,pa_self,11,3301,NA,NA,n_distinct_mismatch
0046,pa_other,11,3271,NA,NA,n_distinct_mismatch
0046,na_self,11,3012,NA,NA,n_distinct_mismatch
0046,na_other,11,2980,NA,NA,n_distinct_mismatch
0048,men_anxiety,5,12,NA,NA,n_distinct_mismatch
0048,men_sadness,5,12,NA,NA,n_distinct_mismatch
0048,men_vigor,5,13,NA,NA,n_distinct_mismatch
0048,men_contentment,5,13,NA,NA,n_distinct_mismatch
0048,women_anxiety,5,12,NA,NA,n_distinct_mismatch
0048,women_sadness,5,13,NA,NA,n_distinct_mismatch
0048,women_vigor,5,13,NA,NA,n_distinct_mismatch
0048,women_contentment,5,13,NA,NA,n_distinct_mismatch
0049,helping_effort,100,101,0,100,n_distinct_mismatch
0049,stressed,100,101,0,100,n_distinct_mismatch
0049,valence_mood,100,201,NA,NA,n_distinct_mismatch
0049,calmness_mood,100,201,NA,NA,n_distinct_mismatch
0049,energy_mood,100,201,NA,NA,n_distinct_mismatch
0050,helping_effort,100,96,0,100,range_mismatch
0050,stressed,100,101,0,100,n_distinct_mismatch
0050,valence_mood,100,200,NA,NA,n_distinct_mismatch
0050,calmness_mood,100,200,NA,NA,n_distinct_mismatch
0050,energy_mood,100,201,NA,NA,n_distinct_mismatch
0051,awake,7,7,1,7,ok
0051,discontent,7,7,1,7,ok
0051,calm,7,7,1,7,ok
0051,without_energy,7,7,1,7,ok
0051,well,7,7,1,7,ok
0051,tense,7,7,1,7,ok
0051,happy,7,7,1,7,ok
0051,stressed,7,7,1,7,ok
0051,vigilance_salience_mediated,7,7,1,7,ok
0051,salience_ft_f,7,7,1,7,ok
0051,valence_mediated,7,7,1,7,ok
0051,valence_ft_f,7,7,1,7,ok
0051,valence_activity,7,7,1,7,ok
0051,concentration_extent,7,8,NA,NA,n_distinct_mismatch
0051,vigilance_reactibility,7,7,1,7,ok
0051,vigilance_monitoring,7,7,1,7,ok
0051,social_pressure_phone,7,7,1,7,ok
0052,worry,4,4,1,4,ok
0052,difficulty_control_worry,4,4,1,4,ok
0052,restless,4,4,1,4,ok
0052,fatiguability,4,4,1,4,ok
0052,difficulty_concentrating,4,4,1,4,ok
0052,irritable,4,4,1,4,ok
0052,muscle_tension,4,4,1,4,ok
0052,sleep_difficulty,4,4,1,4,ok
0052,anhedonia,4,4,1,4,ok
0052,depressed,4,4,1,4,ok
0052,sleep_problems,4,4,1,4,ok
0052,tired,4,4,1,4,ok
0052,appetite_change,4,4,1,4,ok
0052,worthlessness,4,4,1,4,ok
0052,concentration_trouble,4,4,1,4,ok
0052,psychomotor_change,4,4,1,4,ok
0052,suicidal_ideation,4,4,1,4,ok
0052,something_wrong,4,4,1,4,ok
0052,cant_go_on,4,4,1,4,ok
0052,dont_like_self,4,4,1,4,ok
0052,no_good,4,4,1,4,ok
0052,nobody_likes,4,4,1,4,ok
0052,alone,4,4,1,4,ok
0052,fear_sickness,4,4,1,4,ok
0052,awful_happen,4,4,1,4,ok
0052,life_not_worth,4,4,1,4,ok
0052,nobody_cares,4,4,1,4,ok
0052,cant_stand,4,4,1,4,ok
0052,never_make_it,4,4,1,4,ok
0052,need_change,4,4,1,4,ok
0053,weight_satisfaction,101,101,0,100,ok
0053,appearance_satisfaction,101,101,0,100,ok
0053,shape_satisfaction,101,100,0,100,ok
0053,anxious,101,101,0,100,ok
0053,guilty,101,100,0,100,ok
0053,depressed,101,100,0,100,ok
0053,confident,101,101,0,100,ok
0053,happy,101,101,0,100,ok
0053,inspired,101,101,0,100,ok
0054,reappraisal,5,5,1,5,ok
0054,rumination,5,5,1,5,ok
0054,suppression,5,5,1,5,ok
0054,feel_loved,7,7,1,7,ok
0054,rely_on,7,7,1,7,ok
0054,need_love,7,7,1,7,ok
0054,share_feelings,7,7,1,7,ok
0054,keep_distance,7,7,1,7,ok
0054,closeness_nervous,7,7,1,7,ok
0055,sad,100,100,1,100,ok
0055,anxious,100,100,1,100,ok
0055,angry,100,100,1,100,ok
0055,family_cohesion,100,100,1,100,ok
0055,family_conflict,100,100,1,100,ok
0055,sad_daily,100,94,1,100,ok
0055,anxiety_daily,100,93,1,100,ok
0055,anger_daily,100,86,1,100,ok
0055,family_support_daily,100,100,1,100,ok
0055,family_togetherness_daily,100,99,1,100,ok
0055,family_backup_daily,100,99,1,100,ok
0055,family_critcism_daily,100,86,1,100,ok
0055,family_fight_daily,100,75,1,100,ok
0056,beh_leadership,6,6,1,6,ok
0056,beh_criticism,6,6,1,6,ok
0056,beh_uninvolved,6,6,1,6,ok
0056,beh_selfesteem,6,6,1,6,ok
0056,beh_unfriendly,6,6,1,6,ok
0056,beh_reserved,6,6,1,6,ok
0056,status_admired,6,6,1,6,ok
0056,status_criticised,6,6,1,6,ok
0056,status_ignored,6,6,1,6,ok
0056,status_respected,6,6,1,6,ok
0056,status_upstaged,6,6,1,6,ok
0056,status_sidelined,6,6,1,6,ok
0056,int_proud,6,6,1,6,ok
0056,int_success,6,6,1,6,ok
0056,int_superior,6,6,1,6,ok
0056,int_angry,6,6,1,6,ok
0056,int_envious,6,6,1,6,ok
0056,int_resentful,6,6,1,6,ok
0056,int_ashamed,6,6,1,6,ok
0056,int_insecure,6,6,1,6,ok
0056,int_enthusiastic,6,6,1,6,ok
0056,int_relaxed,6,6,1,6,ok
0056,int_anxious,6,6,1,6,ok
0056,int_sad,6,6,1,6,ok
0056,int_pleasure,101,101,0,100,ok
0056,int_activity,101,101,0,100,ok
0056,pleasant,6,6,1,6,ok
0056,fun,6,6,1,6,ok
0056,done,6,6,1,6,ok
0056,intellectual,6,6,1,6,ok
0056,overwhelmed,6,6,1,6,ok
0056,bored,6,6,1,6,ok
0056,concentrated,6,6,1,6,ok
0056,motivated,6,6,1,6,ok
0056,occup_proud,6,6,1,6,ok
0056,occup_success,6,6,1,6,ok
0056,occup_superior,6,6,1,6,ok
0056,occup_angry,6,6,1,6,ok
0056,occup_envious,6,6,1,6,ok
0056,occup_resentful,6,6,1,6,ok
0056,occup_ashamed,6,6,1,6,ok
0056,occup_insecure,6,6,1,6,ok
0056,occup_enthusiastic,6,6,1,6,ok
0056,occup_relaxed,6,6,1,6,ok
0056,occup_anxious,6,6,1,6,ok
0056,occup_sad,6,6,1,6,ok
0056,occup_pleasure,101,101,0,100,ok
0056,occup_activity,101,101,0,100,ok
0056,worry_ownhealth,6,6,1,6,ok
0056,worry_ownsoclife,6,6,1,6,ok
0056,worry_ownstudies,6,6,1,6,ok
0056,worry_healthsystem,6,6,1,6,ok
0056,worry_soclife,6,6,1,6,ok
0056,worry_economy,6,6,1,6,ok
0056,worry_cullife,6,6,1,6,ok
0056,worry_parentshealth,6,6,1,6,ok
0056,worry_grandparentshealth,6,6,1,6,ok
0056,worry_siblingshealth,6,6,1,6,ok
0056,worry_partnerhealth,6,6,1,6,ok
0056,worry_friendshealth,6,6,1,6,ok
0056,worry_peoplehealth,6,6,1,6,ok
0057,beh_leadership,6,6,1,6,ok
0057,beh_criticism,6,6,1,6,ok
0057,beh_uninvolved,6,6,1,6,ok
0057,beh_selfesteem,6,6,1,6,ok
0057,beh_unfriendly,6,6,1,6,ok
0057,beh_reserved,6,6,1,6,ok
0057,beh_corona,6,6,1,6,ok
0057,beh_help,6,6,1,6,ok
0057,status_admired,6,6,1,6,ok
0057,status_criticised,6,6,1,6,ok
0057,status_ignored,6,6,1,6,ok
0057,status_respected,6,6,1,6,ok
0057,status_upstaged,6,6,1,6,ok
0057,status_sidelined,6,6,1,6,ok
0057,corona_asked,6,6,1,6,ok
0057,comfort,6,6,1,6,ok
0057,int_proud,6,6,1,6,ok
0057,int_success,6,6,1,6,ok
0057,int_superior,6,6,1,6,ok
0057,int_angry,6,6,1,6,ok
0057,int_excluded,6,6,1,6,ok
0057,int_envious,6,6,1,6,ok
0057,int_resentful,6,6,1,6,ok
0057,int_ashamed,6,6,1,6,ok
0057,int_insecure,6,6,1,6,ok
0057,int_enthusiastic,6,6,1,6,ok
0057,int_relaxed,6,6,1,6,ok
0057,int_anxious,6,6,1,6,ok
0057,int_sad,6,6,1,6,ok
0057,int_lonely,6,6,1,6,ok
0057,int_pleasure,101,101,0,100,ok
0057,int_activity,101,101,0,100,ok
0057,pleasant,6,6,1,6,ok
0057,fun,6,6,1,6,ok
0057,done,6,6,1,6,ok
0057,intellectual,6,6,1,6,ok
0057,overwhelmed,6,6,1,6,ok
0057,bored,6,6,1,6,ok
0057,concentrated,6,6,1,6,ok
0057,motivated,6,6,1,6,ok
0057,corona_thinking,6,6,1,6,ok
0057,occup_proud,6,6,1,6,ok
0057,occup_success,6,6,1,6,ok
0057,occup_superior,6,6,1,6,ok
0057,occup_angry,6,6,1,6,ok
0057,occup_excluded,6,6,1,6,ok
0057,occup_envious,6,6,1,6,ok
0057,occup_resentful,6,6,1,6,ok
0057,occup_ashamed,6,6,1,6,ok
0057,occup_insecure,6,6,1,6,ok
0057,occup_enthusiastic,6,6,1,6,ok
0057,occup_relaxed,6,6,1,6,ok
0057,occup_anxious,6,6,1,6,ok
0057,occup_sad,6,6,1,6,ok
0057,occup_lonely,6,6,1,6,ok
0057,occup_pleasure,101,101,0,100,ok
0057,occup_activity,101,101,0,100,ok
0057,worry_ownhealth,6,6,1,6,ok
0057,worry_ownsoclife,6,6,1,6,ok
0057,worry_ownstudies,6,6,1,6,ok
0057,worry_healthsystem,6,6,1,6,ok
0057,worry_soclife,6,6,1,6,ok
0057,worry_economy,6,6,1,6,ok
0057,worry_cullife,6,6,1,6,ok
0057,worry_parentshealth,6,6,1,6,ok
0057,worry_grandparentshealth,6,6,1,6,ok
0057,worry_siblingshealth,6,6,1,6,ok
0057,worry_childrenhealth,6,6,1,6,ok
0057,worry_partnerhealth,6,6,1,6,ok
0057,worry_friendshealth,6,6,1,6,ok
0057,worry_peoplehealth,6,6,1,6,ok
0058,active,5,6,NA,NA,n_distinct_mismatch
0058,interested,5,9,NA,NA,n_distinct_mismatch
0058,excited,5,9,NA,NA,n_distinct_mismatch
0058,strong,5,8,NA,NA,n_distinct_mismatch
0058,irritable,5,7,NA,NA,n_distinct_mismatch
0058,upset,5,7,NA,NA,n_distinct_mismatch
0058,afraid_anxious,5,8,NA,NA,n_distinct_mismatch
0058,sad,5,7,NA,NA,n_distinct_mismatch
0058,meaning,5,5,1,5,ok
0058,vitality,5,5,1,5,ok
0058,observe_thoughts_feelings,5,5,1,5,ok
0058,struggled_thoughts_feelings,5,5,1,5,ok
0058,detached_thoughts_feelings,5,5,1,5,ok
0058,caught_up_thoughts,5,5,1,5,ok
0058,mindful,5,5,1,5,ok
0058,meta_aware,5,5,1,5,ok
0058,reappraisal,5,5,1,5,ok
0058,distract,5,5,1,5,ok
0058,brooding,5,5,1,5,ok
0058,savoring,5,5,1,5,ok
0058,resist_temptation,5,5,1,5,ok
0058,getting_done,5,5,1,5,ok
0058,mental_exhaust,5,5,1,5,ok
0058,symptom_experience,5,5,1,5,ok
0058,symptom_interfere,5,5,1,5,ok
0058,depressed,5,5,1,5,ok
0058,anhedonia,5,5,1,5,ok
0058,inadequate,5,5,1,5,ok
0058,discouraged,5,5,1,5,ok
0059,attention_present,7,7,0,6,ok
0059,opened_up,7,7,0,6,ok
0059,concentrated_present,7,7,0,6,ok
0059,nonjudgmental_feelings,7,7,0,6,ok
0059,nonjudgmental_thoughts,7,7,0,6,ok
0059,nonjudgmental_behavior,7,7,0,6,ok
0059,happy,7,7,0,6,ok
0059,content,7,7,0,6,ok
0059,relaxed,7,7,0,6,ok
0059,downhearted,7,7,0,6,ok
0059,distressed,7,7,0,6,ok
0059,nervous,7,7,0,6,ok
0059,ruminate_feelings,7,7,0,6,ok
0059,ruminate_things,7,7,0,6,ok
0059,relaxed_thoughts_feelings,7,7,0,6,ok
0059,relaxed_thoughts_things,7,7,0,6,ok
0060,optimistic_setback,5,5,1,5,ok
0060,talkative,5,5,1,5,ok
0060,difficulty_starting,5,5,1,5,ok
0060,sad,5,5,1,5,ok
0060,curious,5,5,1,5,ok
0060,persistent,5,5,1,5,ok
0060,worries,5,5,1,5,ok
0060,inventive,5,5,1,5,ok
0060,starts_arguments,5,5,1,5,ok
0060,depressed,5,5,1,5,ok
0060,less_active,5,5,1,5,ok
0060,assumes_best,5,5,1,5,ok
0060,relaxed,5,5,1,5,ok
0060,rarely_excited,5,5,1,5,ok
0060,fascinated_art,5,5,1,5,ok
0060,assertive,5,5,1,5,ok
0060,careless,5,5,1,5,ok
0060,finds_fault,5,5,1,5,ok
0060,controls_emotions,5,5,1,5,ok
0060,values_beauty,5,5,1,5,ok
0060,moody,5,5,1,5,ok
0060,messy,5,5,1,5,ok
0060,others_charge,5,5,1,5,ok
0060,poetry_boring,5,5,1,5,ok
0060,compassionate,5,5,1,5,ok
0060,neat_tidy,5,5,1,5,ok
0060,enthusiastic,5,5,1,5,ok
0060,reliable,5,5,1,5,ok
0060,rude,5,5,1,5,ok
0060,tense,5,5,1,5,ok
0060,little_creativity,5,5,1,5,ok
0060,energetic,5,5,1,5,ok
0060,quiet,5,5,1,5,ok
0060,original,5,5,1,5,ok
0060,dependable,5,5,1,5,ok
0060,lazy,5,5,1,5,ok
0060,deep_thinker,5,5,1,5,ok
0060,forgiving,5,5,1,5,ok
0060,helpful,5,5,1,5,ok
0060,emotionally_stable,5,5,1,5,ok
0060,polite,5,5,1,5,ok
0060,difficulty_imagining,5,5,1,5,ok
0060,little_sympathy,5,5,1,5,ok
0060,dominant,5,5,1,5,ok
0060,influence_hard,5,5,1,5,ok
0060,efficient,5,5,1,5,ok
0060,outgoing,5,5,1,5,ok
0060,secure_comfortable,5,5,1,5,ok
0060,avoids_intellectual,5,5,1,5,ok
0060,disorganized,5,5,1,5,ok
0060,few_artistic,5,5,1,5,ok
0060,suspicious,5,5,1,5,ok
0060,respectful,5,5,1,5,ok
0060,systematic,5,5,1,5,ok
0060,little_abstract,5,5,1,5,ok
0060,rarely_anxious,5,5,1,5,ok
0060,temperamental,5,5,1,5,ok
0060,shy,5,5,1,5,ok
0060,cold,5,5,1,5,ok
0060,irresponsible,5,5,1,5,ok
0060,mating,3,3,1,3,ok
0060,positivity,3,3,1,3,ok
0060,intellect,3,3,1,3,ok
0060,negativity,3,3,1,3,ok
0060,adversity,3,3,1,3,ok
0060,sociality,3,3,1,3,ok
0060,duty,3,3,1,3,ok
0060,deception,3,3,1,3,ok
0060,guilty,5,5,1,5,ok
0060,attentive,5,5,1,5,ok
0060,angry,5,5,1,5,ok
0060,content,5,5,1,5,ok
0060,goal_directed,5,5,1,5,ok
0060,happy,5,5,1,5,ok
0060,afraid,5,5,1,5,ok
0060,proud,5,5,1,5,ok
0060,excited,5,5,1,5,ok
0060,purposeful,5,5,1,5,ok
0061,relationship_level,7,7,1,7,ok
0061,cared_for,7,5,1,5,ok
0061,respected,7,5,1,5,ok
0061,supported,7,5,1,5,ok
0061,connected,7,7,1,7,ok
0062,happy,7,7,1,7,ok
0062,afraid,7,7,1,7,ok
0062,sad,7,7,1,7,ok
0062,balanced,7,7,1,7,ok
0062,exhausted,7,7,1,7,ok
0062,cheerful,7,7,1,7,ok
0062,worried,7,7,1,7,ok
0062,lively,7,7,1,7,ok
0062,angry,7,7,1,7,ok
0062,relaxed,7,7,1,7,ok
0062,study_motivation_others_disappointed,7,7,1,7,ok
0062,study_motivation_felt_bad,7,7,1,7,ok
0062,study_motivation_important,7,7,1,7,ok
0062,study_motivation_interesting,7,7,1,7,ok
0062,study_motivation_compulsory,7,7,1,7,ok
0062,study_motivation_proving,7,7,1,7,ok
0062,study_motivation_understanding,7,7,1,7,ok
0062,study_motivation_enjoyment,7,7,1,7,ok
0062,activity_motivation_others_disappointed,7,7,1,7,ok
0062,activity_motivation_felt_bad,7,7,1,7,ok
0062,activity_motivation_important,7,7,1,7,ok
0062,activity_motivation_interesting,7,7,1,7,ok
0062,activity_motivation_compulsory,7,7,1,7,ok
0062,activity_motivation_proving,7,7,1,7,ok
0062,activity_motivation_understanding,7,7,1,7,ok
0062,activity_motivation_enjoyment,7,7,1,7,ok
0062,see_good_in_bad,8,8,-1,7,range_mismatch
0062,focus_on_good,8,8,-1,7,range_mismatch
0062,suppression,8,8,-1,7,range_mismatch
0062,changed_feeling,8,8,-1,7,range_mismatch
0062,rumination,8,8,-1,7,range_mismatch
0062,contact_with_people,7,7,1,7,ok
0062,excluded_ostracized,7,7,1,7,ok
0062,failure,7,7,1,7,ok
0062,own_way,7,7,1,7,ok
0062,completed_difficult_project,7,7,1,7,ok
0062,true_self,7,7,1,7,ok
0062,connected,7,7,1,7,ok
0062,mastered_challenges,7,7,1,7,ok
0062,intimacy,7,7,1,7,ok
0062,pressure,7,7,1,7,ok
0062,told_what_to_do,7,7,1,7,ok
0062,unappreciated,7,7,1,7,ok
0062,disagreements_conflicts,7,7,1,7,ok
0062,even_hard_things,7,7,1,7,ok
0062,against_own_will,7,7,1,7,ok
0062,did_stupid,7,7,1,7,ok
0062,struggled,7,7,1,7,ok
0062,did_interesting,7,7,1,7,ok
0062,happy_daily,7,7,1,7,ok
0062,afraid_daily,7,7,1,7,ok
0062,sad_daily,7,7,1,7,ok
0062,balanced_daily,7,7,1,7,ok
0062,exhausted_daily,7,7,1,7,ok
0062,cheerful_daily,7,7,1,7,ok
0062,worried_daily,7,7,1,7,ok
0062,lively_daily,7,7,1,7,ok
0062,angry_daily,7,7,1,7,ok
0062,relaxed_daily,7,7,1,7,ok
0062,study_enjoy,7,7,1,7,ok
0062,study_wearing_down,7,7,1,7,ok
0062,study_satisfied,7,7,1,7,ok
0062,study_difficult_reconcile,7,7,1,7,ok
0062,study_interesting,7,7,1,7,ok
0062,study_exhausted,7,7,1,7,ok
0062,study_only_necessary,7,7,1,7,ok
0062,study_energy,7,7,1,7,ok
0062,study_identification,7,7,1,7,ok
0062,study_expectations,7,7,1,7,ok
0062,study_consider_quitting,7,7,1,7,ok
0062,mother_autonomy,8,8,-1,7,range_mismatch
0062,mother_own_decisions,8,8,-1,7,range_mismatch
0062,mother_asked_opinion,8,8,-1,7,range_mismatch
0062,mother_interrupted,8,8,-1,7,range_mismatch
0062,mother_point_of_view,8,8,-1,7,range_mismatch
0062,mother_guilty,8,8,-1,7,range_mismatch
0062,mother_tried_change,8,8,-1,7,range_mismatch
0062,mother_disapproved,8,8,-1,7,range_mismatch
0062,father_autonomy,8,8,-1,7,range_mismatch
0062,father_own_decisions,8,8,-1,7,range_mismatch
0062,father_asked_opinion,8,8,-1,7,range_mismatch
0062,father_interrupted,8,8,-1,7,range_mismatch
0062,father_point_of_view,8,8,-1,7,range_mismatch
0062,father_guilty,8,8,-1,7,range_mismatch
0062,father_tried_change,8,8,-1,7,range_mismatch
0062,father_disapproved,8,8,-1,7,range_mismatch
0063,cheerful,7,7,1,7,ok
0063,satisfied,7,7,1,7,ok
0063,happy,7,7,1,7,ok
0063,insecure,7,7,1,7,ok
0063,anxious,7,7,1,7,ok
0063,down,7,7,1,7,ok
0063,tired,7,7,1,7,ok
0063,energetic,7,7,1,7,ok
0063,satisfied_self,7,7,1,7,ok
0063,inspired,7,7,1,7,ok
0063,goal_pursuit,7,7,1,7,ok
0063,feels_like_obligation,7,7,1,7,ok
0063,chose_doing,7,7,1,7,ok
0063,good_at_this,7,7,1,7,ok
0063,doubt,7,7,1,7,ok
0063,appreciated,7,7,1,7,ok
0063,part_of_company,7,7,1,7,ok
0063,misunderstood,7,7,1,7,ok
0064,afraid,5,5,3,7,ok
0064,ashamed,5,5,3,7,ok
0064,distressed,5,5,3,7,ok
0064,guilty,5,5,3,7,ok
0064,hostile,5,5,3,7,ok
0064,irritable,5,5,3,7,ok
0064,jittery,5,5,3,7,ok
0064,nervous,5,5,3,7,ok
0064,scared,5,5,3,7,ok
0064,upset,5,5,3,7,ok
0064,frightened,5,5,3,7,ok
0064,shaky,5,5,3,7,ok
0064,angry,5,5,3,7,ok
0064,scornful,5,5,3,7,ok
0064,disgusted,5,5,3,7,ok
0064,loathing,5,5,3,7,ok
0064,sad,5,5,3,7,ok
0064,blue,5,5,3,7,ok
0064,downhearted,5,5,3,7,ok
0064,alone,5,5,3,7,ok
0064,lonely,5,5,3,7,ok
0064,active,5,5,3,7,ok
0064,alert,5,5,3,7,ok
0064,attentive,5,5,3,7,ok
0064,determined,5,5,3,7,ok
0064,enthusiastic,5,5,3,7,ok
0064,excited,5,5,3,7,ok
0064,inspired,5,5,3,7,ok
0064,interested,5,5,3,7,ok
0064,proud,5,5,3,7,ok
0064,strong,5,5,3,7,ok
0066,amount_stool,4,3,1,3,ok
0066,amount_urine,4,3,1,3,ok
0066,angry,6,5,1,5,ok
0066,anxious_stool,6,5,1,5,ok
0066,anxious_stool_possibility,6,5,1,5,ok
0066,anxious_urine,6,5,1,5,ok
0066,anxious_urine_possibility,6,5,1,5,ok
0066,bother_stool,6,5,1,5,ok
0066,bother_urine,6,5,1,5,ok
0066,dry_stool,4,3,1,3,ok
0066,dry_urine,4,3,1,3,ok
0066,friendly,6,5,1,5,ok
0066,frust_stool,6,5,1,5,ok
0066,frust_urine,6,5,1,5,ok
0066,happy,6,5,1,5,ok
0066,health,6,4,1,4,ok
0066,irritable,6,5,1,5,ok
0066,manage_stool,4,3,1,3,ok
0066,manage_urine,4,3,1,3,ok
0066,prevent_activity_stool,3,2,0,1,ok
0066,prevent_activity_urine,3,2,0,1,ok
0066,stool_leak,6,5,1,5,ok
0066,stress_stool,6,5,1,5,ok
0066,stress_stool_possibility,6,5,1,5,ok
0066,stress_urine,6,5,1,5,ok
0066,stress_urine_possibility,6,5,1,5,ok
0066,urine_leak,6,5,1,5,ok
0066,worry_stool_prevent,3,2,0,1,ok
0066,worry_urine_prevent,3,2,0,1,ok
0072,sleep_quality,7,7,1,7,ok
0072,difficulty_school_work,8,7,1,7,ok
0072,volume_school_work,8,7,1,7,ok
0072,school_work_comprehensible,8,7,1,7,ok
0072,school_work_independent,8,7,1,7,ok
0072,school_work_needed_support,8,7,1,7,ok
0072,school_work_joy,8,7,1,7,ok
0072,school_work_effort,8,7,1,7,ok
0072,parenting_fun,7,7,1,7,ok
0072,parenting_talked_worries,7,7,1,7,ok
0072,parenting_assert_difficult,7,7,1,7,ok
0072,parenting_drained_energy,7,7,1,7,ok
0072,parenting_disagreements,7,7,1,7,ok
0072,parenting_child_decide,7,7,1,7,ok
0072,parenting_child_liked,7,7,1,7,ok
0072,parenting_told_what_to_do,7,7,1,7,ok
0072,parenting_explained_why,7,7,1,7,ok
0072,parenting_explained_why_not,7,7,1,7,ok
0072,child_happy,7,7,1,7,ok
0072,child_afraid,7,7,1,7,ok
0072,child_sad,7,7,1,7,ok
0072,child_balanced,7,7,1,7,ok
0072,child_exhausted,7,7,1,7,ok
0072,child_cheerful,7,7,1,7,ok
0072,child_worried,7,7,1,7,ok
0072,child_lively,7,7,1,7,ok
0072,child_angry,7,7,1,7,ok
0072,child_relaxed,7,7,1,7,ok
0072,contact_with_people,7,7,1,7,ok
0072,excluded_ostracized,7,7,1,7,ok
0072,failure,7,7,1,7,ok
0072,own_way,7,7,1,7,ok
0072,completed_difficult_project,7,7,1,7,ok
0072,true_self,7,7,1,7,ok
0072,connected,7,7,1,7,ok
0072,mastered_challenges,7,7,1,7,ok
0072,intimacy,7,7,1,7,ok
0072,pressure,7,7,1,7,ok
0072,told_what_to_do,7,7,1,7,ok
0072,unappreciated,7,7,1,7,ok
0072,disagreements_conflicts,7,7,1,7,ok
0072,even_hard_things,7,7,1,7,ok
0072,against_own_will,7,7,1,7,ok
0072,did_stupid,7,7,1,7,ok
0072,struggled,7,7,1,7,ok
0072,did_interesting,7,7,1,7,ok
0072,parent_happy,7,7,1,7,ok
0072,parent_afraid,7,7,1,7,ok
0072,parent_sad,7,7,1,7,ok
0072,parent_balanced,7,7,1,7,ok
0072,parent_exhausted,7,7,1,7,ok
0072,parent_cheerful,7,7,1,7,ok
0072,parent_worried,7,7,1,7,ok
0072,parent_lively,7,7,1,7,ok
0072,parent_angry,7,7,1,7,ok
0072,parent_relaxed,7,7,1,7,ok
0072,worry_many_things,7,7,1,7,ok
0072,worry_bothered,7,7,1,7,ok
0072,worry_might_happen,7,7,1,7,ok
0072,worry_cant_get_out_head,7,7,1,7,ok
0072,worry_wrapped_up,7,7,1,7,ok
0072,mindfulness_open_to_happening,7,7,1,7,ok
0072,mindfulness_inappropriate,7,7,1,7,ok
0072,mindfulness_present_moment,7,7,1,7,ok
0072,mindfulness_could_act_better,7,7,1,7,ok
0072,corona_info_update,5,5,1,5,ok
0072,corona_talk_friends_family,5,5,1,5,ok
0072,corona_social_media_check,5,5,1,5,ok
0072,corona_social_media_create,5,5,1,5,ok
0072,corona_thinking_about,7,7,1,7,ok
0072,corona_worries,7,7,1,7,ok
0072,corona_acceptance,7,7,1,7,ok
0071,angry,6,6,1,6,ok
0071,anxious,6,6,1,6,ok
0071,sad,6,6,1,6,ok
0071,happy,6,6,1,6,ok
0071,excited,6,6,1,6,ok
0071,relaxed,6,6,1,6,ok
0071,feeling_country,10,10,1,10,ok
0071,threat_country,10,10,1,10,ok
0071,similarity_country,10,10,1,10,ok
0070,pleasant,101,101,0,100,ok
0070,important,101,101,0,100,ok
0070,expected,101,101,0,100,ok
0070,aroused,101,101,0,100,ok
0070,enthusiastic,101,101,0,100,ok
0070,relaxed,101,101,0,100,ok
0070,satisfied,101,100,0,100,ok
0070,irritable,101,90,0,100,ok
0070,energetic,101,100,0,100,ok
0070,calm,101,101,0,100,ok
0070,cheerful,101,100,0,100,ok
0070,irritated,101,96,0,100,ok
0070,bored,101,92,0,100,ok
0070,nervous,101,92,0,100,ok
0070,sad,101,83,0,99,ok
0070,angry,101,86,0,99,ok
0070,gloomy,101,86,0,100,ok
0070,lifeless,101,97,0,100,ok
0070,insecure,101,88,0,100,ok
0070,fearful,101,86,0,100,ok
0070,happy,101,101,0,100,ok
0070,worried,101,95,0,100,ok
0070,stressed,101,98,0,100,ok
0070,academic,101,101,0,100,ok
0070,tiring,101,101,0,100,ok
0070,heartwarming,101,99,0,100,ok
0070,standard,101,100,0,100,ok
0070,productive,101,101,0,100,ok
0070,crazy,101,89,0,100,ok
0070,malicious,101,79,0,100,ok
0070,learned,101,101,0,100,ok
0070,stressful,101,99,0,100,ok
0070,precious,101,101,0,100,ok
0070,ordinary,101,101,0,100,ok
0070,useful,101,101,0,100,ok
0070,silly,101,93,0,100,ok
0070,repulsive,101,86,0,100,ok
0070,wearing_annoying,101,86,0,100,ok
0070,wearing_obstructing,101,89,0,100,ok
0070,wearing_influence,101,76,0,100,ok
0073,guilty_emotion,5,5,1,5,ok
0073,out_of_control,5,5,1,5,ok
0073,embarrassed_emotion,5,5,1,5,ok
0073,negative_self_thoughts,5,5,1,5,ok
0073,emotion_confusion,5,5,1,5,ok
0073,ashamed_emotion,5,5,1,5,ok
0073,task_difficulty,5,5,1,5,ok
0073,prolonged_emotion_expectation,5,5,1,5,ok
0073,annoyed_at_self,5,5,1,5,ok
0073,behavior_control_difficulty,5,5,1,5,ok
0073,confused_emotions,5,5,1,5,ok
0073,down_expectation,5,5,1,5,ok
0073,emotions_out_of_control,5,5,1,5,ok
0073,annoyed_at_self_emotion,5,5,1,5,ok
0073,weak_emotion,5,5,1,5,ok
0073,overwhelming_emotions,5,5,1,5,ok
0073,seek_contact_affect,5,5,1,5,ok
0073,others_perspective_giving,5,5,1,5,ok
0073,received_comfort,5,5,1,5,ok
0073,received_coping_examples,5,5,1,5,ok
0073,negative_event,7,7,1,7,ok
0073,positive_event,7,7,1,7,ok
0073,impulse_contact_emotion_regulation,7,7,1,7,ok
0073,impulse_self_regulation,7,7,1,7,ok
0073,emotion_awareness,5,5,1,5,ok
0073,acknowledge_emotions,5,5,1,5,ok
0073,care_about_emotions,5,5,1,5,ok
0073,emotion_exploration,5,5,1,5,ok
0073,emotions_valid,5,5,1,5,ok
0075,gaming_autonomy,7,7,1,7,ok
0075,gaming_wish_else,7,7,1,7,ok
0075,gaming_progress,7,7,1,7,ok
0075,gaming_disappointed,7,7,1,7,ok
0075,gaming_relationships,7,7,1,7,ok
0075,gaming_toxic,7,7,1,7,ok
0075,needs_autonomy_satisfied,7,7,1,7,ok
0075,needs_autonomy_frustrated,7,7,1,7,ok
0075,needs_competence_satisfied,7,7,1,7,ok
0075,needs_competence_frustrated,7,7,1,7,ok
0075,needs_relatedness_satisfied,7,7,1,7,ok
0075,needs_relatedness_frustrated,7,7,1,7,ok
0075,how_stressful_argument,4,4,1,4,ok
0075,how_stressful_discrimination,4,3,2,4,ok
0075,how_stressful_friend_rel,4,4,1,4,ok
0075,how_stressful_health,4,3,2,4,ok
0075,how_stressful_home_issue,4,4,1,4,ok
0075,how_stressful_other,4,4,1,4,ok
0075,how_stressful_work_school,4,4,1,4,ok
0075,life_satisfaction,101,101,0,100,ok
0075,sleep_quality,5,5,1,5,ok
