ID,TIMESTAMP,Extraversion,Agreeableness,Conscientiousness,EmotionalStability,Creativity
539,1327921571,2,1,5,5.5,4
539,1327929823,4.5,5,5.5,7,3.5
539,1327939889,3.5,5.5,6.5,6.5,4
539,1328015024,3,4.5,4.5,6.5,3.5
539,1328028954,4.5,5.5,6.5,5.5,5.5
539,1328093326,3.5,4,6.5,5,4.5
539,1328105167,5.5,5,7,5,4
539,1328112062,1.5,5.5,5,6.5,3
539,1328179550,3.5,6,6.5,5.5,4.5
539,1328189088,4.5,6.5,6.5,7,4
539,1328198933,3,6,5,6.5,3.5
539,1328264667,3,3,6.5,5,2.5
539,1328274658,3,5,6.5,6,4
539,1328609265,2.5,6,7,5.5,3.5
539,1328620935,4,1.5,4.5,3,4.5
539,1328631759,3.5,3,5,5,2
539,1328698234,2.5,3,5.5,3,3
539,1328707018,3,6,3.5,3.5,4.5
539,1328716891,3.5,6,6,5.5,4
539,1328783506,5,7,6,6.5,6.5
539,1328793559,5,5,6.5,7,3.5
539,1328869781,1.5,5.5,5,5,4.5
539,1328879554,4,5.5,6,6,4
539,1329130632,4,5,6.5,5.5,4
539,1329139810,4.5,6.5,5,5.5,3
539,1329148926,3.5,4,5.5,4,3.5
539,1329215458,1,4.5,6,6,4
539,1329225855,1,6,6,6,2.5
539,1329236874,4,4,6.5,3.5,3
539,1329307177,3.5,4,6,4.5,4.5
539,1329312534,4.5,4.5,5.5,1.5,3.5
539,1329322199,2,5,4.5,1.5,5
539,1329388531,4.5,5.5,4,5,5
539,1329397826,4,6.5,6.5,6.5,3.5
539,1329408161,4.5,4.5,6.5,6.5,4
539,1329475576,4,7,6,6,6
539,1329484858,5,6,6.5,6.5,5
539,1329734548,3,5,5.5,6,3
539,1329744845,4,6,5.5,6,3
539,1329819518,2.5,4.5,4.5,5.5,2.5
539,1329829989,1.5,5.5,6.5,7,3
539,1329840418,3,6,5,7,3
539,1329908469,3,5.5,5.5,5.5,3.5
539,1329917335,3.5,4.5,5.5,6,3.5
539,1330082566,4,5,6,5.5,4
539,1330089709,4,5.5,5.5,6,4
539,1330100566,3.5,2,4.5,4,4
539,1330339832,2.5,6,6.5,6.5,3.5
539,1330350980,3,6.5,6.5,6.5,3.5
539,1330358891,3,5,5.5,6,3.5
539,1330423916,2,5,5,7,3.5
539,1330434831,4,6,5,6.5,3.5
539,1330513342,2.5,5,6,4.5,4
539,1330525231,3.5,6,6,6,5
539,1330531504,3.5,5.5,6.5,6,3.5
539,1330598153,3,4,5,5.5,4
539,1330607345,4.5,7,6,6.5,4
539,1330620130,3.5,4,6,4.5,4
539,1330944086,3,5.5,5,4.5,3
539,1330956367,3,5.5,6.5,5,4.5
539,1330963588,2,6,5.5,5.5,4
539,1331035042,1.5,6,6,6.5,3
539,1331040954,4.5,6.5,5.5,7,4
539,1331051585,1.5,3,6.5,6.5,4
539,1331123218,4,5.5,7,4.5,4
539,1331127517,4.5,3,5.5,6.5,4
539,1331205834,4,7,3,6,4
539,1331212910,4,5.5,3,6.5,4
539,1331224450,2,6.5,6,6.5,4
539,1331289475,2,6,6.5,6,5.5
539,1331304514,3.5,4,5.5,6,4
539,1331310532,2.5,5,6.5,6.5,5
533,1328004048,4,4.5,6,5.5,4.5
533,1328016320,4,5.5,4,5.5,5
533,1328026096,3.5,5.5,4,6,5.5
533,1328090978,3.5,6,6.5,6,5
533,1328102920,4,5,6,6,5
533,1328112861,3,5,5.5,5.5,4.5
533,1328188193,4.5,5.5,5.5,6,3.5
533,1328202523,2.5,5,5.5,5,4
533,1328276240,4,5,6.5,6,5.5
533,1328286761,4,5.5,6,6,5.5
533,1328608954,4,4,4,4,4
533,1328620956,4,5,5,4.5,4
533,1328630436,3,5,5,5,5
533,1328695479,3.5,5,4.5,5.5,3.5
533,1328717399,4,4.5,5.5,4.5,5
533,1328793640,4,5,5,6,4.5
533,1328804299,3.5,4.5,4,5,4
533,1328869107,3.5,5,5.5,5,4
533,1328878927,4,4,4.5,4,4
533,1329128346,3.5,5,5,5,4
533,1329141050,2.5,4.5,5,5,5
533,1329151730,2.5,3.5,5.5,5.5,5.5
533,1329217285,3.5,5,5.5,6,5.5
533,1329224584,3.5,5,4.5,5,4
533,1329237207,4,5,5.5,5,4.5
533,1329302536,3,5,4.5,5,4.5
533,1329317050,4,4.5,5,5,4
533,1329325262,4,4.5,4.5,4.5,5
533,1329387410,4,5,5.5,5.5,3.5
533,1329477908,4,5,5.5,5,6
533,1329486812,5,5,5.5,4.5,4
533,1329495551,3.5,5,4,5.5,4.5
533,1329735008,4,5,5.5,5.5,4
533,1329745842,4,5,4.5,5.5,4.5
533,1329755911,4,5,4.5,5.5,3.5
533,1329823756,5,4.5,5.5,6,4.5
533,1329836980,4,5,5,5,4
533,1329844858,4,5.5,5,5.5,5
533,1329907503,3.5,5.5,6,6,4.5
533,1329922860,3.5,4,5.5,5.5,5
533,1329928181,5,5,5,5,4
533,1329993873,3.5,5,5,5.5,4
533,1330009690,4,4.5,5,5,5.5
533,1330015537,4,4.5,5,5,5
533,1330083000,4,4.5,4.5,5.5,4
533,1330093992,3.5,4.5,5,5,5
533,1330100633,4.5,5,5,5,4
533,1330339090,3.5,5,5,6,3.5
533,1330350088,5.5,5.5,5.5,5.5,4
533,1330428314,3.5,5,5,5.5,4.5
533,1330441937,3.5,5.5,5,5.5,4
533,1330449156,4,5,5,5.5,4.5
533,1330513099,3.5,5,4,5.5,4
533,1330525619,4,5,5,4.5,3.5
533,1330535688,3.5,4,4.5,4.5,4.5
533,1330608903,3.5,5,5,4.5,3.5
533,1330621816,4,5,5.5,5.5,5
533,1330708281,4,3,5.5,6,4.5
533,1330945708,4,5.5,5.5,6,5
533,1330967738,3.5,5.5,5.5,6,4.5
533,1331032438,4,4,5,5.5,3.5
533,1331046836,4,4.5,5.5,5.5,5
533,1331055527,3.5,5.5,5.5,5.5,5.5
533,1331132122,2.5,5.5,5,5.5,4.5
533,1331143185,4,4.5,5,3.5,5
533,1331219840,4.5,4.5,5,5.5,4
533,1331228749,4,5.5,6,5.5,5.5
540,1327918437,4,4.5,5,5,4
540,1327929873,3.5,4.5,4.5,5.5,4.5
540,1327942317,3.5,4.5,4.5,5,4
540,1328004106,2.5,4,5,5,4
540,1328020330,3.5,4.5,5,5.5,3.5
540,1328029564,3.5,4.5,5.5,5.5,4.5
540,1328094378,4,5,5,5.5,4.5
540,1328102060,5,4.5,4.5,5.5,3.5
540,1328112214,2.5,5,5.5,5.5,2.5
540,1328177424,3.5,5,5.5,5.5,4.5
540,1328189286,3,5,5,5,3.5
540,1328200460,4,5,5,5.5,4.5
540,1328264939,3.5,4.5,5.5,5,3.5
540,1328277482,3,4.5,5.5,5,3.5
540,1328285412,2.5,5,5.5,5.5,3.5
540,1328534532,4,5,5,5.5,4
540,1328544786,4,4.5,5.5,5.5,3.5
540,1328617295,4,4.5,5,5.5,4.5
540,1328621096,3,4.5,5.5,5.5,4
540,1328630525,3,5,4,6,3.5
540,1328696764,4,4.5,5,5.5,3.5
540,1328706134,4,4.5,5,5.5,3
540,1328718920,3,5.5,4.5,5.5,3.5
540,1328782686,4,5.5,5.5,5.5,4
540,1328793263,3.5,4.5,5,5.5,3.5
540,1328805283,3.5,4,5.5,5.5,4
540,1328869079,4,5,5.5,5.5,3.5
540,1329130060,3.5,5,5.5,5.5,4
540,1329140081,4,5,5.5,5.5,4
540,1329222385,3,4.5,4,5.5,4.5
540,1329235724,4,4.5,5.5,5,4
540,1329300721,4,5,5.5,5.5,3.5
540,1329314593,4,4.5,5,5.5,3.5
540,1329321747,4,5,5.5,5.5,3.5
540,1329394182,4.5,5,5.5,5.5,4.5
540,1329404523,4,5,5,5.5,4
540,1329410835,4,5,5.5,5.5,4.5
540,1329476359,4,5,5.5,5,4.5
540,1329497475,3.5,5,5.5,5.5,4
540,1329733123,3,5,5.5,5.5,3.5
540,1329748047,3,5,5.5,5.5,3.5
540,1329840077,3.5,5,5.5,5,3
540,1329907484,6,4.5,5,5.5,5
540,1329915645,5,4.5,5,5,5
540,1329930548,3.5,5,5,5.5,4
540,1330008592,4,4.5,5,5.5,4
540,1330092931,4,4.5,5.5,5.5,4.5
540,1330527656,3.5,5,5,5,5
540,1330960871,4.5,4,5.5,5.5,4
540,1331044611,3.5,5,5.5,5,4
540,1331291592,2.5,5.5,5,4,2.5
540,1331306010,2.5,5,5,5.5,3.5
540,1331309137,3,4.5,4.5,5.5,2.5
508,1327928487,5,5,4,6,4.5
508,1327939371,3.5,5,5,5.5,5
508,1328092056,5.5,4,5.5,5.5,4.5
508,1328178537,2.5,4,4.5,4,4
508,1328189352,5,5,4.5,3.5,5.5
508,1328199332,3.5,4,5,2.5,5.5
508,1328265137,2.5,5,5,4.5,3
508,1329127520,4,5.5,5,5.5,5
508,1329139379,4.5,4.5,4.5,3.5,4.5
508,1329217095,3,4,3.5,5,4.5
508,1329225131,3.5,5,3.5,4.5,4
508,1329302901,4,2.5,5,5,5
508,1329310837,3.5,3.5,4,3.5,4
508,1329388371,4,3,3.5,4.5,4.5
508,1329398005,4.5,5,3.5,3,3.5
508,1329408585,5,3.5,4,3,3.5
508,1329475033,5,4,5,4.5,3.5
508,1329487118,3,4,3.5,4,4.5
508,1329495432,3,4,4,3.5,4.5
508,1329735030,6,5.5,6,5,6
508,1329745740,6,5.5,3,4.5,6
508,1329754264,5,3.5,2.5,5,5
508,1329819753,3,3.5,6,3.5,5
508,1329832395,4,4,2,3,5
508,1329842434,5.5,4,4,5,3.5
508,1329906743,4.5,4,4,3.5,5
508,1329992639,4,4.5,3.5,3.5,5
508,1330008438,3.5,3.5,3,5.5,3.5
508,1330021666,3.5,4,4.5,3.5,5.5
508,1330077953,2.5,4,3.5,3,4
508,1330089462,2.5,3,3.5,4,4
508,1330106511,4.5,4.5,5,4.5,5
508,1330338105,3.5,5,4,4,4
508,1330349650,4.5,4.5,2.5,5,4.5
508,1330361932,5.5,5,3.5,4.5,5.5
508,1330426521,3,2.5,3.5,5,3
508,1330440036,4.5,2.5,3,3,6
508,1330522284,6,3.5,3.5,4,6
508,1330534615,4.5,3,4.5,4.5,5
508,1330693714,4.5,4,3,5.5,3.5
508,1330944754,6,3.5,5,6,4
508,1330956255,4,3.5,4,5.5,3.5
508,1330964829,4.5,3,3.5,5.5,3.5
508,1331039916,6,3.5,2.5,4.5,6
508,1331125367,2,3.5,3,4,2.5
508,1331212258,3.5,4,2.5,5,6
508,1331224729,2.5,5.5,5.5,6,4
508,1331298687,4,3.5,3.5,4.5,5.5
508,1331316972,3.5,4,2.5,3,4.5
516,1327917867,4,5.5,5.5,6.5,3.5
516,1327928554,2.5,5,4,6.5,3.5
516,1327939339,5,5.5,5.5,6.5,3
516,1328004209,4,5.5,5.5,6.5,3.5
516,1328017512,6,5,5.5,6,3.5
516,1328026273,2.5,4.5,5.5,6,4
516,1328093347,5,5,6,6.5,4.5
516,1328112928,2.5,5,4.5,6,4
516,1328177097,2.5,5.5,4.5,6.5,3.5
516,1328190894,4.5,3,4.5,5.5,4
516,1328200046,3.5,5.5,5.5,6,4
516,1328264116,3,5.5,5,5,3.5
516,1328284886,2.5,5.5,4,6,4
516,1328523580,3,5.5,5.5,6.5,4.5
516,1328534193,2.5,5.5,4,6,3.5
516,1328544179,2.5,5.5,5,6.5,4
516,1328610288,2.5,5.5,5.5,6.5,4
516,1328623414,5,5.5,5,6,4.5
516,1328632137,3,5.5,6.5,6.5,3
516,1328696860,2.5,5.5,6,6.5,3
516,1328707452,2,5.5,6,6.5,3
516,1328717344,3.5,5.5,6,6.5,4
516,1328782225,2.5,5.5,6,6.5,3.5
516,1328795963,5,4.5,5.5,6,4
516,1328804080,2.5,5.5,6,6.5,3
516,1328870323,6,4.5,6,5.5,4.5
516,1328880624,5.5,4.5,5.5,6,5
516,1328890454,2.5,5.5,6,6.5,3
516,1329130156,5.5,5.5,5.5,6,4
516,1329149866,5.5,5.5,6,6,4.5
516,1329216401,5.5,6,4.5,6,5
516,1329227111,6,6,5.5,6,5
516,1329236972,5,6,5.5,6,4
516,1329302210,2.5,6,5.5,6.5,4.5
516,1329322288,2.5,5.5,5.5,6,4
516,1329390149,5,6,5.5,6,5
516,1329397458,4.5,6,5.5,5,4
516,1329408087,2.5,4.5,3,6,3.5
516,1329477959,6.5,3.5,5.5,6.5,5
516,1329483756,2.5,5.5,5,6.5,4
516,1329495582,2,5.5,6,6.5,5.5
516,1329735691,5,4,6,6.5,4
516,1329743165,3,5.5,5.5,6.5,3.5
516,1329760037,2.5,5.5,6,6.5,3.5
516,1329820936,2,5,6,6.5,3.5
516,1329830477,2,5.5,3.5,6,3.5
516,1329842724,4.5,5,5,6.5,3.5
516,1329905384,2.5,5.5,6,6,5
516,1329917832,3,5.5,4.5,4.5,4
516,1329995398,5,5,5.5,6,5
516,1330007816,5.5,5.5,6,6,5
516,1330013346,5,5,6,6,4.5
516,1330078649,3,5.5,6,6.5,3.5
516,1330089892,3,5.5,6.5,6.5,4
516,1330100212,3,5.5,6,6.5,4
516,1330337169,3,5.5,6,6.5,3
516,1330348425,3,4,5,6,3.5
516,1330363605,4.5,5.5,5.5,6,4.5
516,1330423365,5.5,6,5.5,6,5
516,1330436890,5.5,5.5,4,6,4.5
516,1330446985,2.5,5.5,5.5,6.5,4
516,1330511561,2.5,5.5,5.5,6.5,3.5
516,1330524707,4.5,3.5,5.5,5,4.5
516,1330533002,3,5.5,5.5,6,3.5
516,1330596242,6,6,5,6,5
516,1330613625,3,5.5,5,6,4
516,1330621781,5,5.5,5.5,6,4
516,1330700691,3,5.5,6,6.5,3.5
516,1330705443,5.5,6.5,5.5,6,6
516,1330712604,3,5.5,5.5,6,3.5
516,1330942405,5.5,6,5.5,6,4.5
516,1330954109,3,5.5,5,6,4.5
516,1330963581,5.5,6,5.5,6,5
516,1331035599,2.5,4.5,4.5,6,4.5
516,1331041826,5.5,5.5,5,6,4.5
516,1331050147,3,5.5,5,6,4
516,1331116652,2.5,5.5,6,6,4
516,1331125684,4,4.5,4,6,4
516,1331136509,3,5.5,5,6,4.5
516,1331201359,3.5,5.5,5,6,3.5
516,1331219517,5,5.5,5.5,6,4
516,1331222657,4,5.5,5,4,4
516,1331290006,5.5,6,4.5,6,5
516,1331302554,4,3,4.5,5,3
516,1331312764,5.5,6,5.5,6,5
517,1327918235,2,4,5,6,2.5
517,1327929506,4.5,5,5,5.5,4
517,1327939787,4,5,5.5,5,5
517,1328004177,4.5,5,5.5,3.5,5
517,1328015271,4.5,5.5,5.5,5,3.5
517,1328031399,4.5,4.5,4.5,5,5
517,1329128240,3,5,4.5,5,3.5
517,1329141014,3,5,5.5,5.5,4
517,1329149032,2.5,5,6,6,5
517,1329218532,3,4,4.5,5.5,5
517,1329226146,3,3,6,3,3.5
517,1329239511,5.5,5,5.5,5,5.5
517,1329302474,4.5,4.5,5.5,5.5,4.5
517,1329311741,3,3,4.5,3.5,3.5
517,1329325671,3.5,4.5,5,3.5,6
517,1329390254,5,5,5.5,3.5,5
517,1329398695,3.5,5,5.5,4,5
517,1329408736,3,4.5,5,3.5,5
517,1329486174,5.5,5,5,5.5,5
517,1329495757,3.5,4.5,5.5,3.5,4.5
517,1329732851,3,4.5,5,4,4.5
517,1329744120,5.5,5,6,4,5
517,1329754338,3.5,4.5,4.5,5,4
517,1329818736,3.5,5,6,5,5
517,1329831243,3,4,4.5,4,3
517,1329843396,3.5,5,5.5,5,5
517,1329905930,4.5,4.5,5.5,3.5,3.5
517,1329918093,3,5,5.5,3.5,4.5
517,1329993438,4,5,5.5,5,4.5
517,1330337594,4.5,5,6,5,5
517,1330348332,3.5,5,5,5,4
517,1330360161,4.5,4.5,6,5,5
517,1330423716,3.5,4.5,5.5,4,5
517,1330434228,3,5,5.5,5.5,4.5
517,1330444902,3.5,4.5,5.5,4,5
517,1330525530,3.5,5.5,5,5.5,4.5
517,1330533598,4.5,4.5,5,3.5,5
517,1330598015,3,3.5,6,5.5,5
517,1330608650,3.5,5,6,5,4.5
517,1330619796,3.5,5,6,6,4.5
517,1330697458,3.5,5.5,6,6,5
517,1330943773,3.5,5.5,5.5,5,5
517,1330957422,3,4.5,5,4,3.5
517,1330965659,3,4.5,5.5,5.5,4.5
517,1331028151,3,4.5,5.5,3.5,4
517,1331039034,4.5,5.5,5,5.5,4.5
517,1331052063,3,4.5,6,3.5,4.5
517,1331122540,5.5,5,5.5,5,5
517,1331125472,5,5,6,5,4.5
517,1331141706,4,5,5.5,4.5,5
517,1331204409,3.5,5,5,5.5,4
517,1331211942,5,5,6,5.5,5
517,1331224289,3,5,5,4,5
517,1331290780,4.5,5,6,5.5,3
517,1331300382,3,5,6,5,5
517,1331312164,3.5,4.5,3.5,5.5,3
518,1327917655,2,5.5,6,5,3
518,1327928433,3,5.5,6,6.5,3.5
518,1327939294,3.5,5.5,5.5,6,3.5
518,1328004795,3.5,5.5,6.5,6.5,3.5
518,1328026319,3.5,5.5,5.5,6,3.5
518,1328090523,3.5,5.5,6.5,6.5,4
518,1328101625,3.5,5,5.5,6.5,3.5
518,1328112078,2.5,4,6.5,5,4
518,1328178507,3,5.5,6.5,6,3.5
518,1328198937,3,5.5,5.5,6,4
518,1328264442,3.5,5.5,6.5,6.5,4
518,1328284902,3,5.5,5.5,6.5,4
518,1328695233,2,5.5,6,6,4
518,1328717209,3,5.5,5.5,6,4
518,1328783080,2.5,5.5,6,6,3.5
518,1328804341,3,5.5,6,6.5,3.5
518,1328872181,4,5.5,6.5,6.5,4.5
518,1328886235,3.5,5.5,6,6,4
518,1328890571,4.5,5.5,6,6,4.5
518,1329128777,3.5,5.5,5.5,6,4.5
518,1329138339,4,5.5,5.5,6,4.5
518,1329149910,5,5.5,6,6.5,4.5
518,1329214540,2.5,5.5,6,6,4
518,1329235280,3,5.5,6,6,4
518,1329302351,4.5,5.5,6,6,5.5
518,1329322397,4,5.5,6,5.5,4.5
518,1329386443,3,5.5,6,6,4
518,1329411599,5,5.5,6,6,4
518,1329472989,3.5,5.5,6,6,4
518,1329495268,3.5,5.5,6,6,4
518,1329732630,3.5,5.5,6,6,4
518,1329754500,4,5.5,6,6,4.5
518,1329818665,4.5,5.5,6,6,4
518,1329840277,4.5,5.5,6,6,4.5
518,1329904902,2.5,5.5,6.5,6,4
518,1329926939,3.5,5.5,6,6,4
518,1330007875,6,5.5,6,6,4.5
518,1330013865,4,5,5.5,4.5,3.5
518,1330080347,4.5,5.5,6,6,4
518,1330099874,4,5.5,6,6,3.5
518,1330336821,3.5,5.5,6,6,4
518,1330358571,3,5.5,6,6,3.5
518,1330423473,4,5.5,6,6,4
518,1330445800,4,5.5,6,6,4.5
518,1330509932,4,5,5.5,4.5,3.5
518,1330521262,3.5,5.5,6,6,4
518,1330531443,3.5,5.5,6,6,4.5
518,1330596069,3,5.5,6,6,4
518,1330606857,3.5,5.5,6,5.5,4
518,1330617734,4.5,5.5,6,6,4.5
518,1330695241,3.5,5.5,5.5,6.5,3
518,1330704833,2,5.5,6.5,6.5,5
518,1330943098,3.5,5.5,6,6,4
518,1331033238,5,5.5,6,6,4
518,1331050262,4,5.5,6,6,4.5
509,1327918076,6.5,5.5,5.5,5.5,6
509,1327939737,4.5,5.5,5.5,5.5,4.5
509,1328004016,6.5,6,5.5,5.5,6.5
509,1328015668,5.5,3.5,4.5,5,3.5
509,1328026710,6,5.5,5.5,6.5,5
509,1328179465,3.5,5,5,5.5,4.5
509,1328189462,2.5,5.5,4,7,4
509,1328198647,6,4,6,5.5,6
509,1328263226,6,6,6.5,5.5,4.5
509,1328275270,2,6,5.5,6.5,4
509,1328522641,1.5,4,4,6,2
509,1328534114,2.5,6.5,6,5.5,3.5
509,1328544031,1,4,2,6,1
509,1328630580,1,4,4,7,1
509,1328698100,1,4,5.5,7,1.5
509,1328707841,1,4,4,7,1
509,1328717369,1,4,4,6.5,1.5
509,1328869397,1,4,6.5,7,2
509,1328878828,1,4,7,7,2.5
509,1329127774,1,4,6.5,7,4
509,1329139835,7,7,7,6,5.5
509,1329216185,1,6,6.5,6.5,4
509,1329227737,4,6,6.5,6.5,4.5
509,1329305674,6.5,5.5,7,6,7
509,1329311527,5,4,5.5,5,2.5
509,1329321728,2.5,5.5,6,7,4
509,1329387133,4,5.5,5.5,5.5,4
509,1329473156,5.5,3,7,5.5,4.5
509,1329483639,1,4,4,6.5,1
509,1329735680,1.5,4,6,6,3
509,1329819974,2.5,4,6.5,6,1
509,1329842093,5,5.5,5.5,6.5,5.5
509,1329907941,3.5,4.5,6,3.5,4.5
509,1329920970,2,5.5,5.5,5.5,4
509,1329930248,6.5,6.5,5,5.5,5
509,1329992718,1,4,7,6,4.5
509,1330009290,1.5,4,4,6,2.5
509,1330014541,2.5,4,6.5,5.5,4.5
509,1330338276,2.5,5,5.5,6,4
509,1330354538,3.5,4,5.5,6,3.5
509,1330359652,1.5,4,5.5,5.5,2.5
509,1330425921,2,5.5,5.5,6,3
509,1330435653,4.5,6.5,5.5,6,4.5
509,1330445165,5,6,6,5.5,5
509,1330513845,3,5,5.5,5.5,4
509,1330599146,5,5.5,6,6,5.5
509,1330610369,1,5.5,7,5.5,4.5
509,1330619240,1,4,5.5,5.5,4
509,1330693802,3.5,5.5,5.5,5,3.5
509,1330704767,3,3.5,4,5.5,2.5
509,1330951061,3.5,5.5,5.5,5.5,4
509,1330955113,3,4,5,5.5,4
509,1331018309,6.5,5.5,6,5.5,6
509,1331031825,6,6,6,6,7
509,1331047688,2,6,6,6.5,4
509,1331201970,3,5.5,6,6,3.5
519,1327920860,6,5,6,6,5
519,1327928903,6,5,6,6,5
519,1327939954,4,5.5,6.5,6.5,5
519,1328011063,4,6,6,6.5,4.5
519,1328019068,4.5,5.5,6.5,6.5,5
519,1328027371,4,5.5,6.5,6.5,3.5
519,1328181917,5.5,5.5,6.5,3.5,5
519,1328190640,4.5,4.5,6.5,3,5
519,1328199186,3,5.5,6.5,3,4.5
519,1328264767,4,5.5,6.5,4,4
519,1328275030,3.5,5.5,6,3,4
519,1328284986,3.5,5,6.5,5,4
519,1328524649,6.5,6.5,6,6.5,6
519,1328537438,6,6.5,6.5,6,5.5
519,1328547576,5,6.5,6.5,6.5,5
519,1328871306,6,5,6.5,6.5,5
519,1328881069,6,6,6.5,6,5.5
519,1328889805,6,5,6,6,5.5
519,1329130707,5.5,5.5,6.5,6.5,6
519,1329138338,4.5,5.5,6.5,6.5,4.5
519,1329148914,3.5,5.5,6.5,6.5,4.5
519,1329215372,4,3.5,6.5,6,4.5
519,1329230068,5.5,6,6.5,6,4.5
519,1329236210,3,5.5,6.5,6.5,5
519,1329306583,6,5.5,6.5,3,4.5
519,1329316068,3,5.5,5,6.5,3
519,1329326313,5.5,3.5,6,4,4.5
519,1329390176,4,5.5,6.5,6.5,6
519,1329399941,5.5,5.5,6.5,6.5,5
519,1329410517,5.5,6.5,6.5,6.5,6.5
519,1329475109,4,5.5,6.5,6.5,5
519,1329738245,5.5,4,6.5,6.5,5
519,1329746774,4,6.5,6.5,6.5,6.5
519,1329754554,3,5.5,6.5,6.5,4.5
519,1329822173,5.5,5.5,6.5,6,4.5
519,1329829267,4,5.5,6.5,6.5,5
519,1329994023,4,5.5,6.5,6.5,4.5
519,1330008397,4.5,5.5,6.5,6,5
519,1330015894,5,5.5,6.5,6.5,5
519,1330093704,4,6.5,6.5,6,5
519,1330101316,4.5,6.5,6.5,6.5,5
519,1330338828,4.5,6.5,6.5,3.5,5
519,1330355073,5,4,5,6,4
519,1330364375,1.5,2.5,5.5,2.5,5
519,1330425322,5,4.5,6.5,6,4.5
519,1330437346,6.5,6.5,6.5,6.5,6.5
519,1330448167,3,3,5,5,4.5
519,1330599655,4,6.5,6.5,5.5,5
519,1330611549,6,5.5,6.5,6.5,5
519,1330619149,4.5,6.5,6.5,6.5,5
519,1330695245,4,5.5,6.5,6.5,4
519,1330707850,4.5,6.5,6.5,6.5,5
519,1330944263,4.5,6.5,6.5,6.5,4.5
519,1330959891,5,6.5,6.5,6.5,5
519,1330971031,6,6.5,6.5,6.5,4.5
519,1331034827,6,6.5,6.5,6.5,6.5
519,1331043897,4.5,5.5,6.5,6.5,5
519,1331050140,4,6.5,6.5,6.5,5
519,1331203189,4.5,6.5,6.5,6.5,5
519,1331213841,4.5,6.5,6.5,6.5,5
519,1331222427,5,6.5,6.5,6.5,5
519,1331291179,5.5,6.5,6.5,6.5,5
519,1331298267,4.5,6,6.5,6,5
519,1331308833,5,6.5,6.5,6.5,5
520,1327917767,2,5.5,6.5,7,3.5
520,1327930637,5,5.5,6,6.5,4
520,1327939394,1.5,5.5,7,7,3
520,1328008952,3.5,4,6.5,6.5,3.5
520,1328014968,5.5,4,6,6.5,4
520,1328025814,2.5,5.5,6.5,6.5,4.5
520,1328091750,2,5.5,6.5,6.5,4
520,1328103752,3.5,4,6.5,6,3.5
520,1328113191,5.5,5.5,6.5,6.5,5
520,1328177313,2.5,5.5,6.5,6.5,5
520,1328187889,2,5.5,6.5,6.5,4.5
520,1328264656,2,5.5,6.5,6,3.5
520,1328274795,4.5,5.5,6,6.5,5
520,1328525429,2.5,5.5,6.5,6.5,3.5
520,1328533951,2.5,5.5,6.5,6.5,4
520,1328545713,5,6.5,6.5,6.5,4.5
520,1328608863,5,5.5,6.5,6.5,3.5
520,1328619793,5.5,5.5,6.5,6.5,4.5
520,1328632503,2.5,5.5,6.5,6.5,4.5
520,1328695483,3.5,5.5,6.5,6.5,4.5
520,1328706528,2.5,5.5,6.5,6.5,4
520,1328716986,3.5,4,6.5,6.5,4.5
520,1328782501,5,5,6,4.5,4.5
520,1328795954,4.5,5.5,6.5,6,4.5
520,1328871443,3.5,4,4,6,3
520,1328882158,5,5.5,6.5,5.5,3.5
520,1329128419,2.5,5.5,6.5,6.5,4
520,1329138985,3,5.5,6.5,6.5,4
520,1329149410,4.5,5.5,6,6.5,3.5
520,1329217361,4.5,5.5,6.5,6,4.5
520,1329302863,4.5,5.5,6.5,6.5,4
520,1329311502,2.5,5.5,6.5,6.5,5
520,1329321913,2.5,5.5,6.5,6.5,3.5
520,1329392138,5,5.5,6.5,6.5,3.5
520,1329398204,2,5.5,4,6.5,3.5
520,1329409257,3,5.5,6.5,6.5,4
520,1329472969,3.5,5.5,6.5,6.5,4
520,1329484194,5,5.5,6.5,6.5,4.5
520,1329736982,3,5.5,6.5,6.5,4.5
520,1329744478,2,5.5,6.5,6.5,4.5
520,1329754785,4,5.5,6.5,6.5,3.5
520,1329818747,2,5.5,6.5,6.5,4
520,1329842650,5.5,5.5,6.5,6.5,4.5
520,1329904887,2,5.5,5.5,6.5,2
520,1329915667,3,5.5,6.5,6.5,4
520,1329927158,5.5,5.5,6.5,6.5,4
520,1329995580,4.5,5.5,6.5,6.5,4
520,1330080574,3,5.5,6.5,6.5,5
520,1330089755,2,5.5,6.5,6.5,4.5
520,1330336867,2,5.5,6,6.5,3
520,1330347793,1.5,5.5,5,6.5,2
520,1330358583,2,5.5,6.5,6.5,3.5
520,1330424076,2,5.5,5.5,6.5,4
520,1330434367,2,5.5,5.5,6.5,3.5
520,1330445061,2,5.5,3,6.5,3.5
520,1330509999,2,5.5,6,6.5,3.5
520,1330532055,2,5.5,6.5,6.5,2.5
520,1330596254,2,5.5,5.5,6.5,3
520,1330607686,2,5.5,6.5,6.5,4.5
520,1330941668,4,5,6.5,6.5,3
520,1330957433,5,4,6.5,6.5,4
520,1330963759,4,5.5,6.5,6.5,4.5
520,1331028228,2.5,5.5,6.5,6.5,3.5
520,1331039006,3,5.5,6.5,6.5,4
520,1331051564,3,5.5,6.5,6.5,4
520,1331116516,2,5.5,6.5,6.5,4.5
520,1331125488,2,5.5,6.5,6.5,3.5
520,1331136191,2,5.5,6,6.5,3
520,1331200843,2,5.5,6.5,6.5,4.5
520,1331212357,5,5.5,6.5,6.5,5
520,1331291615,5,5.5,6.5,6.5,5.5
520,1331300236,5.5,5.5,6,6.5,4.5
541,1327917958,4,5,5,5.5,3.5
541,1327929793,4.5,5,5,5.5,4.5
541,1327939589,4,5.5,5.5,5.5,5.5
541,1328004099,4.5,5.5,6,6,5.5
541,1328015160,4.5,5.5,5.5,6,4
541,1328025874,3.5,5.5,6,5.5,4.5
541,1328090486,3.5,5.5,5.5,6,4
541,1328102031,3.5,5.5,5.5,6,4
541,1328112132,4,5.5,6,6,2.5
541,1328176826,4,5.5,5.5,5.5,4
541,1328187875,5,5.5,6,6,5.5
541,1328198553,4.5,5.5,4,6,4
541,1328264688,4.5,5.5,5.5,5.5,4
541,1328274292,3,5.5,5.5,6,2.5
541,1328284868,4,5.5,5.5,5.5,2.5
541,1328522740,3.5,5,5.5,4.5,4.5
541,1328533905,3.5,5.5,5.5,6,3
541,1328544055,3.5,5.5,6,5,3.5
541,1328613926,3.5,5.5,5.5,5.5,4.5
541,1328619805,4.5,4,5.5,5.5,2.5
541,1328630512,4.5,5.5,6,6,5.5
541,1328698288,4.5,5.5,6,6,5
541,1328706156,4.5,5.5,6,5.5,4.5
541,1328717104,3.5,4.5,5,4.5,4
541,1328781988,5,5.5,5.5,6.5,4
541,1328793258,4,5.5,5.5,6,3.5
541,1328803953,5,5.5,5.5,6,4
541,1328868176,5,6,6,6,6
541,1328880910,5,5,6,6.5,5
541,1329130487,6.5,5.5,6.5,6.5,6
541,1329149375,4,5.5,6,6.5,5
541,1329215244,3,5.5,6,6.5,4.5
541,1329227437,5,5.5,6,6,4.5
541,1329237155,5,4,6,6,4.5
541,1329303895,4.5,5.5,6,6,6.5
541,1329313198,3.5,5.5,5.5,6,5
541,1329321737,3.5,5.5,6,6,4.5
541,1329388210,3.5,5.5,6,6,5
541,1329399069,4,5.5,6,6.5,4.5
541,1329410396,2.5,5.5,5.5,6,3
541,1329473119,3.5,6,6,6.5,3.5
541,1329483903,6,6,5.5,6,4.5
541,1329734973,3.5,6,5.5,6.5,3.5
541,1329742981,3.5,5.5,6.5,6.5,5
541,1329754898,4,5.5,6,6.5,5
541,1329818920,4.5,5.5,6.5,6.5,5
541,1329829630,5,5.5,6.5,6.5,4
541,1329840071,4.5,3.5,6,6.5,5
541,1329904909,5,5.5,6.5,6,4.5
541,1329915664,4.5,5.5,6,6,4
541,1329926537,3.5,5.5,6.5,6,5
541,1329991308,5,6,6,6.5,5
541,1330007939,3.5,5.5,6,6,5
541,1330013029,5.5,4.5,6,5,6
541,1330079538,4,6,6.5,6.5,5
541,1330089400,4,5.5,6.5,6,5
541,1330100040,4,5.5,6,6,3.5
541,1330349512,5,5.5,6,6,3.5
541,1330363230,3,5.5,5.5,6,3.5
541,1330423323,4.5,3.5,4.5,5.5,4.5
541,1330434185,6,5.5,5.5,6,4.5
541,1330444951,4,5.5,6,6,4
541,1330520834,3,6,6,6,3.5
541,1330531303,4,5.5,6,6.5,4
541,1330596297,4,6,6.5,6.5,4.5
541,1330617917,4,6,6.5,6.5,5.5
541,1330696101,5.5,5.5,6.5,6.5,5.5
541,1330706355,6,6.5,6.5,6.5,6
541,1330942057,4.5,6,6.5,6.5,4
541,1330954308,3.5,6,6.5,6.5,4.5
541,1330963295,3.5,5.5,5.5,6,4.5
541,1331028097,3.5,5,6,5.5,6
541,1331041742,3,5.5,6.5,5.5,5
541,1331051714,5.5,5,6.5,6,6
541,1331114525,5,3.5,6.5,5.5,5
541,1331127128,5.5,6,6,6.5,6
541,1331138038,4,6,6.5,6.5,5
541,1331202807,4,5,6.5,6,5
541,1331211894,5.5,5.5,6,6.5,6
541,1331222671,4,5.5,6.5,6.5,3.5
541,1331287513,4.5,6,6.5,6.5,5.5
541,1331298444,4,6,6.5,6.5,5.5
541,1331309256,5,5.5,6.5,6.5,5.5
538,1327928874,3.5,5,5.5,6.5,3
538,1328004232,5,5.5,6,6.5,2
538,1328023333,6,5.5,5,6.5,6
538,1328026817,6,5,6.5,6,6.5
538,1328090571,4,6,4.5,6.5,3
538,1328102533,5.5,5.5,6.5,5,5.5
538,1328115529,6.5,6,6.5,6,6
538,1328182174,2,5.5,4.5,4.5,2.5
538,1328191957,2,5.5,5.5,6.5,3
538,1328198897,4,5.5,3.5,5.5,3.5
538,1328534571,2,4.5,4.5,6.5,2.5
538,1328546621,3,4,5,5.5,3
538,1328612212,2.5,5.5,5.5,5.5,2
538,1328621824,3.5,5.5,4,5.5,2
538,1328631680,3,4.5,5.5,6,2.5
538,1328703963,4,5,5.5,6,3
538,1328714238,3.5,3.5,5,5.5,3.5
538,1328720398,3,5.5,5,5.5,5
538,1328785170,4.5,5.5,5.5,6.5,4.5
538,1328794532,3,5.5,6,6,4.5
538,1328806484,5,4.5,5.5,4,4.5
538,1328871558,6.5,5.5,5.5,6.5,6
538,1328882434,2,4.5,5,5.5,3
538,1328891234,5,5.5,5.5,6,5
538,1329132927,2,5,5.5,6.5,5.5
538,1329142403,4,5.5,4.5,6,3
538,1329152425,4.5,4,5,5.5,3.5
538,1329220821,4,5.5,5.5,6,5.5
538,1329228528,5.5,5.5,5.5,6.5,5
538,1329301010,2,5,4.5,5.5,2
538,1329318108,2.5,5,4.5,6,2.5
538,1329324484,3,5.5,4.5,6,4.5
538,1329389882,7,6,3,6,5
538,1329408738,2.5,5.5,3.5,5,2
538,1329485088,4,5.5,4.5,7,3
538,1329820239,3,5.5,3,6,2.5
538,1329833938,5.5,5.5,2.5,6,3
538,1329845079,3.5,5.5,3.5,6.5,3
538,1329907237,6.5,4.5,2,6,5.5
538,1329924272,3.5,5,5,5.5,3
538,1329995753,5.5,6.5,4.5,5,5.5
538,1330013468,5,5.5,5.5,6,4
538,1330078516,2.5,4.5,2.5,6,3
538,1330094394,3.5,5.5,4.5,6,5.5
538,1330101460,6.5,6,4.5,6,6
538,1330349558,5,5,4.5,6,3.5
538,1330363632,2.5,5,5.5,6,4.5
538,1330437845,2,3,6,3.5,4
538,1330447030,4.5,4.5,4,4.5,5.5
538,1330515529,5.5,4,5,6.5,5
538,1330534492,2.5,4.5,5,4,2.5
538,1330613861,2,4.5,3.5,5.5,3
538,1330619783,4.5,5.5,5,5,3
538,1330944528,4.5,4,3,5.5,3
538,1330954759,2.5,4.5,3.5,6,3.5
538,1331031075,5,5.5,5.5,5,5
538,1331040684,5.5,4.5,2.5,6.5,3.5
538,1331053407,2,4.5,6,3.5,2
538,1331121821,3.5,4.5,6,6,3
538,1331132726,3,4.5,3.5,5,3
538,1331137538,6,5,5.5,5,4.5
538,1331215432,3.5,2.5,5,2.5,3.5
510,1327922284,4.5,5.5,5.5,5.5,4
510,1327928420,5.5,5.5,5,5.5,3.5
510,1327939484,3,5.5,5.5,5.5,5
510,1328005035,5,6.5,4,6.5,5
510,1328026844,4,5.5,5.5,5.5,5
510,1328104206,6,6,6,5.5,5
510,1328112117,5,5,4,5.5,6
510,1328178621,3.5,5,5.5,5,5
510,1328187653,5.5,6.5,6,5.5,4.5
510,1328199228,6,6,6,6,4
510,1328263324,5,5.5,6,3.5,5
510,1328274771,5,6.5,5.5,5,5
510,1328284834,3.5,5,6,4,3.5
510,1328535792,3,4,4,4,3
510,1328544035,4,4,4.5,4.5,4
510,1328609641,4.5,4,5.5,2.5,4.5
510,1328623668,5,5,5.5,4,5.5
510,1328631277,2.5,3.5,5.5,3,4.5
510,1328696056,3,5.5,6,4,4.5
510,1328708508,5.5,5.5,5,3,5
510,1328717074,4,5.5,6.5,4,4.5
510,1328782953,3.5,5,5.5,3,4.5
510,1328792688,4.5,5.5,5.5,5.5,4
510,1328803875,3.5,5,5.5,5,4.5
510,1328890212,3.5,5,5.5,4,3.5
510,1329127444,4.5,5.5,6,3,5
510,1329138903,3.5,5.5,7,3,4
510,1329154779,1.5,5.5,5,4,1.5
510,1329213875,3,5.5,6.5,3,3.5
510,1329230098,3.5,5.5,6,4,3.5
510,1329235812,3,4.5,5.5,4,3.5
510,1329301494,5,5.5,6,5,6.5
510,1329311801,5,5.5,3,5,3
510,1329321856,3,5,6,3,5
510,1329387184,5,6,4.5,4,4.5
510,1329398394,3,6,3.5,3.5,4
510,1329408457,2,5.5,5,5.5,5
510,1329473043,4.5,6,5,5.5,5
510,1329483770,4,4,6,5,5
510,1329495682,2.5,5,6,5.5,3.5
510,1329732089,2,2.5,6.5,2,2.5
510,1329742855,2,5,7,3,3
510,1329760819,2.5,5,6.5,4,1.5
510,1329824177,4,6,6,5,4
510,1329832291,5,4,2.5,3.5,4
510,1329840256,2.5,4,6.5,3,2.5
510,1329911019,5,6.5,5,4.5,4
510,1329916812,5,5.5,3,4.5,4
510,1329928039,3.5,6,7,4.5,4
510,1329992039,3,5.5,5,4.5,4
510,1330008039,2.5,6,6,3,5
510,1330012946,6,5.5,5,5,4.5
510,1330081153,5,4.5,6,5,5
510,1330089443,4,6.5,6,5,4
510,1330100167,3.5,6,5.5,4,5
510,1330954651,5.5,5.5,6,6,5
510,1330963432,4,5,5.5,6,4.5
510,1331042598,5.5,5.5,6.5,5.5,4.5
510,1331053403,5,3.5,6.5,4,4.5
510,1331125748,4,5.5,4.5,5,3
510,1331136278,3,5,6,5,4
510,1331200950,2,5.5,7,4.5,6
510,1331211993,3.5,4,4,3,4
510,1331224705,3,6,7,5,4.5
510,1331299018,5,5.5,4,5.5,3.5
510,1331312717,2.5,5.5,7,5,5.5
504,1327917766,5,5.5,6,6.5,6.5
504,1327929019,7,7,7,7,6.5
504,1327942063,6.5,6,7,7,6.5
504,1328026300,6.5,6,6.5,6.5,5.5
504,1328093942,7,6.5,6.5,7,5.5
504,1328176829,4.5,6.5,7,7,6.5
504,1328188215,5.5,6.5,6.5,6.5,6.5
504,1328198453,5.5,6.5,6.5,7,5
504,1328263268,5.5,6.5,7,7,5.5
504,1328274139,5.5,6.5,6.5,7,5.5
504,1328529467,6.5,5.5,7,7,6.5
504,1328536907,7,5.5,7,7,6
504,1328544038,6.5,5.5,6.5,7,6
504,1328609256,5,5.5,6.5,7,5
504,1328695578,6.5,5.5,7,7,6.5
504,1328709346,7,5.5,7,7,7
504,1328716848,6.5,5.5,7,7,7
504,1328781816,6.5,5.5,7,7,7
504,1328792434,5,5.5,6.5,7,6
504,1328805341,6.5,5.5,6.5,7,5.5
504,1328869206,5,5.5,7,7,6
504,1328879583,4.5,5.5,6,7,6.5
504,1328890578,7,5.5,7,7,7
504,1329130330,5,5.5,6.5,7,6.5
504,1329139043,5,5.5,7,7,6
504,1329149262,5.5,5.5,6.5,7,6.5
504,1329213629,6.5,5.5,7,7,6.5
504,1329235816,5,5.5,7,7,6.5
504,1329300083,5,5.5,6,6.5,6.5
504,1329322666,7,5.5,6.5,7,6.5
504,1329386438,5,5.5,6.5,6.5,5
504,1329397688,4.5,5.5,7,7,5
504,1329408104,6.5,5.5,7,7,6.5
504,1329472941,6.5,5.5,7,7,6
504,1329732660,5,5.5,6.5,6.5,6.5
504,1329745291,6.5,5.5,6.5,7,6.5
504,1329753640,5,5.5,6.5,7,6.5
504,1329818928,4,5.5,7,7,5
504,1329829519,5,5.5,7,7,6
504,1329840076,7,5.5,7,7,7
504,1329993429,5,5.5,7,7,6.5
504,1330014006,7,5.5,7,7,6.5
504,1330077838,6.5,5.5,6.5,7,7
504,1330336893,7,5.5,7,7,7
504,1330423350,5.5,5.5,7,7,7
504,1330434028,5,5.5,7,7,6.5
504,1330444901,5,5.5,7,7,6.5
504,1330510731,7,5.5,7,7,7
504,1330596783,7,5.5,7,7,7
504,1330607646,6.5,5.5,7,7,6.5
504,1330952533,7,5.5,7,7,7
504,1330965486,7,5.5,7,7,7
504,1331028094,7,5.5,7,7,7
504,1331041593,7,5.5,7,7,7
504,1331049933,5,5.5,7,7,7
504,1331114860,5,5.5,7,7,7
504,1331201214,7,5.5,7,7,7
504,1331212584,5.5,5.5,7,7,7
504,1331291761,7,5.5,7,7,7
504,1331298262,7,5.5,7,7,7
521,1328005239,4,3.5,5.5,3.5,5.5
521,1328015874,4,4,5.5,3,4
521,1328026025,5,4,5.5,4.5,6
521,1328092291,2.5,5,6,4.5,4.5
521,1328101519,5.5,6.5,5.5,5.5,6.5
521,1328112453,4,6,5,3,3
521,1328180966,5,6.5,6,6,6.5
521,1328189831,3.5,5.5,4,4,4
521,1328198953,2.5,5,3.5,2,4
521,1328275743,6,6,6,5.5,6
521,1328285439,5,6,5,5,4
521,1328522550,4.5,5.5,5.5,5.5,5.5
521,1328535881,3.5,6,6,6,4.5
521,1328544848,3.5,6.5,4.5,6.5,5
521,1328610333,3,6,4,5.5,5.5
521,1328623921,3.5,6.5,6,5.5,6
521,1328631726,5.5,6,6,5.5,3.5
521,1328699557,4,6,5.5,5.5,5
521,1328706094,4.5,6,5,5,5
521,1328717100,2,4.5,3,3.5,3.5
521,1328783690,5,6,4,5.5,4.5
521,1328793422,6.5,6,5,5.5,5.5
521,1328805023,5.5,6.5,5.5,6,5
521,1328881120,5,6,5.5,5,5.5
521,1328889820,3.5,4.5,2.5,2,2
521,1329139087,5,6,6.5,6,6
521,1329149412,6,4.5,6,4,4.5
521,1329222433,5,6,5.5,5.5,5
521,1329226169,4,5.5,4,6,6
521,1329236125,4,5.5,5,5,6
521,1329307932,2.5,5,4,6,4.5
521,1329390124,3,5,5.5,6,5
521,1329398890,3,6,5.5,5.5,3.5
521,1329408474,3.5,6,5,5,5
521,1329485157,4,5.5,4.5,5,4.5
521,1329498360,2,5,3,4,5
521,1329732347,3.5,5.5,4.5,5,4.5
521,1329744553,4,5,5,4,5.5
521,1329753820,4,5.5,5,5.5,5.5
521,1329821973,4,6,5,4.5,4.5
521,1329830878,4,5,5,5.5,5
521,1329842298,5,6,4.5,5,5
521,1329907027,4.5,5,4.5,4,5
521,1329916168,3.5,5,5,5,4
521,1330004151,4,5.5,4,5,4.5
521,1330009384,3,5,5,5.5,4
521,1330013161,3,4,5,5.5,4.5
521,1330089616,4,5.5,5,5.5,4.5
521,1330100804,4,6,5,5,5
521,1330343374,3.5,5,4.5,5,4
521,1330351275,4,5.5,5,5.5,4.5
521,1330358858,4,4,4,4,4
521,1330424626,3,5.5,5.5,6,4.5
521,1330434271,3,6,5.5,5.5,5
521,1330513213,3.5,5,5,5,3.5
521,1330524614,4,5,5.5,5,5
521,1330532843,4,5.5,5,6,4.5
521,1330597743,3,6,5.5,6,4.5
521,1330607345,4,6,4.5,6,4.5
521,1330619105,4.5,6,5,5.5,5
521,1330943512,3.5,5.5,5,5,5
521,1330953687,3.5,6,5,5.5,4.5
521,1330964234,2,6,4.5,6,5
521,1331028949,2.5,6,6,6,5
521,1331043924,3,5.5,4,4.5,5
521,1331052456,3,5.5,6,5.5,5.5
521,1331117599,4,6,5.5,4.5,5
521,1331125901,4,6.5,5,6,4
521,1331203945,2,6,5,5.5,4.5
521,1331220043,3,4,5.5,6.5,3.5
521,1331222707,2.5,5,4,5.5,4.5
521,1331291719,4,6.5,6,6,4.5
521,1331299478,5.5,6.5,6,5,4
511,1327922548,6,5,6,5,5
511,1327929395,3.5,4.5,5,5,4.5
511,1327942079,2.5,5,5,5.5,3.5
511,1328004025,4,6,5,5.5,5
511,1328017300,6,5.5,5,4.5,4
511,1328027964,5,6,6.5,5,4.5
511,1328092920,2.5,5,5,5,3
511,1328105141,3.5,5.5,5,5,4
511,1328115468,4.5,5.5,4.5,6,4.5
511,1328178363,3.5,5.5,6,6.5,5
511,1328189290,5,5.5,4,5,4.5
511,1328198472,2.5,5.5,5.5,6,4.5
511,1328263947,3.5,5,5,5,3.5
511,1328275250,4.5,6,3.5,5.5,4.5
511,1328536139,3,5.5,4.5,1.5,3.5
511,1328552112,2,5.5,4.5,4.5,4
511,1328610373,3,6,6,6,5
511,1328623707,4.5,5,5.5,3.5,3.5
511,1328630880,1.5,4.5,4.5,4.5,3.5
511,1328695682,2.5,5.5,6,5.5,4.5
511,1328709838,3.5,5.5,6,6,4
511,1328717327,3.5,5,5.5,5,4
511,1328783876,3.5,5,5.5,5,4.5
511,1328792716,3,6,5,5.5,4.5
511,1328804018,2.5,5.5,4.5,5,3
511,1328868162,3,4.5,6,5.5,4.5
511,1328878861,3.5,5,4.5,4,3
511,1328895401,4,6,6,4,5
511,1329130287,4.5,5.5,5.5,5.5,4.5
511,1329154932,4.5,5.5,6,4,5.5
511,1329213726,5,5.5,6,4,5
511,1329226914,4.5,5.5,5.5,5.5,5.5
511,1329300931,2.5,5.5,6.5,6.5,4
511,1329313810,4.5,6,5,5.5,4.5
511,1329322028,3.5,5.5,6.5,5.5,5
511,1329387248,5.5,5.5,5.5,5.5,5.5
511,1329398019,5,6,6,5.5,4.5
511,1329409073,2,5,4.5,4,4
511,1329473433,3.5,5.5,6,5,5.5
511,1329484065,5,6,5.5,5.5,5
511,1329732298,4.5,5.5,6,5,4
511,1329743965,2,5.5,5.5,4,3
511,1329755620,3,5.5,5.5,4.5,4.5
511,1329818850,3.5,5.5,6,5,5
511,1329831043,4.5,4.5,4.5,5.5,4
511,1329842052,3,5.5,6,4.5,4
511,1329910423,4.5,5.5,6.5,4,5.5
511,1329916609,4,6,5.5,5.5,4
511,1329929341,3.5,5.5,6,5.5,5
511,1329995281,3,6,6,5.5,5.5
511,1330008725,3.5,5,6.5,6,5.5
511,1330014181,3.5,6,6,5.5,4.5
511,1330082897,5.5,5.5,6.5,4,5.5
511,1330090753,3.5,6,6,5.5,4.5
511,1330099938,3,6,4,5.5,4
511,1330337300,4,5.5,6,5.5,4
511,1330348628,3,6,6.5,5.5,5
511,1330359809,3.5,5.5,7,5,5
511,1330424002,3.5,5.5,6,5.5,4.5
511,1330434035,3.5,5.5,5,5,4.5
511,1330445318,3,5.5,6,5,4.5
511,1330510807,3,5.5,6,5,4
511,1330525623,3,5.5,4,4.5,4.5
511,1330597577,5,6,6,4,5.5
511,1330606951,2.5,5.5,5,3,2.5
511,1330618465,2.5,5.5,5.5,3.5,3.5
511,1330693889,4,6,3.5,4.5,2.5
511,1330704907,3,5.5,3,5,3
511,1330941988,3,6,6,6,4.5
511,1330955317,4,5,6,5,3.5
511,1330963988,4.5,4,5.5,4.5,4.5
511,1331031935,4.5,5.5,6,5,5
511,1331039543,4,6,5.5,4.5,4.5
511,1331051865,4.5,6,5.5,5.5,4
511,1331115665,3.5,6,6.5,5.5,5.5
511,1331128916,4.5,5.5,5.5,5,5
511,1331136390,4.5,6,5,5.5,4.5
511,1331201868,4,6,6.5,5.5,4.5
511,1331212444,4,6,6,5,6
511,1331222865,3,5.5,6,5.5,4.5
511,1331287735,4,6.5,6.5,6.5,6
511,1331299835,4.5,5.5,6,4,5
511,1331309108,5,5.5,5,5.5,5
542,1327918142,4.5,4.5,4.5,6,5
542,1327932573,4.5,5,5,5,4
542,1327939283,5,5,5.5,5.5,5
542,1328007971,4,3,5.5,3.5,5
542,1328016939,5.5,5,5,5,4
542,1328025765,4,3,5.5,3,4.5
542,1328094161,3.5,5.5,5.5,4.5,4
542,1328176863,4,4,5.5,4,4.5
542,1328189649,4,5,6,6,4
542,1328198497,3.5,5,5.5,5.5,5
542,1328263261,3.5,4.5,4,5.5,4
542,1328274825,5.5,4.5,3,5.5,5.5
542,1328523288,4,5,6,6,4.5
542,1328535203,5.5,4.5,5.5,5,5.5
542,1328544672,4,5.5,6,6,5.5
542,1328608863,4,5.5,6,6,5.5
542,1328619644,4.5,5.5,6,6,6
542,1328630492,4.5,5.5,6.5,6,5.5
542,1328696410,3,5.5,4.5,6,3.5
542,1328706347,4,4,5.5,5.5,4.5
542,1328716938,3.5,5.5,6.5,6,5.5
542,1328792425,4,5,6,6.5,5.5
542,1328803967,6.5,5.5,6.5,6.5,6
542,1328876037,4,4,6.5,4.5,6
542,1328881896,4,5.5,6.5,6,6
542,1328894523,4,4.5,6.5,6,5.5
542,1329226290,4,5.5,6,6,3.5
542,1329235216,4,5.5,6,5.5,4.5
542,1329302317,4,6,6.5,6.5,6
542,1329323852,5,5.5,6.5,6,6.5
542,1329386459,6,6,6,6,6
542,1329399817,5.5,4.5,6.5,6,6
542,1329413268,6,5.5,5.5,4,6
542,1329472927,6,6,6.5,5.5,5.5
542,1329489659,4.5,3.5,6.5,6,6
542,1329494762,4,6,6.5,6,6
542,1329734194,3.5,5,6,5.5,4.5
542,1329748624,4,5.5,5.5,6,5.5
542,1329755515,4.5,5.5,6.5,6,5
542,1329843472,4,4.5,6.5,6.5,5
542,1329918636,5.5,4.5,6.5,5.5,5.5
542,1329933653,4.5,4.5,6,5.5,5.5
542,1329999275,5.5,2.5,6,4,4.5
542,1330084448,2.5,5.5,6.5,6.5,5.5
542,1330092371,4.5,4,6.5,6,5
542,1330103878,5,5,6,6,4
542,1330350382,4,5.5,4.5,5.5,5
542,1330358877,4.5,5,6.5,5.5,5
542,1330427593,4.5,5.5,6,5.5,5.5
542,1330436081,4,6,5.5,6,5.5
542,1330447977,4,5.5,6,5.5,5.5
542,1330512207,4,6,5.5,5.5,5
542,1330533239,4,5.5,5.5,6.5,5.5
542,1330608412,4,5,6,6.5,5.5
542,1330617728,4.5,5,6.5,6,5.5
542,1330696177,5,4.5,6,6,6
542,1330944054,4.5,5.5,6.5,5.5,5
542,1331049996,5,5.5,5.5,6.5,6
542,1331114717,4.5,6.5,6,6.5,6
542,1331125663,4.5,5.5,6,5.5,5.5
542,1331138684,3.5,5,5.5,5.5,4
542,1331203396,5.5,4.5,6.5,6,5
542,1331218834,3.5,4.5,6.5,5.5,5
534,1328004242,4,5.5,6,6,5.5
534,1328014997,5.5,5.5,5.5,5.5,5.5
534,1328027216,4,6,6,5.5,5.5
534,1328101765,3,3.5,4,4,3
534,1328187655,4,5,4,5.5,5
534,1328199455,4,5,5,5.5,5
534,1328274075,4,5.5,4.5,5.5,5.5
534,1328284967,3.5,5.5,5,5.5,3.5
534,1328522699,2.5,4.5,4,4.5,4
534,1328533662,4,5,5.5,5.5,5
534,1328546302,3.5,5,5.5,5.5,4.5
534,1328619724,4,5.5,5.5,5.5,5
534,1328635595,6,6,4,5.5,5.5
534,1328696410,4,4.5,6,5.5,5.5
534,1328707448,4.5,6,6.5,6.5,6
534,1328718687,4,5.5,5.5,5.5,5.5
534,1328792431,4,5.5,5.5,5.5,6
534,1328804059,4,5,5.5,5.5,5.5
534,1328868102,4,5.5,6,6,6
534,1328880424,4,5,4,5.5,5.5
534,1328893296,5,6,3.5,5.5,5.5
534,1329149869,3.5,6,5.5,5.5,5.5
534,1329228512,3,5.5,5.5,5.5,5.5
534,1329238189,4,5,5,5.5,5.5
534,1329300104,2.5,4,5.5,4,5.5
534,1329312520,5,5,5.5,5.5,5.5
534,1329323392,4,5.5,6,6,5.5
534,1329402521,3.5,5.5,5.5,5.5,5.5
534,1329412035,4,5.5,5.5,5.5,6
534,1329474057,4,5,5.5,5.5,5
534,1329486973,3.5,5,5.5,5.5,5.5
534,1329498754,4,5,5.5,5.5,5.5
534,1329733863,5,5.5,5.5,5.5,5.5
534,1329744654,4,5.5,6,4,6
534,1329756588,3.5,5,6,5.5,5
534,1329829403,3.5,5,5.5,5.5,5.5
534,1329844613,4,5,5.5,6,5.5
534,1329928679,4,5.5,5.5,5.5,5.5
534,1330002356,4,5.5,5.5,5.5,5.5
534,1330017054,4,5,5.5,5.5,5.5
534,1330091239,3.5,5.5,6,6,5.5
534,1330101563,3.5,5,5.5,6,5.5
534,1330349662,4,5,6,6.5,5
534,1330362274,4,5,5.5,5.5,5.5
534,1330440057,4,5.5,6,6,5.5
534,1330449802,4,5.5,5.5,5.5,5.5
534,1330522462,4,5.5,5.5,5.5,4
534,1330536847,4,5.5,6,5.5,6
534,1330611048,3.5,5,5.5,6,5.5
534,1330618527,4,5,5.5,5.5,5.5
534,1330957807,4,5.5,5.5,5.5,5.5
534,1330963856,4,5.5,5.5,5.5,5.5
534,1331039961,4,5,5.5,5.5,5.5
534,1331054226,4,5,5.5,5.5,5.5
534,1331136104,4,5,5.5,5.5,5.5
534,1331214851,4,5.5,5.5,5.5,5.5
534,1331222547,4,5.5,5.5,5.5,5.5
534,1331301249,6,5.5,5.5,6,6
522,1327917778,2.5,4,5.5,2.5,2.5
522,1327932900,2.5,5,5.5,4,2.5
522,1327939357,2.5,4,4.5,5,4
522,1328008881,3.5,5,5.5,5,5.5
522,1328017567,2.5,5,5.5,5.5,4
522,1328027448,2,4,4,4,3
522,1328177158,5,5.5,5.5,6,4.5
522,1328189650,3,5,6,6,4.5
522,1328198705,3,4,4,4,4
522,1328263562,2.5,2.5,4.5,3,4
522,1328277899,3.5,4,4.5,4.5,3.5
522,1328285124,2.5,4.5,5.5,5.5,5
522,1328695383,3.5,3.5,4,3.5,4
522,1328710324,4,4,4.5,4.5,4
522,1328717067,2.5,4,5,4.5,4.5
522,1328782137,3,4.5,5,5,4
522,1328799325,2,4,6,6,4
522,1328872017,2.5,4,4.5,4,4.5
522,1328880732,3,5,5.5,5.5,4
522,1328889972,3.5,5,5.5,5.5,4
522,1329127435,3.5,4,5,5.5,4
522,1329141438,4,4,4,5.5,4
522,1329149963,3.5,4,5,5.5,4
522,1329302310,4,5,5.5,5.5,4
522,1329314474,2.5,5,5.5,5.5,3
522,1329322784,3.5,4,5,6,4
522,1329388664,4,4.5,5.5,5.5,4.5
522,1329401103,3.5,5,5,5.5,4
522,1329411546,4.5,5,5.5,6,3.5
522,1329474609,4,4.5,5,5.5,3
522,1329487058,2.5,5,5.5,6,3.5
522,1329495719,3,5,5,5.5,4
522,1329732581,2,5,5,6,4
522,1329746791,2,5.5,6,6,3
522,1329756386,3.5,4.5,5.5,5.5,4.5
522,1329818540,3,5,5.5,6,3.5
522,1329834104,2.5,4,5,5.5,4
522,1329841082,3,4.5,5.5,5.5,3.5
522,1329904977,2.5,4,5.5,5.5,3
522,1329917956,2.5,5.5,6.5,6.5,4
522,1329926681,3,4,6,6,4.5
522,1330007776,1.5,4.5,4.5,6,3.5
522,1330013120,2.5,5.5,5,5.5,4
522,1330078376,3,4,5.5,5.5,3
522,1330091349,2.5,5,5.5,5.5,4
522,1330100321,2,5,6,6,3.5
522,1330337130,3,5,5.5,5.5,4
522,1330349484,2,5,5.5,6,3.5
522,1330360650,3.5,4,4,4,4
522,1330423340,2.5,4.5,4.5,5,4
522,1330437907,3.5,5,5.5,5.5,3.5
522,1330446423,2,4.5,4.5,4,3.5
522,1330510310,2,2.5,3,3,2.5
522,1330523190,2.5,2.5,3,3.5,2.5
522,1330596773,3.5,4,4.5,4.5,5
522,1330610163,3,5,5.5,5.5,4.5
522,1330619376,3.5,4.5,5.5,4,4
522,1330941832,4,5,5.5,5.5,4
522,1330956620,2.5,3.5,4,5,4
522,1330963655,4,4,4.5,4,3.5
522,1331029859,4.5,3,5.5,5,5
522,1331046549,4,4,5.5,5.5,4.5
522,1331050377,2.5,4,4.5,5,3.5
522,1331115801,3,4,5,5,3.5
522,1331131503,2,4.5,5.5,5.5,4
522,1331136740,2.5,4,5.5,5.5,3.5
522,1331201216,3,5,5.5,5.5,4.5
522,1331213070,4.5,4,5,5,4
522,1331223345,2.5,3,5.5,6,4
522,1331287330,4,3.5,4,4,3
522,1331298264,3.5,4.5,5.5,4.5,4
522,1331309456,2.5,4,5,4.5,3.5
502,1328006721,4,4,4,4,4
502,1328095199,4,5,4.5,4.5,4
502,1328108834,4,4.5,5,5,4
502,1328176837,3.5,4.5,5,5,3.5
502,1328188277,4,4,5,4.5,4.5
502,1328198594,4,5,6.5,4,4
502,1328263533,3.5,4,5,4.5,4
502,1328525080,4,4.5,5,4.5,4
502,1328533584,4.5,4,4.5,4.5,4
502,1328544044,4,5.5,5.5,6,4
502,1328611443,4,4,6,5,4.5
502,1328795314,4,4,6,6,4
502,1328868315,4,4,5.5,5.5,4
502,1329128649,4,4,5.5,5.5,4
502,1329149938,4,5,5,5,4
502,1329214640,3.5,4,5.5,5.5,3.5
502,1329301115,2,4,6,6,4
502,1329318838,3.5,5,6,6,3.5
502,1329321735,3,4,4,3,4
502,1329387265,4.5,5.5,4.5,5.5,5.5
502,1329397806,3.5,4,5.5,4,4
502,1329474796,5.5,4,6,5.5,5
502,1329818500,2,5.5,5.5,6,4
502,1329840098,4,4,4,3.5,4
502,1329992509,4,5,6,5.5,5
502,1330008743,3,5.5,5.5,6,4.5
502,1330078151,4.5,4,5.5,5.5,5.5
502,1330336847,3,5.5,6,6,3
502,1330423624,4,5.5,5.5,5.5,4
502,1330509778,2.5,6,6,6,5.5
502,1330531454,4,4,4,4,4
502,1330602534,2.5,4.5,5.5,5.5,4
502,1330941711,4,5,6,6,5
502,1330963328,4,5.5,6,4.5,5.5
502,1331029376,6,4,6,5,3.5
502,1331200938,3.5,5.5,6,5,2.5
502,1331287379,3,4,6,6.5,5.5
523,1327917910,3.5,6,6,6,3
523,1327941277,4,5.5,5.5,5.5,3.5
523,1328004181,5,5,5.5,6,5.5
523,1328015626,6,6,5.5,6,5.5
523,1328027769,4,6,6,6.5,6
523,1328094225,6,6,6,6,5.5
523,1328112163,5.5,6,5.5,6,5.5
523,1328177467,6,6,4,6,5.5
523,1328190701,5.5,6,6.5,6,5
523,1328695531,4.5,6,6.5,6,5.5
523,1328712608,4.5,3,5.5,4.5,3.5
523,1328717986,3.5,5,6,5,5.5
523,1328782588,5,4,6,6,5
523,1328804073,2.5,5.5,5,6.5,5
523,1328868263,5,4.5,3.5,6,4
523,1328881117,5.5,5.5,5.5,5.5,5.5
523,1328893038,5,5,5.5,5.5,4
523,1329127457,4.5,5.5,6.5,6.5,4.5
523,1329222466,5.5,5,6,6,4.5
523,1329302931,4.5,5,6,6,6
523,1329312903,5.5,6,6.5,6.5,6
523,1329322213,5.5,6,4,6,5
523,1329390196,5.5,6,6,6,3.5
523,1329400074,5,5,6,6,4
523,1329410242,6,6,6,5.5,5.5
523,1329473220,5.5,5,6,5.5,4.5
523,1329484860,5,6,6,5.5,3.5
523,1329732324,4.5,6,6,5.5,4.5
523,1329744885,5,5.5,6,6,5.5
523,1329818567,3.5,6,6,6,4.5
523,1329842784,5.5,6,6,6,4.5
523,1330337977,6,5.5,5.5,6.5,5
523,1330360436,5.5,6,4.5,6,5.5
523,1330423452,5.5,5,5.5,5.5,4.5
523,1330434896,3.5,4,6.5,6,3.5
523,1330445889,3,4,5,6.5,4.5
523,1330525217,5.5,5,6,5.5,5
523,1330534407,5,5.5,6,6,5
523,1330598164,3,4.5,6.5,6,4.5
523,1330695663,3.5,5,5.5,6,4.5
523,1330956704,5,5.5,6,6,5.5
523,1331031016,5,5.5,4,6,5.5
523,1331053033,2.5,5,6.5,6,3.5
523,1331129686,4,5.5,5,5.5,5
523,1331203012,3,5,6,6,4
523,1331299882,5,5.5,5.5,6,6
543,1327918230,5,6,6,7,4
543,1327929869,4,6,6,6.5,4
543,1327940212,4,5,6,6,3.5
543,1328008810,3.5,6.5,5.5,6,4.5
543,1328015811,4,5.5,6.5,6.5,4
543,1328026223,3,5.5,4,5.5,4
543,1328090499,4,5.5,6.5,6.5,4
543,1328102111,4,4,6.5,6.5,4
543,1328112305,5,5.5,5.5,5.5,5
543,1328177595,3.5,5.5,5,6,3
543,1328201323,3,5.5,6,6,6
543,1328263396,5,5,6,6.5,5.5
543,1328274696,4,2,5,5,4
543,1328533898,4,4,4.5,3.5,3.5
543,1328544055,2.5,5,5,6.5,4.5
543,1328609885,3.5,5.5,5.5,6,4
543,1328619797,4,6,6,6,3.5
543,1328632495,3.5,6,6,6,4.5
543,1328709793,4.5,4,5.5,6,4
543,1328718402,4.5,4.5,5.5,4.5,4
543,1328793676,3.5,6,6,5.5,2.5
543,1328805356,2.5,5,5.5,6,5
543,1328869576,5.5,5.5,6.5,6,5
543,1328878885,3,5.5,6,5.5,3.5
543,1328891516,2.5,5,5.5,5.5,3
543,1329127534,3,5.5,5.5,2.5,2.5
543,1329144168,4,5.5,5.5,5,4.5
543,1329149008,4,3,4,5.5,3.5
543,1329218418,3.5,4,5.5,5.5,3
543,1329226515,5.5,3.5,4.5,3.5,3.5
543,1329238610,3.5,2.5,6,5.5,2
543,1329314640,3,3,5,6,3
543,1329325933,3.5,3,5.5,5,2.5
543,1329473343,4.5,2.5,6,6,4
543,1329490643,6.5,5.5,5.5,6.5,6
543,1329916643,2.5,5.5,6,6,2.5
543,1330077975,4.5,5.5,6.5,6,6
543,1330089361,3.5,5.5,6,5.5,4.5
543,1330336908,6,7,6.5,6,5.5
543,1330352400,2.5,5.5,6.5,6,3
543,1330423025,3,3.5,5.5,4.5,6
543,1330447898,4,5,6.5,5.5,5
543,1330516142,5.5,5.5,6,6.5,5
543,1330599041,3.5,5.5,6,6,5.5
543,1330612580,4.5,5,6.5,6,4.5
543,1330619740,4,5,7,6.5,5.5
543,1330705160,4.5,6,5.5,7,6
543,1330952676,5,5.5,6.5,7,4.5
543,1330963822,4,5,6.5,6,5
543,1331028663,5,5.5,6.5,6,5
543,1331050661,5.5,6,6,6,6
543,1331125647,5,5.5,6,6,4.5
543,1331137795,5,6,6,4.5,5
543,1331213567,3.5,4.5,6.5,5.5,4.5
543,1331223002,3,5.5,5.5,6,6
543,1331302631,4,6,6,5.5,4
553,1327917737,5.5,5.5,5.5,6.5,3.5
553,1327942186,3.5,4.5,5.5,6.5,3
553,1328016736,2.5,5,3.5,4,2
553,1328096293,5,3.5,4,4,5.5
553,1328108517,5.5,6,5,5,5
553,1328114196,2.5,4,5.5,5.5,2.5
553,1328176854,3.5,5.5,3.5,6,2.5
553,1328189079,6,5.5,5.5,6.5,4
553,1328198504,2,5.5,6.5,6.5,4.5
553,1328263380,3,5,4,6,2.5
553,1328274817,5,5,4,6,4
553,1328286647,1,5.5,6.5,6.5,4
553,1328529695,2.5,5,4,6,2.5
553,1328537102,2,4,5.5,6.5,2
553,1328632575,1.5,5.5,6,6,2.5
553,1328785773,1.5,4.5,5.5,6.5,2.5
553,1328794888,2,5,3.5,6.5,2.5
553,1328805307,3,4.5,6,6.5,3
553,1328876043,5,5,6,5,2.5
553,1328883208,3.5,4.5,5.5,6.5,3
553,1328893123,1.5,4.5,5,6.5,4
553,1329220841,4.5,5.5,3.5,6.5,3
553,1329226648,5.5,5.5,5.5,6,5
553,1329237759,3,5.5,6,6.5,6
553,1329323835,3,5,5.5,6.5,5
553,1329394015,3,5.5,3,6,3.5
553,1329474700,4,4,4.5,4.5,3.5
553,1329489689,2,5,6,6,5.5
553,1329494692,3,5.5,4.5,6,3.5
553,1329733848,3.5,5.5,6,6.5,4
553,1329744641,6,5.5,5.5,5,4.5
553,1329755246,5.5,5.5,6,6,4
553,1329835371,6,5.5,6,5.5,6.5
553,1329843714,5.5,4.5,5.5,6,5.5
553,1329917625,5,5.5,4.5,6.5,5
553,1329933899,4.5,5.5,6,6.5,5
553,1329998091,4.5,5.5,5.5,6.5,5
553,1330012858,3,3.5,5.5,5.5,2.5
553,1330095757,4.5,5.5,5.5,6.5,2.5
553,1330359082,3,4,3.5,6,2.5
553,1330441883,2.5,5.5,4.5,6,2.5
553,1330451710,1,5.5,5,6.5,2
553,1330534296,2.5,5.5,5,6.5,5
553,1330596181,6,5.5,6.5,7,4.5
553,1330609237,3.5,6,6,6.5,2.5
553,1330619899,4,5.5,5,6.5,3
553,1330963578,3.5,5.5,5.5,3,2
553,1331036506,6,6.5,6.5,6.5,4.5
553,1331116383,4,5.5,6,6.5,3.5
553,1331137479,3.5,5.5,6.5,6.5,3.5
544,1327917732,6,6.5,7,7,6
544,1327929778,6.5,6.5,7,7,5
544,1327939910,6,5.5,7,7,6
544,1328004255,3.5,5.5,6.5,7,3
544,1328014984,5,5.5,6.5,7,3.5
544,1328025893,3.5,5.5,5.5,7,2.5
544,1328090533,3,5.5,6,6.5,4
544,1328103599,5,4,5.5,6.5,3.5
544,1328112033,4,6,6.5,7,3.5
544,1328176826,4,5.5,6.5,7,4
544,1328188475,6,5.5,6.5,7,3.5
544,1328198537,3.5,5.5,6.5,7,4
544,1328263406,4,5.5,6.5,7,5.5
544,1328274588,5.5,6.5,6.5,6.5,4
544,1328284883,4.5,6,5.5,6.5,4.5
544,1328522481,3,5.5,6.5,6.5,3.5
544,1328533376,4.5,6,6.5,6.5,4
544,1328609008,3.5,6,6.5,6.5,3.5
544,1328620489,4,6,5.5,6.5,2.5
544,1328630549,4.5,6,4.5,6.5,3
544,1328695448,4,6,5.5,6,3.5
544,1328706816,5.5,6.5,6,6,5
544,1328716917,6.5,6.5,6.5,6.5,6
544,1328783460,5.5,6,6,7,6.5
544,1328793613,4,5.5,5.5,6.5,4
544,1328868110,4.5,5.5,6.5,6.5,5.5
544,1328879454,4,5.5,6,6.5,3.5
544,1328889682,6,6,6,6.5,5
544,1329127604,3,5.5,7,6,4
544,1329139078,4.5,6,6.5,6.5,3.5
544,1329148913,6.5,5,6.5,6,4
544,1329214134,5.5,6.5,6.5,6.5,5
544,1329225780,5.5,6.5,6.5,6.5,3.5
544,1329235381,3,5.5,6.5,6,5
544,1329303350,3.5,3.5,3,5.5,3
544,1329312872,6,6,5.5,5.5,3.5
544,1329321826,3,3.5,3,3.5,2.5
544,1329386604,4,6,6,6.5,4
544,1329398680,5,5.5,6,5,3.5
544,1329409051,2.5,5.5,4,5,3.5
544,1329472955,5,6,6,6.5,3.5
544,1329484067,5,6.5,6.5,6.5,4
544,1329494716,6,6.5,6.5,6.5,4.5
544,1329733232,3,5.5,6,6.5,4.5
544,1329744565,4,6,5.5,6,3.5
544,1329753673,3.5,5.5,6.5,6.5,3.5
544,1329818626,3,6,6.5,6.5,5
544,1329834473,3.5,3,6,5,4.5
544,1329840211,3,5,6,6,3.5
544,1329904857,4,6.5,6,6.5,5
544,1329918204,4.5,7,6.5,6.5,3.5
544,1329991423,3.5,5.5,6.5,6.5,4.5
544,1330008051,3.5,3.5,6.5,6,3.5
544,1330014365,3.5,5.5,6,6.5,4.5
544,1330079802,4,1.5,5,3,2.5
544,1330089563,6,5.5,5.5,6,4
544,1330100095,4,1,5,3,3
544,1330336851,4.5,6.5,6.5,6.5,5
544,1330349234,6,6,6.5,6.5,3.5
544,1330358576,3,6,6,6.5,3
544,1330423355,3.5,5,6,4,4.5
544,1330434924,4.5,6,5.5,6.5,4
544,1330444966,3,5.5,6.5,6.5,3.5
544,1330509699,3.5,6,6,4,4.5
544,1330522761,4,6,6,4,4.5
544,1330533432,3,5,5.5,4.5,3.5
544,1330596127,3,6,6.5,6.5,3.5
544,1330608433,5,6.5,5.5,6.5,3.5
544,1330941826,4,4.5,6.5,5.5,3
544,1330954402,6,6,5.5,6,3.5
544,1331028784,1.5,4,6,5.5,5
544,1331040892,6,6.5,6.5,6.5,3
544,1331049620,3.5,6,6.5,6.5,5
544,1331114825,2,4.5,6,4.5,3
544,1331127105,5.5,6.5,6.5,6,3
544,1331200902,3.5,5.5,6.5,5.5,5
544,1331212886,5.5,6,6.5,6.5,3.5
544,1331222895,4.5,6.5,6,6.5,5
544,1331288111,3.5,5,6,6.5,4.5
544,1331298786,3.5,5.5,6.5,6.5,4.5
544,1331310756,4.5,6.5,6.5,6.5,3.5
545,1327928912,5.5,5.5,4,5.5,6
545,1328005585,4,3.5,5.5,2.5,4.5
545,1328021751,4,4.5,4.5,4.5,3.5
545,1328033789,5,5.5,4,3.5,4.5
545,1328090763,5,2,5,3.5,4.5
545,1328268424,5,4.5,5.5,3.5,5.5
545,1328280659,4.5,5,5.5,4.5,3.5
545,1328286642,5,5,5.5,4.5,6
545,1328626970,4.5,2,5,1.5,3.5
545,1328634286,5.5,4,4.5,4,3.5
545,1328787992,4,6,4.5,6.5,5
545,1328799751,5,6,4,5,4
545,1328804925,6,6.5,5.5,5.5,4.5
545,1328875269,5.5,5.5,4,6,5.5
545,1328886614,7,5,4,5.5,4.5
545,1328892098,6,4.5,4.5,5,5
545,1329129067,5,4.5,4.5,5,4
545,1329144937,3.5,5.5,4,5.5,4
545,1329151082,4.5,4,4.5,5.5,4.5
545,1329222206,7,6,5,4.5,5.5
545,1329235229,6,5.5,4,4.5,5.5
545,1329302193,4.5,5.5,5.5,6,4.5
545,1329319151,4,5.5,4,5,5.5
545,1329329490,6,6,5,4,5
545,1329391433,6.5,4,4.5,5.5,6
545,1329404479,6,6.5,5,5.5,4
545,1329410756,4.5,2.5,5,2,3
545,1329478996,3,5,4,4.5,5
545,1329485423,6,5.5,5,5,5.5
545,1329735766,5,5.5,5,5.5,5.5
545,1329742831,4.5,3.5,4,5,3.5
545,1329757674,3.5,5,5.5,5,4
545,1329819768,5.5,5.5,5.5,4,5
545,1329908836,5.5,4,5.5,3,5.5
545,1329935111,5,5,5.5,4.5,5
545,1329999273,5.5,5,5.5,4,4
545,1330007786,4.5,5,4,4,4
545,1330013577,5.5,5.5,4.5,4.5,4
545,1330345423,5.5,4.5,4,4,4
545,1330347989,4,6,6,6,5
545,1330358685,4.5,4.5,5.5,4,5
545,1330430292,4.5,6,4,4,4
545,1330446794,5.5,5,5.5,4.5,6
545,1330519246,5,5.5,5.5,5,4
545,1330535431,6.5,5,4.5,4,6.5
545,1330603298,5,6.5,5,5.5,4.5
545,1330614900,4,5.5,4.5,5,4
545,1330624563,5,4,6,4,4
545,1330696079,3,5,5,5,4
545,1330707979,5.5,6,5.5,5.5,5
545,1330950111,6,5.5,5.5,5,4.5
545,1330970429,3.5,5,6.5,4,3.5
545,1331036729,5.5,6,3.5,5,5
545,1331058165,5.5,5.5,5.5,3,4
545,1331116752,2,4,5,3,2.5
545,1331132272,3,6,4,5,4.5
545,1331140242,5.5,6.5,5.5,6,5
545,1331202362,4.5,5,6,5.5,5
545,1331224767,5.5,6,4,6,5.5
545,1331291997,4,4.5,6,3,5.5
545,1331298881,6.5,6,5,5,6
532,1327928505,4.5,3.5,6,5,4.5
532,1327939369,4.5,3.5,4.5,2.5,4.5
532,1328005791,5.5,3.5,6,5,6
532,1328015779,6.5,4,4.5,5,2.5
532,1328025777,2.5,2.5,5,3,4
532,1328090500,1.5,2.5,7,4.5,2.5
532,1328101798,6,5.5,3,5.5,3.5
532,1328198670,2,3.5,6,5,6.5
532,1328263229,3.5,3,3.5,4,4.5
532,1328275919,4.5,5,5,5.5,4.5
532,1328284852,2.5,4.5,5.5,4.5,3.5
532,1328522503,2,2.5,6,3.5,3.5
532,1328535021,1.5,4,5,3.5,3.5
532,1328609656,2.5,4,5.5,5,2.5
532,1328620132,5,6,3,5,3
532,1328695580,1.5,5,5.5,4.5,3.5
532,1328707500,4.5,5,1.5,6,3.5
532,1328781984,5,3.5,5,4.5,4
532,1328792418,3,5.5,4.5,4,2.5
532,1328874693,4,3.5,6,5,5
532,1328879187,6.5,5,5.5,5,6
532,1329127279,3.5,4.5,6,5,5
532,1329144377,3.5,2,6,4,5.5
532,1329148840,4.5,5.5,4,4,3
532,1329215596,6,5.5,1.5,5.5,3.5
532,1329226918,4.5,4.5,4,5.5,4
532,1329307646,4.5,4,2.5,4,3.5
532,1329311201,1.5,4.5,6,6,3
532,1329321962,2.5,2.5,5.5,2,4
532,1329388224,2.5,5.5,5,5.5,3
532,1329397564,4,2,1.5,5,3
532,1329408094,4.5,2,3.5,4,3.5
532,1329473834,6,3.5,1.5,4,3.5
532,1329486092,4.5,5.5,5,5.5,4.5
532,1329732244,5.5,4.5,3,4.5,3.5
532,1329744645,5,4,2.5,6,4
532,1329754405,2.5,3.5,5,3,2.5
532,1329836758,1.5,4,6,5.5,3
532,1329924366,5.5,5,6.5,4,6.5
532,1330013467,2.5,1.5,5,1.5,4
532,1330080139,4,4,6,4.5,6
532,1330337672,2,4,6,6,3
532,1330427353,6,5,6.5,5,6.5
532,1330434051,6.5,3.5,2,6,4.5
532,1330444946,2.5,2,6,2,4
532,1330512289,2.5,3.5,6.5,5,5.5
532,1330520597,2.5,4,2.5,6,2
532,1330610244,2,4,6,3.5,4
532,1330698722,4.5,1,5.5,1.5,4.5
532,1330944163,4,3,5.5,3,4
532,1330954514,5,5,4,5,4
532,1330963300,3,3.5,5.5,2.5,3.5
532,1331033595,4.5,2.5,6.5,3.5,6
532,1331046032,3,3.5,3.5,4,4
532,1331050284,1.5,4,5.5,3,4.5
532,1331114563,4.5,2,6.5,3,5.5
532,1331126725,3.5,3.5,6,2.5,4.5
532,1331138447,2.5,2,4,1.5,2.5
532,1331201804,5,3.5,6.5,4.5,5.5
532,1331213962,2,4.5,5,5,3.5
532,1331222473,3.5,5,6,4.5,6
532,1331289204,4,5.5,5.5,6,4.5
532,1331300197,3.5,2.5,2.5,3.5,2.5
532,1331308833,2.5,3,5.5,3.5,5
524,1328004546,4,4,7,7,5
524,1328017606,6,7,7,7,7
524,1328026149,4,5.5,7,7,2.5
524,1328090755,2.5,5.5,7,7,4
524,1328103007,7,5.5,7,7,7
524,1328112126,1,7,7,7,2.5
524,1328177132,4,5.5,7,4,7
524,1328190748,7,5.5,7,4,7
524,1328203777,7,7,7,7,7
524,1328264179,3.5,4,4,4,5.5
524,1328281356,7,4,4,5.5,5.5
524,1328626918,2.5,5.5,7,7,7
524,1328632288,1,4,7,5.5,4
524,1328697187,2.5,4,7,7,4
524,1328706169,5.5,5.5,7,7,4
524,1328718226,4,7,7,7,4
524,1328794380,5.5,4,7,7,7
524,1328804186,2.5,5.5,7,4,7
524,1329302167,1.5,4,5.5,5.5,1.5
524,1329318449,7,5.5,7,7,7
524,1329322164,4,5.5,7,7,7
524,1329397572,3,5.5,7,7,4
524,1329408472,7,5.5,7,7,7
524,1329835114,6,6,7,7,7
524,1329847551,4,5,7,7,3
524,1329905130,5.5,4,7,6.5,5
524,1329916152,5.5,4,7,7,4
524,1329928009,1,5.5,7,7,1
524,1330007813,2.5,4,7,7,4.5
524,1330014130,2,4,6.5,6,2.5
524,1330077905,2.5,5.5,7,7,4
524,1330434702,4,4,6,5,4
524,1330445037,7,5.5,6.5,6.5,7
524,1330524099,2,5.5,5.5,4,5
524,1330538033,6,4,7,6,3
524,1330608897,3.5,4.5,7,6,4
524,1330619497,6.5,5.5,6,6,6
524,1331049655,5.5,5.5,7,7,6
524,1331127170,5.5,4,6.5,6.5,6
524,1331136414,6.5,5.5,4,6.5,5
524,1331201185,5.5,5.5,6.5,6.5,5.5
524,1331214016,6.5,5.5,4,4,6.5
524,1331290626,6.5,6,6.5,7,6
546,1327917792,4.5,6,6,6.5,5.5
546,1327929603,3.5,6.5,5,6.5,4
546,1328004660,3.5,6.5,5,7,4.5
546,1328014886,5.5,6.5,6,6.5,5
546,1328025768,4,7,5.5,6.5,4
546,1328091751,3.5,7,6,6.5,5.5
546,1328102088,4.5,7,6,7,5
546,1328177095,3.5,6.5,6,6,5
546,1328187686,3.5,7,6,7,4.5
546,1328198517,3.5,7,5.5,6.5,5.5
546,1328263296,4,7,6.5,6.5,4
546,1328522619,4,7,6,6.5,6
546,1328534724,4,7,6.5,7,5.5
546,1328545734,3.5,7,6.5,6.5,6
546,1328608889,3.5,7,6.5,7,6
546,1328619665,4,7,6.5,7,6
546,1328630521,4,7,6.5,7,6
546,1328695522,3.5,6.5,6.5,7,6
546,1328706389,4,6,6,6.5,5.5
546,1328782165,3,7,6.5,7,6
546,1328793968,4,7,6.5,6.5,6
546,1328875993,4,6.5,6,6.5,5
546,1328880699,4,7,6,6.5,5.5
546,1329128052,4,7,6.5,6.5,5
546,1329138038,4,6.5,6,6.5,5
546,1329213840,3.5,7,6,6.5,5
546,1329226384,4,7,5.5,6.5,5
546,1329235244,3.5,7,6,6.5,5
546,1329302875,3.5,7,6,6,6
546,1329312056,4,7,6,6.5,5
546,1329321769,3.5,7,6,6.5,5.5
546,1329386460,4,6,6,6.5,6
546,1329397504,3.5,6.5,6.5,6.5,6
546,1329408134,4,7,6,6.5,5.5
546,1329473468,3.5,7,6,6.5,5.5
546,1329483945,3.5,7,6.5,6.5,6
546,1329732104,3.5,5.5,6,6.5,5
546,1329744096,4,7,6,6.5,5.5
546,1329818632,4,7,6,6.5,5
546,1329829658,4,6.5,5.5,6.5,5.5
546,1329905663,4,7,5.5,6.5,5
546,1329915746,4,7,6,6.5,5
546,1329991624,3.5,7,6,6.5,5
546,1330008803,3.5,7,6,6.5,5.5
546,1330090443,4,6.5,6,6.5,6
546,1330337178,3.5,7,6,6.5,5.5
546,1330350036,4,6.5,6,6.5,5.5
546,1330425020,4,6.5,6,6.5,6
546,1330509702,4,6.5,6.5,6.5,6
546,1330598355,4,7,6,6.5,6
546,1330607195,4,7,6,6.5,6
546,1330942813,3,6.5,4,6,4
546,1330952754,3.5,7,5.5,6.5,5.5
546,1331114451,4,7,4.5,6.5,5.5
546,1331202719,3,7,5,7,5
546,1331211922,3.5,7,5.5,6.5,5
546,1331295237,4,7,6,6.5,6
546,1331298686,3.5,7,6,6.5,5.5
546,1331308839,3.5,7,6.5,6.5,6
525,1327917732,3.5,5,5.5,6,4
525,1327929000,4,5,6,5.5,4
525,1327942851,4,4,4,4,4
525,1328275403,5.5,6,5.5,6,4.5
525,1328286110,5,5.5,4.5,5,4.5
525,1328523673,4.5,5.5,2.5,6,4.5
525,1328533363,4,5,5,5.5,3.5
525,1328544960,3.5,6,6.5,6.5,4
525,1328610969,4.5,6,5.5,6,4.5
525,1328621108,3.5,5.5,6.5,6,6
525,1328631694,4.5,6,5.5,6.5,5
525,1328698212,4.5,6.5,4.5,6.5,4.5
525,1328706093,6.5,6.5,6,6.5,6.5
525,1328717585,3,5,3,3,3.5
525,1328785418,4,6,5.5,6,5
525,1328793789,3.5,6,6.5,6.5,4.5
525,1328804797,4,5.5,5.5,5.5,4
525,1329128657,4,5.5,5,6,4
525,1329143270,6,6,6,6.5,6
525,1329149089,2,5.5,5,5.5,3
525,1329215459,6,6.5,6.5,6.5,6.5
525,1329227588,6,3,4.5,2,7
525,1329237058,5,4,5,4.5,4
525,1329302717,3,5,5.5,5.5,5.5
525,1329314308,5,5.5,5.5,5.5,4.5
525,1329322736,4,4.5,4.5,5,4
525,1329389944,6.5,5,5.5,4,6.5
525,1329399063,5.5,6.5,5.5,5.5,5
525,1329408573,4.5,6.5,6,5.5,5.5
525,1329475898,6.5,6.5,6,6.5,7
525,1329484834,4,5.5,5.5,5.5,4
525,1329737641,6.5,2.5,4.5,1.5,6.5
525,1329744287,6,3.5,4,2.5,5.5
525,1329753657,4.5,5.5,6,6,5.5
525,1329833336,4,5.5,4.5,6,4
525,1329841333,2.5,5.5,6,6,4
525,1329907475,7,6.5,6.5,6.5,7
525,1329920838,6.5,6.5,6,6.5,5.5
525,1329927059,2.5,6,4,5.5,1.5
525,1329993132,4.5,7,7,7,5
525,1330008914,5.5,2.5,5.5,3.5,6.5
525,1330013947,3,5.5,6.5,4,5.5
525,1330342090,5.5,6,5.5,3.5,6
525,1330350041,4,5.5,6,3.5,6
525,1330367366,4.5,4,5.5,3.5,4.5
525,1330429688,5,6.5,6.5,6.5,6
525,1330437594,2,5.5,4.5,6,3
525,1330446621,2.5,5.5,6,4,3
525,1330517664,5.5,6.5,7,5,7
525,1330522942,7,6.5,6.5,5.5,7
525,1330533831,2.5,5.5,7,6.5,4
525,1330600807,4,6.5,7,6.5,4
525,1330611231,3.5,5.5,6.5,6,4
525,1330619771,7,7,4,4.5,6
525,1330946765,3,5,6.5,6.5,3
525,1330958731,3,4.5,6.5,6,4
525,1330967687,4,3,6.5,5,2
525,1331033558,5,5.5,5.5,6,5
525,1331041923,3,4.5,4,5.5,3
525,1331050601,1.5,5.5,6.5,6,4
525,1331114452,4,5.5,5.5,4.5,5
525,1331125520,3,6,6.5,6.5,4
525,1331203259,6.5,6,5.5,3.5,7
525,1331215271,3,5.5,5,6,4
525,1331298801,3.5,5.5,4,6,4
547,1327918062,6,6.5,5.5,6.5,4.5
547,1327929747,6.5,4,4,5,5
547,1327939962,4.5,5,4,5.5,3.5
547,1328004030,5,6,5.5,5,3.5
547,1328014961,5.5,6,5.5,6,4
547,1328025765,3,5,6,6.5,2.5
547,1328090476,3.5,5,5,6,2.5
547,1328101487,3,5.5,5,6,3.5
547,1328113008,5.5,5.5,5,5.5,3.5
547,1328176940,3,5,3,5,3
547,1328188834,4.5,5.5,5,6,3.5
547,1328198462,5.5,6,5.5,6,4.5
547,1328274660,5.5,6.5,5.5,6.5,4
547,1328286285,6,5.5,6.5,6.5,4
547,1328608860,6,6.5,5.5,6.5,4
547,1328620818,5,2,4,3.5,3
547,1328631092,3.5,4,4.5,3.5,4.5
547,1328695279,3.5,4.5,5.5,6,4
547,1328706802,4.5,5.5,4.5,6,5
547,1328718046,2.5,5.5,3,5.5,3.5
547,1328794210,5.5,4.5,4,6,5.5
547,1328803941,7,4,4,6.5,6.5
547,1328868038,7,6.5,5.5,6.5,6
547,1328880085,7,6.5,6,6.5,5.5
547,1328889818,6,6,6,6.5,5
547,1329128036,5.5,6,6,6.5,4.5
547,1329213644,5,5,4.5,6.5,4
547,1329224547,5,6,5,6.5,4
547,1329235383,4,4.5,5.5,3,4
547,1329301874,4.5,6,6,5,4
547,1329312987,3,5.5,5,6,4
547,1329321944,6,6.5,5,6.5,5
547,1329408631,7,3,6,6,6
547,1329472917,6,6.5,5,6.5,6
547,1329483642,6,6,6,6.5,5.5
547,1329494692,6.5,6.5,4.5,6,5.5
547,1329739691,6.5,6,5,6.5,5.5
547,1329743286,5.5,5.5,5,6,3.5
547,1329753639,3,4.5,5,6,3
547,1330084960,5.5,6,6,5.5,3
547,1330093324,5,6,6,6,5
547,1330099876,3,5.5,4.5,6,4
547,1330337287,4.5,6,4,6.5,3
547,1330358366,5,6,5,6.5,3.5
547,1330360440,5,6,6,6.5,4
547,1330425679,5,6.5,5,6,3.5
547,1330437022,3,4.5,5.5,6.5,2.5
547,1330445725,4,4,4.5,6,4
547,1330513827,3.5,5,5,5.5,3
547,1330523366,3,5,3,6,3.5
547,1330531367,4,5.5,5,6.5,3.5
547,1330944095,3,6,5,5,3.5
547,1330954362,2.5,6.5,5,5,3.5
547,1330963549,3,6.5,3,5.5,4
547,1331029749,5,6,5,6,4.5
547,1331042181,4.5,6,3,5.5,4
547,1331049782,5,5.5,5,6,4.5
547,1331117477,3,6,5,6,4
547,1331127051,4,5.5,3,6,3
547,1331136458,3,5.5,5,6,3
547,1331213433,4,5,5,6,4
547,1331224240,5,5,5,5,3.5
547,1331287448,4,6,4.5,6,4
547,1331298587,5,5.5,4,6,4
547,1331311851,3.5,5,3.5,5.5,4
548,1327918025,4,4,5.5,6.5,5.5
548,1327929788,2,5.5,6,7,4.5
548,1327939439,4.5,5,6.5,6.5,4.5
548,1328004233,3.5,5.5,6,6.5,4.5
548,1328027422,2.5,6,5.5,6,5
548,1328090476,4,6,5.5,6.5,4.5
548,1328112064,2,6,6.5,6.5,4.5
548,1328177396,4.5,5.5,6.5,6,4
548,1328198571,4,6,6.5,6.5,4.5
548,1328264696,4,3.5,5.5,6,4
548,1328274313,3.5,6,6.5,6.5,5
548,1328285243,2.5,6,6,6,4.5
548,1328619787,3.5,4,6.5,6,3
548,1328631539,4,6,6.5,6,5.5
548,1328696172,4,5.5,6,6,4
548,1328706452,3,3.5,5,6,3
548,1328718242,5,6,6,6,3.5
548,1328781641,5.5,6,6.5,6.5,5
548,1328794326,4,6,6,6.5,4.5
548,1328805242,4,5.5,6.5,6.5,5.5
548,1328868112,3.5,6,6.5,6.5,5
548,1328878829,2.5,6,6.5,6.5,4.5
548,1328890163,4,6.5,6.5,6.5,5
548,1329127511,4,6,6,6.5,4
548,1329148839,3,5.5,6.5,6.5,4
548,1329473119,4.5,6,6.5,6.5,5.5
548,1329494726,3.5,6,6.5,6.5,5
548,1329732041,3.5,6.5,6.5,6.5,5
548,1329742837,4,6.5,6,6,5
548,1329753922,3.5,5.5,6.5,6,5
548,1329818427,3.5,6.5,6.5,6.5,5
548,1329829591,5,6.5,6.5,6.5,5
548,1329840058,3.5,6,6.5,6,4.5
548,1329905434,4,6.5,6.5,6.5,5
548,1329915630,3.5,5.5,6,6.5,6
548,1329926533,4,6.5,6,6.5,5
548,1329991316,3.5,4.5,6,6.5,5
548,1330007914,4,6,6.5,6.5,5
548,1330013472,4,6,6.5,6.5,5
548,1330078293,4,6.5,6.5,6.5,5
548,1330089494,4,6.5,6.5,6.5,5
548,1330100030,3.5,6.5,6.5,6.5,5
548,1330336840,3.5,6.5,6.5,6.5,5.5
548,1330347790,3.5,6,6,6.5,5
548,1330358565,3.5,6.5,6.5,6.5,5
548,1330423318,4,6,6.5,6,4
548,1330434414,3.5,6.5,6.5,6.5,5
548,1330444921,4,5.5,6.5,6.5,5
548,1330512347,3.5,6.5,6.5,6.5,5
548,1330531667,3.5,6.5,6.5,6.5,5
548,1330596247,3.5,6,6.5,6.5,5
548,1330617703,3,6.5,6.5,6.5,5
548,1330695962,3.5,6.5,6.5,6.5,4.5
548,1330704705,3,6.5,6.5,6.5,5
548,1330944048,3.5,6.5,6.5,6.5,5
548,1330952759,3.5,6.5,6.5,6.5,5
548,1330963781,3,6,6.5,6.5,4.5
548,1331028100,3.5,6,6.5,5,5
548,1331052817,3.5,4.5,6,5,4.5
548,1331114448,4,6,6.5,6.5,6.5
548,1331125656,3.5,6.5,6.5,6.5,5
548,1331136069,3.5,6,6.5,6.5,4.5
548,1331212053,4,6.5,6.5,6.5,4
548,1331223308,3,6.5,6.5,6.5,5
548,1331289173,3.5,6.5,6.5,6.5,5
548,1331298677,3.5,6,6.5,6.5,5
548,1331309299,3.5,6.5,6.5,6.5,5
526,1327928600,1,3.5,5.5,4,4
526,1327939294,4,1.5,4,3.5,4
526,1328017262,4,2.5,4.5,4.5,4.5
526,1328026977,4,1,4,4,4
526,1328101754,4,1.5,2,3,4
526,1328112133,2,2,2,4,4
526,1328176838,4,2.5,4,5,1.5
526,1328189849,4,3.5,6,4,4
526,1328198483,4,4,4,4,4
526,1328263219,4,2,4,2,4
526,1328274526,4,1.5,4,4,4
526,1328284971,4,3.5,4,1,4
526,1328880713,4,4,6.5,6,4
526,1328889677,3.5,5,5.5,6,4
526,1329128392,2,2.5,2,6,4
526,1329138221,5.5,4,2.5,4,4
526,1329148855,2.5,4,4,4,2.5
526,1329226165,2,2,4,5.5,4
526,1329235286,4,4,1.5,4,1.5
526,1329302121,4,4,2.5,4.5,4.5
526,1329311351,2,1.5,3.5,4,4
526,1329322848,4,4,5,4,3
526,1329393249,4,2,4,4,4
526,1329397786,4,3,3,4,4
526,1329408453,2,3,2,4,1
526,1329473381,4,4,2.5,4.5,3
526,1329485441,1,4,2,4,4
526,1329494822,2,4,3,4,4
526,1329732367,4,5,5,5.5,2.5
526,1329743127,3,4,4,4.5,3
526,1329753829,4,2.5,4,5,4
526,1329820242,4,1,4,4,4
526,1329840111,1,4,4,5,4
526,1329912602,1,4,5.5,4,3
526,1329916223,2.5,4,3,4,4
526,1329926533,2.5,4,4,4,2
526,1329992495,4,4,5.5,4,2
526,1330009493,4,2.5,6,4,2.5
526,1330012901,2,4,6,6,2
526,1330077897,2,4,6,5.5,2.5
526,1330089683,2,4,3,2.5,4
526,1330100057,2,4,6,5.5,2.5
526,1330336976,2,4,6,6,4
526,1330423595,2.5,2.5,2,2.5,2
526,1330434085,2,4,4,2,4
526,1330444975,4,5.5,5.5,3,3.5
526,1330509720,4,4,4,6,2
526,1330521032,2,4,4,6,2
526,1330531241,2,4,4,6,2
526,1330596229,2,4,4,6,2
526,1330607543,2,4,2,2.5,4
526,1330617808,2,5.5,4,6,2
526,1330941632,2.5,4,5.5,6,2.5
526,1330954116,2,4,5.5,6,2.5
526,1330963376,2.5,4,5,5.5,2
526,1331029127,2,4,6,6,2
526,1331038881,4,4,5.5,6,2.5
526,1331049888,4,5.5,5.5,5.5,2.5
526,1331125566,2.5,4,6,6,4
526,1331136125,4,4,5.5,6,3.5
526,1331205654,2.5,5.5,4,6,2
526,1331212415,4,5.5,6,6,2.5
526,1331287625,2,4,6,5.5,4
526,1331298144,2.5,4,5.5,6,2
506,1327918463,5,3.5,6,6.5,4
506,1327929952,3,5.5,6.5,2,4.5
506,1327941430,4,4,5.5,5,5.5
506,1328004827,5,4.5,6,4,4
506,1328015726,6.5,6.5,3.5,6.5,4.5
506,1328026111,3.5,3,5,3.5,2.5
506,1328093765,6,6,6,5,5.5
506,1328102168,2,5,5.5,6.5,2.5
506,1328113402,4,4,5.5,5,2.5
506,1328189127,6,6.5,5,6.5,5
506,1328198460,5.5,6.5,6,6,5.5
506,1328263246,5.5,5,6,5,5.5
506,1328274602,5,6,4,6.5,4.5
506,1328284859,1.5,4.5,6,6.5,5
506,1328528694,6,4,4,3,4.5
506,1328533228,5,4,5,6.5,4
506,1328609274,6.5,6.5,6,5.5,5
506,1328619731,2.5,5,5.5,6.5,3
506,1328630527,2,4.5,6,5,3.5
506,1328697207,4,5.5,6,6.5,4.5
506,1328707007,6,6,4,7,5
506,1328718233,5,4.5,6.5,5,6
506,1328781925,6,6,3.5,5,5
506,1328795154,6,6,5.5,6.5,4.5
506,1328804826,4.5,3,4,5,3
506,1328868577,5,6.5,5,4.5,6
506,1328881010,3.5,3.5,6.5,6.5,6
506,1328891760,3.5,4.5,7,7,6
506,1329128570,4.5,4.5,6.5,4,5.5
506,1329138644,2.5,6,5.5,4,4.5
506,1329149239,1,5,6.5,6.5,5.5
506,1329216129,6.5,5.5,7,6.5,6
506,1329226256,6,6,5.5,6.5,5.5
506,1329301652,6,5.5,6.5,7,6.5
506,1329312843,7,6.5,6,7,7
506,1329321865,1.5,5.5,6.5,4,6
506,1329388773,3.5,5,7,5,4.5
506,1329399291,3.5,5,4.5,6.5,3.5
506,1329409007,6,6.5,6.5,7,6.5
506,1329473231,4,5.5,7,4.5,5
506,1329490817,7,4.5,7,5,7
506,1329495565,5,5.5,7,4,6.5
506,1329737454,4,5.5,6,6,5
506,1329745134,5.5,5.5,6.5,6.5,5
506,1329754767,4,4.5,6.5,4,5.5
506,1329818585,3,6,6.5,5.5,5
506,1329842554,5,5,7,6.5,5.5
506,1329906706,6,5,6,6,6
506,1329916214,2.5,6,5.5,7,5
506,1329926576,6.5,6.5,4,6.5,6.5
506,1329991620,6.5,6,6,7,5.5
506,1330008130,5.5,6.5,6,6.5,5
506,1330013064,3,6,6.5,4,6.5
506,1330077863,5.5,5.5,6.5,6.5,4.5
506,1330089394,3,5.5,6.5,5,6.5
506,1330512070,4,5.5,6.5,6,4
506,1330522346,5.5,6,6.5,6,6.5
506,1330531335,6,4.5,6.5,4.5,5.5
506,1330598815,4,3,3.5,4,3.5
506,1330608651,4,5,7,5,5
506,1330619783,4.5,3,7,5.5,5.5
506,1330694910,5,6.5,7,7,5.5
506,1330704784,3,5.5,7,7,4.5
506,1330941709,2,2.5,7,4,3.5
506,1330952946,4,3.5,6.5,6,5.5
506,1330965941,4,1.5,7,4.5,4.5
506,1331029846,3,5.5,7,5.5,4
506,1331039664,3.5,5,6.5,5.5,6
506,1331057384,6.5,5,7,5,6.5
506,1331127594,6,4,6,7,5.5
506,1331136512,4.5,5.5,6.5,6,4.5
506,1331201334,5.5,5.5,6.5,5.5,4.5
506,1331211853,5,5.5,4,6.5,4
506,1331223208,5.5,4,6,5.5,4.5
506,1331289036,3.5,5.5,7,6.5,5
506,1331298081,4,6,6.5,4,6.5
506,1331308846,5.5,4,7,6.5,6
527,1327923917,4,4.5,5.5,5.5,4.5
527,1327931781,4.5,5.5,5.5,5.5,3.5
527,1327939272,4,4,5.5,5,3.5
527,1328005700,5,5.5,6.5,6.5,3.5
527,1328019986,4.5,4,6.5,3.5,3.5
527,1328026751,3.5,3.5,6,6.5,5
527,1328096372,5,5,6,5.5,6
527,1328114069,4,5,4,6,3
527,1328177605,2,4.5,6,5,3.5
527,1328275149,4.5,3,5.5,3.5,4
527,1328288978,2,4.5,6,5,3.5
527,1328871204,4.5,3.5,4.5,3.5,5
527,1328879108,5,5.5,4.5,3.5,4
527,1328891508,4,2,4.5,3,4
527,1329388417,3,4,5,4,3.5
527,1329399055,3,5,5.5,4.5,3
527,1329742881,4.5,5,6.5,5.5,4
527,1329760943,4.5,5.5,5.5,5.5,3.5
527,1329830638,3,6,5.5,6.5,3
527,1329840086,3.5,3,6,6.5,4
527,1329908974,4.5,3,6,3.5,4.5
527,1329920072,2,5,6.5,5.5,3
527,1329931602,3.5,5.5,6,6,5
527,1329992753,5,6,6.5,6.5,6
527,1330010469,2.5,3.5,5.5,3.5,3.5
527,1330078725,3.5,5,6.5,4.5,4
527,1330430499,3.5,4.5,6,5.5,4.5
527,1330435067,2,5.5,3.5,6.5,2
527,1330449091,6.5,6,6,5,5.5
527,1330520819,4,5.5,5.5,5.5,4
527,1330536451,3.5,6,5.5,4.5,4.5
527,1330597986,2.5,3.5,5.5,4.5,4
527,1330606911,2.5,5,5,5,3.5
527,1331054474,4.5,5,6,6,4
527,1331201983,5.5,5.5,5,6,6.5
527,1331213180,4,5.5,6.5,6.5,4
527,1331222515,2,5,6,6,4
527,1331287448,3.5,5.5,6,5.5,4
527,1331309057,4.5,5.5,6,6,4.5
535,1328004329,6,4,6.5,6.5,6.5
535,1328014862,5,4,6.5,6.5,6
535,1328026649,6,4,6.5,5.5,6
535,1328090901,6.5,4,6.5,6.5,7
535,1328101462,6.5,4,6,6.5,6
535,1328112406,6.5,4,6.5,6,6.5
535,1328178767,6.5,4.5,6.5,5,6.5
535,1328187643,6.5,4,6.5,5,6.5
535,1328201887,5,4,6.5,7,7
535,1328263465,4.5,4,6.5,6.5,6.5
535,1328274888,6.5,4,4,6,6.5
535,1328285466,2.5,4,6.5,6.5,5.5
535,1328523198,2,6.5,3.5,4,2
535,1328544830,5.5,4,5.5,6,4
535,1328609142,6.5,4,6.5,5,6.5
535,1328619628,6.5,4,6,6,7
535,1328630768,4.5,4,7,6.5,6.5
535,1328696232,5,4,6.5,7,6.5
535,1328706213,4.5,4,6.5,6.5,6.5
535,1328716842,6.5,4,6.5,6,6.5
535,1328781750,4,4,6.5,6,6
535,1328792576,3.5,4,6,6.5,6.5
535,1328804552,3.5,4,6.5,7,6.5
535,1328869614,2,4,6,5.5,2
535,1328879164,4.5,4,6.5,6,5
535,1328892574,6.5,4,6,6,6
535,1329127313,6,4,6.5,6.5,6.5
535,1329138709,3,4,6,6.5,6
535,1329150043,3,4,7,7,5
535,1329214157,6,4,6.5,5.5,6.5
535,1329224423,6,4,4,6,6.5
535,1329236674,3.5,4,6,6.5,6.5
535,1329301540,4,4,6.5,6.5,6.5
535,1329310979,5.5,4,6.5,6.5,6.5
535,1329386964,6.5,4,6.5,7,6.5
535,1329397464,4.5,4,6.5,6.5,6.5
535,1329472944,2,4,5.5,5.5,4
535,1329484940,1.5,4,6.5,7,2
535,1329494720,3,4,6,6.5,6.5
535,1329732247,1,5.5,5,4.5,1
535,1329742959,3,4.5,4,4,2
535,1329818850,2,4,6.5,7,6.5
535,1329832368,2.5,4,6.5,7,5.5
535,1329841864,3.5,6.5,4,3,1
535,1329915761,5.5,4,6.5,6.5,6.5
535,1330606852,6,4,6.5,6.5,4.5
535,1330617873,3.5,4.5,6.5,6.5,4.5
535,1330695495,4,4,6,6.5,6.5
535,1330705928,6.5,2.5,4,4,6
535,1330944936,6,4,7,6.5,7
535,1330952704,6.5,4,6.5,6.5,6.5
535,1331028441,3.5,4,6.5,7,7
535,1331039967,4.5,4,6.5,6.5,2.5
535,1331049705,2,4,6,4,2.5
535,1331212457,7,4,7,6.5,7
535,1331222427,6,4,6,6.5,7
535,1331290419,6,4,6,6.5,6.5
535,1331298044,4.5,4,4,6.5,6.5
535,1331314792,3.5,4,7,6,7
503,1327917732,4,4,4,4,4
503,1327933824,4.5,3.5,4,4,4
503,1327939398,3.5,3.5,4,3.5,4
503,1328004460,3,3.5,3.5,4,4.5
503,1328018947,5,4.5,3,4.5,4.5
503,1328093480,3,4.5,3,4,3
503,1328101552,3.5,4.5,4.5,5,2.5
503,1328112439,4.5,4,5.5,3,4
503,1328177049,4.5,4,5,4,4.5
503,1328188258,3.5,4,5,4,4.5
503,1328263556,3,4,3.5,3.5,3.5
503,1328274076,4.5,3.5,4,3.5,4
503,1328525452,4.5,4.5,4,2,4.5
503,1328533545,4.5,5.5,4.5,2.5,4.5
503,1328544043,4.5,4,3.5,4,2.5
503,1328619631,4.5,4,5.5,3.5,4
503,1328630437,4,4.5,4.5,2.5,3.5
503,1328696435,3,4.5,5.5,5,3.5
503,1328706033,3.5,2.5,4.5,5,2.5
503,1328716846,5.5,3,3.5,3.5,4
503,1328781654,3,4,4.5,5,5
503,1328804466,2.5,4,4,2,4.5
503,1328869866,4,3,4.5,3,4.5
503,1329127247,4.5,5,3,3,2
503,1329138054,4.5,3.5,3,3,4
503,1329150043,5.5,4.5,4,4,4
503,1329213721,3,4.5,3,4,3
503,1329224483,4.5,4.5,4.5,4.5,6
503,1329300029,4.5,4.5,3.5,3,4.5
503,1329311055,5,5.5,3.5,3,5
503,1329321744,5.5,3.5,2.5,4.5,6
503,1329387342,5,4.5,5,4.5,3.5
503,1329398085,5,4,4,4,4.5
503,1329408857,2,4,3.5,4,4.5
503,1329473036,5,5.5,3.5,4.5,5
503,1329738123,5,3.5,3.5,4,3
503,1329742831,4.5,4,2.5,5.5,4.5
503,1329753653,3.5,3.5,4.5,4,3.5
503,1329821593,4.5,4,3,5.5,5.5
503,1329829252,4.5,3.5,4,4.5,5
503,1329840093,4.5,4.5,5.5,5.5,3
503,1329904844,4,4.5,3.5,4.5,5
503,1329915690,3,5,4,3,5
503,1329926535,4,3,4.5,3.5,4
503,1330340018,3.5,3,5,5,3.5
503,1330350635,4.5,3,3.5,4,3.5
503,1330358554,3,2,3.5,3.5,4
503,1330424536,3.5,4.5,3.5,4.5,3.5
503,1330433757,2.5,4,2.5,3.5,3.5
503,1330445273,2.5,3.5,4,5,4
503,1330947204,3,4.5,4.5,5,4.5
503,1330963243,5,4,4.5,3.5,3
503,1331028270,4,4.5,2.5,4.5,3.5
503,1331049846,4.5,4.5,4,4,4
503,1331114455,4.5,3,3.5,4.5,4
503,1331125822,3.5,4,4.5,4,3
503,1331136210,4.5,3,5,3.5,4
503,1331201334,4,4.5,5,4.5,4
503,1331211656,4.5,4,4.5,3.5,5
503,1331298063,4.5,4.5,2.5,4,4
549,1327917732,3.5,5.5,5.5,7,2.5
549,1327931251,2.5,5.5,6,6,4
549,1327939432,3.5,5.5,5.5,6,2.5
549,1328004030,3,5.5,5.5,6.5,4.5
549,1328014905,4,5.5,2.5,6,4.5
549,1328028891,6.5,5.5,6.5,6,5.5
549,1328091175,3.5,4,6,6.5,4.5
549,1328102062,3.5,5.5,4,6,3.5
549,1328176865,3,5.5,5.5,6,5
549,1328189749,4,4,4.5,6,3.5
549,1328199702,3.5,5.5,6,6,4.5
549,1328263364,3.5,5.5,4.5,6,4
549,1328274725,5,5.5,5,6,4
549,1328284833,3.5,5.5,5.5,6,5
549,1328522575,3.5,4,5.5,6,5
549,1328544032,3.5,4,6.5,6,5
549,1328608924,3,5.5,5,6,4
549,1328623252,5,5.5,6,6,3
549,1328630505,3.5,5.5,6,6.5,4
549,1328697766,5,5.5,6,6,5
549,1328706225,4.5,5.5,4,6,4
549,1328716846,4.5,5.5,4.5,6,4
549,1328783871,3.5,5.5,5,6,5
549,1328868943,5,5.5,6,6,5
549,1328881150,5,5.5,4,6,4
549,1329127900,4.5,5.5,4,6,4
549,1329139104,3.5,5.5,4,6,3.5
549,1329148870,4.5,5.5,4.5,3,3
549,1329216267,5,5.5,4.5,6,5.5
549,1329227249,4.5,5.5,4.5,6,4
549,1329236694,5,3.5,4.5,6,4
549,1329302304,5.5,5.5,5.5,6,5
549,1329313275,4.5,5.5,4,6,4
549,1329322444,3.5,5.5,4.5,6,4
549,1329393624,4.5,5.5,5,6,4.5
549,1329398495,4.5,5.5,4.5,6,3.5
549,1329408207,5,5.5,5.5,4.5,3.5
549,1329474763,3.5,5.5,5.5,6,5
549,1329484844,5.5,5.5,5,6,4.5
549,1329495039,3.5,5.5,5,5.5,3.5
549,1329734103,5,5.5,5.5,6,4.5
549,1329744634,3,5.5,4,6.5,3
549,1329818531,3.5,5.5,5,6,4
549,1329840759,3.5,5.5,5.5,6.5,4
549,1329905129,5,5.5,5,5.5,4
549,1329917812,4.5,5.5,4,6,4
549,1330077826,3.5,5.5,5,6,4
549,1330336819,4,5.5,5.5,6,4
549,1330358553,3,5,5,4.5,4
549,1330426179,3.5,5.5,6,6,4.5
549,1330435006,5,5.5,4,6,4
549,1330511782,5,5.5,5.5,4.5,4
549,1330618616,5,5.5,4,6,4
549,1330942051,5.5,5.5,5.5,6,5
549,1330954396,4.5,5.5,4,6,4
549,1330963244,3.5,5.5,4.5,6,4.5
549,1331040182,4.5,5.5,5,6,4
549,1331049629,3.5,5.5,5.5,6,4.5
549,1331117456,4.5,5.5,5.5,6,4.5
549,1331208033,3.5,5.5,5,6,4.5
549,1331222872,4.5,5.5,5,5.5,4
549,1331287657,3.5,5.5,5,5.5,4
537,1327922084,4.5,5.5,5.5,5.5,5
537,1327928812,4.5,5,4.5,5.5,4.5
537,1327939567,4,5,5.5,5,4.5
537,1328004145,5.5,5.5,5.5,5.5,5
537,1328016772,5,4,5,5.5,6
537,1328025805,4.5,5,5,5.5,6
537,1328094856,5,5.5,5.5,4.5,6
537,1328101504,4,5,5,5,5
537,1328115799,5,5.5,5.5,5.5,4.5
537,1328177747,4.5,4.5,5,4,5
537,1328188211,4,4.5,4.5,5,4
537,1328263758,4,5,5.5,4.5,5
537,1328274714,4,5,5,5,4
537,1328286349,4,5,4.5,4.5,5
537,1328522896,4,5,4.5,5,4.5
537,1328533736,4.5,5.5,4,5.5,3.5
537,1328544464,4,5,5,4.5,5
537,1328611358,4,5,5.5,5,4
537,1328619962,4,5,5,5,4
537,1328631571,4.5,5.5,5,4.5,4
537,1328695708,3,5,3.5,4.5,3.5
537,1328711475,5,4,5,4,4.5
537,1328716928,5,5,5,5.5,4
537,1328782372,5.5,4.5,5.5,5,4.5
537,1328792605,4.5,5,5,5,4.5
537,1328804808,3.5,5,5.5,5.5,5
537,1328871414,6,4.5,5.5,5,6.5
537,1328879338,4,5,5,4.5,4.5
537,1328889844,4,5,5,4.5,4
537,1329127806,3.5,5.5,6,5.5,5
537,1329138412,4,5,5,5.5,4.5
537,1329149097,4,5,5,4,4.5
537,1329215380,4,5,5,5.5,4.5
537,1329225118,4.5,5,5,5.5,4
537,1329236632,5,5,5,5.5,4.5
537,1329302615,6,5.5,5.5,5.5,6.5
537,1329311198,5,5.5,5.5,6,5.5
537,1329387293,5.5,5,5.5,4.5,6.5
537,1329398094,4,5.5,5.5,5.5,5
537,1329409333,4,5,5,5.5,5
537,1329473476,3,5,5,5,3
537,1329484169,4,5,5.5,5.5,5
537,1329495062,5,5.5,5,5.5,5.5
537,1329738313,2,2.5,6,4,4
537,1329743535,3.5,5,4.5,5.5,4
537,1329756313,4.5,5,5.5,6,4
537,1329820772,5,5,5.5,5.5,5.5
537,1329833382,5.5,5.5,5.5,4.5,5
537,1329841503,4.5,4.5,5,5,5
537,1329907280,5.5,5,5.5,5.5,4.5
537,1329917729,4,5,6,5,4.5
537,1330337489,3.5,5.5,5.5,6,4
537,1330349945,5,5,5,4.5,5
537,1330359732,3,4.5,5,4.5,3
537,1330425318,3.5,4.5,5,4,4.5
537,1330434978,4,5,4.5,5,4
537,1330513425,3.5,5,5.5,5,4.5
537,1330522205,4,5,5,5,5
537,1330531862,3,4.5,5,5,4
537,1330942318,4.5,5,5.5,5,4.5
537,1330952698,4,5,5.5,6,4
537,1330964562,5,5,4.5,4.5,5
537,1331029380,4.5,5,5,5,5
537,1331039438,4.5,5.5,5,5.5,4
537,1331051599,4.5,5,5.5,5,4.5
537,1331114832,5,5,5,5.5,4.5
537,1331126784,5,4.5,5.5,6,4
537,1331139847,4.5,4.5,5.5,4.5,6
537,1331201029,5,5,5.5,5.5,5
537,1331213262,4,5,5,5.5,5
537,1331222576,6,5,5,4,5.5
528,1327917882,5.5,6,7,7,5
528,1327929107,6.5,6,6.5,6.5,6
528,1327939245,3,6,7,6.5,4
528,1328005143,3.5,6,7,7,5.5
528,1328016271,7,5.5,7,6.5,7
528,1328090947,4.5,5.5,6,6.5,4.5
528,1328101527,4.5,5.5,5.5,6,4
528,1328114948,3.5,3.5,6,4,4
528,1328177434,4,5,6,6,5
528,1328187723,3.5,5.5,4,6,4
528,1328200106,4.5,6,5,6,4
528,1328275491,4.5,5.5,5,5.5,4
528,1328284914,3.5,5.5,5.5,5,4.5
528,1328522505,3,5.5,7,7,5.5
528,1328533741,3.5,5.5,5.5,6,3.5
528,1328608857,3.5,6,4,6,4.5
528,1328623734,5,7,6.5,6.5,6
528,1328695276,3.5,5.5,7,6,5.5
528,1328707843,4,5.5,6,6.5,4
528,1328716932,5.5,5.5,5.5,6,4
528,1328782852,3,6,4.5,6,3.5
528,1328793281,5,3.5,5.5,5.5,4
528,1328804904,3.5,5.5,5.5,6,3.5
528,1328868468,3,5,4,6,3
528,1328879285,5.5,4,5.5,5.5,5
528,1329128617,5.5,5.5,7,6.5,5
528,1329138152,5.5,5.5,5.5,6,4
528,1329148984,3.5,5,6,6,4.5
528,1329213644,3.5,5.5,6,6,4
528,1329225028,5.5,5.5,7,6.5,4.5
528,1329302482,5.5,5.5,5.5,5.5,4
528,1329821387,4,4,6.5,5,4
528,1329907006,5,6,7,7,5.5
528,1329916893,4,5.5,6,5.5,4
528,1329927804,4.5,6,4.5,6,5
528,1330009426,4.5,3,6,3,4.5
528,1330079743,5,4,7,3.5,4.5
528,1330089449,4.5,2.5,7,3,4.5
528,1330104270,6,5.5,5,5,5
528,1330341453,3.5,2.5,4.5,2.5,3.5
528,1330354391,3.5,3,5,2.5,4
528,1330362769,4,2.5,5.5,4.5,4.5
528,1330426236,3.5,3,6,3,4.5
528,1330434222,4.5,4.5,4.5,4,3.5
528,1330521258,4,5.5,5.5,6,5.5
528,1330533137,4.5,4,5,4,3.5
528,1330596950,3,4.5,4.5,3.5,5
528,1330608901,4.5,4,4,4.5,4
528,1330617773,3,3.5,6,5,3.5
528,1330944414,4,2.5,6,5,4.5
528,1330952781,3,3,5.5,4,3.5
528,1330964949,3.5,3.5,6.5,3.5,5.5
528,1331032048,3.5,4.5,6,5,5
528,1331044320,4.5,4,5,4.5,4
528,1331114460,2.5,3.5,6,4.5,3.5
528,1331138505,3,4,5.5,4,4
528,1331205257,5.5,5,6.5,4.5,6
528,1331213473,3,3.5,6.5,4.5,4
528,1331224053,2.5,4.5,6,4.5,5
528,1331287374,3,5,6,5,4
528,1331303468,4.5,4,5,4.5,3.5
529,1327919624,5,6,6,6.5,4.5
529,1327933385,5,5.5,5.5,6,5
529,1327942311,3.5,3.5,4.5,4.5,4
529,1328004021,3.5,4.5,4.5,5,3.5
529,1328016736,4,5,5,5.5,4
529,1328025809,3.5,4.5,5.5,4.5,3.5
529,1328102283,4,5.5,4.5,4.5,4
529,1328112049,4,4.5,4.5,3.5,5
529,1328192663,4,5,5.5,4.5,4.5
529,1328265348,3,5,4.5,4,4
529,1328274363,4,5.5,5,4,4
529,1328706016,3.5,4.5,4.5,4,4
529,1328717214,4,3,4,3,3.5
529,1328792446,3.5,4.5,4,4.5,4
529,1328804205,3.5,4.5,4,5,3.5
529,1328871045,4.5,4.5,5,4,5
529,1328891006,4,3.5,4,3.5,3.5
529,1329128256,4,5,5,5,3.5
529,1329139078,3.5,4.5,4.5,4,4.5
529,1329149279,3.5,5,4.5,3.5,3.5
529,1329225387,4.5,3.5,4.5,4,4.5
529,1329235231,4,4.5,4.5,4,4
529,1329310842,4.5,4.5,4,5,4
529,1329732031,4.5,4.5,5,5,5
529,1329743058,3.5,4.5,5,4.5,4
529,1329753720,3,4,4.5,4,4
529,1329829321,4.5,4.5,4.5,4.5,4.5
529,1329841338,5,4.5,4.5,5,4
529,1329905485,4,4.5,4.5,5,4.5
529,1329916515,4,4.5,5,4.5,4
529,1329926513,5,4.5,4.5,5,4.5
529,1329991436,4.5,4.5,4.5,4.5,4.5
529,1330009597,3.5,4,4.5,3,4
529,1330013073,3.5,4,4.5,4,4
529,1330078215,4.5,4.5,4,3.5,4
529,1330090353,3.5,4.5,5,4.5,3.5
529,1330336821,4.5,5,4,4,5
529,1330348003,4.5,4.5,4.5,4.5,4.5
529,1330509678,4,4.5,4.5,4.5,5
529,1330520608,4.5,5,5,5,3.5
529,1330533317,4,4.5,5,4.5,4.5
529,1330606855,4,4.5,4.5,4,4.5
529,1330617803,3.5,4.5,4.5,4,4
529,1330942277,3,4,4.5,3.5,4
529,1330952431,3.5,4.5,4.5,3,4
529,1330963346,3.5,4.5,4.5,4,4.5
529,1331029748,3.5,5.5,4.5,4.5,4.5
529,1331039142,3.5,5,5,4.5,4
529,1331051251,3.5,4.5,5,5,4
529,1331205012,4.5,5,4.5,4,4.5
529,1331222635,4.5,5,4.5,5,5
529,1331289115,4.5,5,5,4.5,5
507,1327917829,2.5,6.5,6.5,5,6.5
507,1327930431,4,4,6.5,5.5,5.5
507,1327944406,2,6,6,6,6
507,1328006214,4,4,6.5,6.5,6.5
507,1328018828,4,6,6.5,6,6
507,1328027903,4,6,6,6,6
507,1328093464,3,6.5,6.5,6.5,6.5
507,1328101490,3,6.5,6.5,6.5,6.5
507,1328112442,6,6,6.5,6,6
507,1328177815,3.5,6.5,6.5,6.5,6
507,1328187646,3.5,6.5,6.5,6.5,6.5
507,1328198849,4,6.5,6.5,6.5,6.5
507,1328264024,4,6.5,6.5,6.5,6.5
507,1328274035,4,6.5,6.5,6.5,6.5
507,1328285123,4,6.5,6.5,6.5,6.5
507,1328524530,4,6.5,6.5,6.5,6.5
507,1328533388,4,6.5,6.5,6.5,6.5
507,1328544630,4,6,6,6,6
507,1328608869,4,6.5,6.5,6.5,6.5
507,1328625572,4,6,6,6,6
507,1328630670,4,6.5,6,6.5,6
507,1328702268,4,6.5,6.5,6.5,6.5
507,1328706193,4,6.5,6.5,6.5,6.5
507,1328716847,4,6.5,6.5,6.5,6.5
507,1328788557,4,6.5,6.5,6.5,6.5
507,1328793518,4,6.5,6.5,6.5,6.5
507,1328807451,4,6.5,6.5,6.5,6.5
507,1328868040,4,6.5,6.5,6.5,6.5
507,1328878843,4,6.5,6.5,6.5,6.5
507,1328889664,4,6.5,6.5,6.5,6.5
507,1329128669,4,6.5,6.5,6.5,6.5
507,1329140237,4,6.5,6.5,6.5,6.5
507,1329149312,4,6.5,6.5,6.5,6.5
507,1329213633,4,6.5,6.5,6.5,6.5
507,1329224836,4,6.5,6.5,6.5,6.5
507,1329235674,4,6.5,6.5,6.5,6.5
507,1329307941,4,6.5,6.5,6.5,6.5
507,1329311371,4,6.5,6.5,6.5,6.5
507,1329326314,4,6.5,6.5,6.5,6.5
507,1329393494,4,6.5,6.5,6.5,6.5
507,1329397460,4,6.5,6.5,6.5,6.5
507,1329408346,4,6.5,6.5,6.5,6.5
507,1329480122,4,6.5,6.5,6.5,6.5
507,1329491240,4,6.5,6.5,6.5,6.5
507,1329738776,4,6.5,6.5,6.5,6.5
507,1329747977,4,6.5,6.5,6.5,6.5
507,1329753850,4,6.5,6.5,6.5,6.5
507,1329819013,4,6.5,6.5,6.5,6.5
507,1329829612,4,6.5,6.5,6.5,6.5
507,1329840087,4,6.5,6.5,6.5,6.5
507,1329904879,4,6.5,6.5,6.5,6.5
507,1329916128,4,6.5,6.5,6.5,6.5
507,1329934237,3.5,6.5,6.5,6.5,6.5
507,1330077994,4,6.5,6.5,6.5,6.5
507,1330091317,4,6.5,6.5,6.5,6.5
507,1330101611,4,6.5,6.5,6.5,6.5
507,1330336827,4,6.5,6.5,6.5,6.5
507,1330347628,4,6.5,6.5,6.5,6.5
507,1330359588,4,6.5,6.5,6.5,6.5
507,1330423677,4,6.5,6.5,6.5,6.5
507,1330436860,4,6.5,6.5,6.5,6.5
507,1330445139,4,6.5,6.5,6.5,6.5
507,1330510141,4,6.5,6.5,6.5,6.5
507,1330520706,4,6.5,4,6.5,6.5
507,1330532378,4,6.5,6.5,6.5,6.5
507,1330602062,4,6.5,6.5,6.5,6.5
507,1330606865,4,6.5,6.5,6.5,6.5
507,1330617708,4,6.5,6.5,6.5,6.5
507,1330694930,4,6.5,6.5,6.5,6.5
507,1330704945,3.5,6.5,6.5,6.5,6.5
507,1330941756,4,6.5,6.5,6.5,6.5
507,1330953180,4,6.5,6.5,6.5,6.5
507,1330968459,4,6.5,6.5,6.5,6.5
507,1331028076,4,6.5,6.5,6.5,6.5
507,1331039050,4,6.5,6.5,6.5,6.5
507,1331049781,4,6.5,6.5,6.5,6.5
507,1331114780,4,6.5,6.5,6.5,6.5
507,1331127039,4,6.5,6.5,6.5,6.5
507,1331136710,4,6.5,6.5,6.5,6.5
507,1331201185,4,6.5,6.5,6.5,4
507,1331215604,4,6,6,6,6
507,1331224259,4,6.5,6.5,6.5,6.5
550,1327919463,4.5,5.5,6,6.5,3.5
550,1327930412,4,5.5,5.5,6,2
550,1327939435,3,3,5,4.5,4
550,1328004360,3.5,5.5,5,5.5,3.5
550,1328014989,4,5.5,5.5,6,3.5
550,1328029806,2.5,5.5,7,4,5
550,1328091189,4.5,5.5,6,7,3
550,1328105672,4,5.5,5.5,6.5,3.5
550,1328112042,2.5,5.5,4,6.5,2.5
550,1328182760,3,5.5,6.5,6.5,3.5
550,1328192114,5,1.5,5,3,3.5
550,1328199910,2.5,5.5,6.5,6.5,4
550,1328265113,3.5,5.5,6,4,3.5
550,1328274803,2,3.5,4,4,3.5
550,1328285049,2.5,5.5,2.5,4.5,3.5
550,1328526615,3.5,5.5,6.5,6,3.5
550,1328541920,3.5,5.5,5,6,3
550,1328547603,3.5,4,4.5,4.5,3
550,1328623673,3.5,5,4,5,4
550,1328634302,3.5,5.5,2,1.5,2.5
550,1328696469,3.5,4,4.5,6.5,2
550,1328709194,1.5,4.5,3.5,3,4
550,1328724049,1.5,4,6.5,6.5,2.5
550,1328793572,3.5,5.5,5.5,6.5,3.5
550,1328805033,3.5,4.5,2,3,3
550,1328871757,2,5,4.5,4,2
550,1328885557,2.5,5.5,4,5.5,2.5
550,1328889719,4.5,5.5,5.5,6,3.5
550,1329130678,4.5,5,5,4,3
550,1329141961,2.5,5,4,2.5,2.5
550,1329149011,4,5.5,4,4,2.5
550,1329213700,4.5,5.5,5.5,5,4
550,1329230083,4,4.5,6,3,3
550,1329239807,5.5,2,5.5,1.5,3
550,1329301296,4,2.5,4.5,1,2.5
550,1329322672,3,1,6.5,1,3.5
550,1329386471,4,3,6,1,4.5
550,1329398095,6,4.5,6.5,5.5,5
550,1329410881,3.5,5,4.5,4,3
550,1329476137,4.5,5.5,3,3,4
550,1329483922,5,5.5,4,2,4.5
550,1329495047,5,1.5,1,3.5,2
550,1329732038,4,5.5,4.5,6,4
550,1329744588,4.5,6,4.5,5.5,4.5
550,1329818735,2,5,6,6,4
550,1329829674,5.5,5.5,4,6,2.5
550,1329840436,2,4,3,3.5,1
550,1329905193,5,6,5.5,4.5,3.5
550,1329917822,5.5,5.5,5.5,2,2.5
550,1329933605,2.5,5.5,7,7,2.5
550,1329994191,4.5,4,4.5,6.5,4.5
550,1330009015,4,5.5,6.5,6.5,4
550,1330016943,1,5.5,2.5,7,1
550,1330079393,3.5,4,5,6,2.5
550,1330089602,3.5,3,3.5,6,1.5
550,1330100222,2.5,4,4.5,6,4
550,1330340695,2,2.5,6.5,2,3.5
550,1330348189,5,4.5,4.5,5,3
550,1330358573,1.5,2.5,6.5,3,2.5
550,1330606887,4,4,4,4.5,4
550,1330696742,3,5,5.5,6,4
550,1330705229,2,1.5,4,3,2
550,1330948221,3.5,5.5,6,6,3.5
550,1330954420,5,5,4,6.5,3.5
550,1330966997,4,4,4.5,4,4
550,1331028515,3,5,4.5,5.5,4.5
550,1331039023,5,5.5,5,4.5,3
550,1331052021,2,5,7,3.5,3.5
550,1331114715,1.5,2.5,5,2.5,4
550,1331127005,3.5,2.5,5.5,2.5,2.5
550,1331137535,2,1,7,4,4
550,1331200837,3.5,3,6.5,2.5,6
550,1331212878,2,4,6,3.5,4
550,1331226911,1.5,6.5,6.5,2,4
550,1331300465,4,6,5,5,5
550,1331308839,4,4,4.5,1.5,3
530,1328091296,4,6.5,4,6.5,1.5
530,1328192490,3,6,5.5,6,3.5
530,1328264030,2.5,6,5.5,6,4.5
530,1328522448,2.5,6.5,5.5,6.5,3
530,1328536611,2.5,5.5,4,6,4
530,1328609328,2.5,6.5,4,5.5,4.5
530,1328620269,2.5,6.5,5.5,6.5,4.5
530,1328631014,4,6,5,6,5
530,1328695385,2.5,6,6,6,4
530,1328706625,4,6,6,5,4
530,1328717561,4,6,5.5,6,4
530,1328782047,3.5,6,5.5,6,5.5
530,1328795907,4,6,6,6,3.5
530,1328803867,4,6,4,6,3.5
530,1328881758,2.5,6,6,5.5,4.5
530,1329128307,3.5,6,5.5,6,4
530,1329139074,4,5.5,6,6.5,4
530,1329224838,4,6,5.5,6,4.5
530,1329235915,2.5,6,6,5.5,3.5
530,1329757064,3.5,6.5,4,6.5,5.5
530,1329833154,2.5,6,6,6,3.5
530,1329904946,4,6.5,6,6.5,4.5
530,1329918458,4,6.5,6.5,6.5,3.5
530,1329928911,4,4,5.5,6,4
530,1329992070,2,6.5,6.5,6.5,4.5
530,1330003365,4,6,6,4,2
530,1330085659,4,6.5,6,6,4
530,1330089608,2.5,6,6,6,4.5
530,1330101195,2,6.5,6.5,6.5,4
530,1330339742,2.5,6,6,6,3
530,1330348158,4,6.5,6,6.5,6.5
530,1330360937,4,6.5,4,6.5,6
530,1330423365,5,6.5,6.5,6.5,6.5
530,1330434946,1.5,6.5,6,6.5,6
530,1330510404,2,6,4,6,4
530,1330596499,2.5,6.5,6.5,6.5,3.5
530,1330607058,4,6.5,6,6,4
530,1330619609,3,6.5,6.5,6.5,5.5
530,1330696010,2.5,7,2,4,4.5
530,1331028356,3.5,6.5,6,6.5,3.5
530,1331039669,4,6.5,6.5,6.5,6
530,1331125260,4,6,4,6,2.5
530,1331136051,4,6.5,6.5,6,2.5
530,1331203207,4,6.5,4,6.5,6
530,1331212437,4,6.5,6.5,6.5,4
530,1331223242,1.5,6.5,6.5,6.5,5.5
551,1327918065,4,4,4.5,6,3.5
551,1327929791,4.5,3.5,5,4.5,3.5
551,1327939253,4,4,5,5.5,3
551,1328004038,2.5,3,4,3.5,4.5
551,1328016882,2.5,2.5,5,4,2.5
551,1328025766,4.5,4,4,4,3
551,1328090470,4,4.5,5,4.5,4
551,1328101783,4,4.5,4,4.5,4
551,1328112058,3,5,5,6,3.5
551,1328177687,5,4.5,5.5,4.5,3.5
551,1328187652,4.5,5,5,5,3.5
551,1328198458,4,4.5,5,5,4.5
551,1328264368,3.5,4.5,6,4,4
551,1328274170,4.5,4.5,5,4,4
551,1328284849,4.5,5.5,5.5,6,5
551,1328524501,3,3,6,3,5
551,1328533888,4.5,4,5.5,3.5,4
551,1328559054,2.5,3,7,3.5,3
551,1328619917,5,4.5,6,3,4
551,1328718688,4,2,6.5,2.5,4.5
551,1328794890,5,5,5,6,3.5
551,1328818857,4.5,5.5,6,6,3.5
551,1328868063,5,5.5,5.5,6,4
551,1328879444,4,5.5,6,6,5
551,1329127248,3.5,6,5.5,6,6
551,1329215251,3,5,5.5,6,4
551,1329235583,3.5,4.5,4.5,5,3.5
551,1329300157,4,5.5,5.5,5.5,4.5
551,1329314568,4.5,5.5,5.5,6,4.5
551,1329408103,3,5,6,6,5.5
551,1329473191,5,4.5,5,5,4
551,1329503007,4,5,5,6.5,4
551,1329732082,4.5,5,6,6,4
551,1329744237,4,4,4.5,5,4
551,1329770073,4.5,5,6,4.5,4
551,1329819007,5.5,6,5,6,4
551,1329831047,3.5,4,4.5,5,4
551,1329840808,3.5,4.5,5,5,3.5
551,1329907480,4.5,5,5,6,4
551,1329915880,5,5.5,5.5,6,4.5
551,1329938882,4.5,5,6,6,4.5
551,1330013369,3.5,4,5,4.5,3.5
551,1330085392,5.5,6,6,6,5
551,1330941634,4.5,4,4,4.5,4.5
551,1330959623,3,4.5,5,5.5,4
551,1330980706,5.5,6,5.5,6,4
551,1331028118,6,6,6,6,4
551,1331041227,4.5,4.5,5,4.5,4.5
551,1331064129,4,3,6,4.5,6
551,1331114444,5,5,6,6,4
551,1331127668,5.5,5.5,6,5.5,4.5
551,1331136061,4,4.5,6,5.5,3.5
551,1331217142,5,5.5,5,6,4
551,1331289271,4,4.5,5,5.5,4.5
551,1331304059,3.5,3,5,4,4
512,1327918849,5,5,5,5,5.5
512,1327928476,5.5,6,5,5.5,4.5
512,1327939498,3.5,5,4.5,4.5,3.5
512,1328016568,4,5,4.5,5,5
512,1328026605,5,5,5.5,4,5.5
512,1328092314,5.5,6.5,5.5,3.5,4.5
512,1328107184,3.5,3,5,4.5,5
512,1328112130,4.5,5,4.5,5.5,4.5
512,1328178654,2.5,5,5,3.5,4.5
512,1328198748,3,3,3.5,3,4
512,1328263333,4.5,5.5,3,4.5,3.5
512,1328274787,4,6,4,3,4.5
512,1328523929,4.5,5,5,5,4.5
512,1328535775,3,4,4.5,4.5,3.5
512,1328544835,4,4.5,5,4,3.5
512,1328612583,4.5,5,4.5,3.5,5
512,1328619794,3.5,4.5,4.5,4.5,4
512,1328631835,5,5.5,5,5.5,5
512,1328697093,3.5,5,5.5,4,5
512,1328707969,4,5,4,5,3.5
512,1328718720,5.5,5.5,5,5,6
512,1328781772,3.5,5.5,4,5,4
512,1328793677,5,4.5,5,4.5,4
512,1328804025,5.5,6,5,5,5.5
512,1328868288,4,6,5.5,4,4.5
512,1328880997,4.5,4,4.5,3,3.5
512,1329127663,3,5,4,3,4
512,1329138969,4,5.5,5,3,4.5
512,1329151306,5.5,5.5,4.5,3.5,4
512,1329214212,3.5,4.5,4,3.5,4
512,1329224995,4.5,4,4,3,4.5
512,1329237670,4.5,5.5,4.5,3.5,5
512,1329305792,5.5,4.5,5,3,5
512,1329313569,4.5,5.5,4.5,6,5.5
512,1329321840,4.5,5,4,5.5,3.5
512,1329397955,3.5,4.5,4.5,5,3.5
512,1329409065,3.5,5,4.5,5,4
512,1329476419,3.5,3,5,4.5,4
512,1329485411,4,4.5,4.5,4.5,4.5
512,1329738586,3,4,4,5,3.5
512,1329743901,4,4,4,5,3.5
512,1329753950,3,4,4.5,4,3.5
512,1329832092,3.5,3.5,3.5,4.5,3.5
512,1329842062,5.5,5,5,4.5,4
512,1329910338,4,5,5,3.5,5
512,1329916724,4.5,4,4.5,4,4
512,1329926965,4,4.5,5,4.5,3.5
512,1330077913,3,4,5,4,3.5
512,1330089493,3,4,4.5,3,3.5
512,1330100689,4,4,4.5,3,4.5
512,1330338769,4.5,4.5,4.5,5,4
512,1330347761,3.5,5,4.5,5,4.5
512,1330358610,3.5,4.5,5,5,4
512,1330441482,3.5,4,5,5,4
512,1330444971,4,4,4.5,4.5,3.5
512,1330512560,4.5,5,4,4.5,4
512,1330526260,5.5,4,4.5,4.5,5
512,1330531649,4.5,4.5,4.5,4.5,4
512,1330598858,3.5,4.5,4.5,4.5,4
512,1330612551,5.5,5.5,4.5,4.5,6
512,1330623765,4.5,4.5,5,4.5,3.5
512,1330693689,4,4.5,5,5,4
512,1330942751,3.5,5,4.5,5,3.5
512,1330952449,3.5,4.5,5,5,3.5
512,1330963654,5.5,5,3.5,4.5,5.5
512,1331031958,5.5,5.5,5,4,5
512,1331117616,3.5,4.5,5,5,4.5
512,1331126926,5,5,5,5,5
512,1331137767,3.5,4,5,5,4
512,1331201187,4.5,4.5,5,5,3.5
512,1331289764,5.5,5.5,5.5,5,5
512,1331299956,5,4,5,5.5,5
501,1327917674,2,4.5,6.5,6.5,3
501,1327928697,2.5,5.5,5,5.5,2.5
501,1327939360,2.5,5,6,5,3.5
501,1328004061,2.5,4.5,5.5,5.5,3
501,1328016553,4,4.5,4.5,5,3.5
501,1328093316,3,5,6,5,2.5
501,1328112023,2,4.5,6.5,6,4
501,1328177159,3.5,4.5,5.5,5,3.5
501,1328188895,3,5,6,5.5,3.5
501,1328263351,3,6,6,4.5,4
501,1328524858,4,4.5,5.5,4,4
501,1328534691,3,5.5,6,5.5,3
501,1328544033,3,5.5,5.5,5,3.5
501,1328609077,3.5,5.5,6,5,3.5
501,1328619655,2,4.5,6,5.5,3
501,1328630436,2,5.5,6,6,3
501,1328695281,2.5,5,6.5,6,3.5
501,1328707707,4,5.5,6,5.5,3.5
501,1328782291,4.5,5,6,4.5,3
501,1328792976,3,5,4,5,3
501,1328868154,3.5,5.5,6.5,5,3.5
501,1329128522,2.5,4.5,6,5.5,3
501,1329138946,3.5,5,6,6,3
501,1329214577,4,4.5,6,4.5,3.5
501,1329224449,4,5.5,6,6,4
501,1329300080,3,5,6,5.5,4
501,1329310846,2.5,5.5,6,6,2.5
501,1329321802,2.5,5.5,6,6,2.5
501,1329397773,3,5.5,6,5,3
501,1329408086,2,5.5,6.5,6,2.5
501,1329472949,4.5,5.5,5.5,6,4.5
501,1329483659,2,5.5,5.5,5.5,2.5
501,1329732034,2,5.5,6,6,3.5
501,1329743095,4.5,5,6,6,3
501,1329753659,4,6,6.5,6.5,3
501,1329819113,5,5.5,5,5.5,4.5
501,1329829252,5,5.5,6,5.5,4
501,1329904896,5,6,5.5,6,3.5
501,1329915690,2,6,6,6,3
501,1329926525,2,6,6,6,3.5
501,1329991876,3.5,5.5,6,6,3.5
501,1330008734,4.5,5.5,6,6,3
501,1330080249,4,5.5,6,5.5,3.5
501,1330358763,4,5.5,6,6,4
501,1330424420,3,6,6,5.5,3.5
501,1330434115,2,6.5,6,6.5,2.5
501,1330510142,3,6,6,6.5,2
501,1330520674,3.5,5,6,6,2.5
501,1330531231,4,5.5,6,5.5,4
501,1330597851,4,5,5.5,5.5,3.5
501,1330607159,3.5,5.5,5.5,5.5,3.5
501,1330941625,5,5.5,6,6,4
501,1330952429,3,5.5,6,6,4
501,1330963261,3,5.5,6,6,4
501,1331028298,4.5,5.5,5.5,6,3
501,1331041638,3.5,6,6,5.5,3.5
501,1331050005,4.5,5.5,6,5.5,4.5
501,1331114993,3.5,5.5,5.5,5.5,4.5
501,1331125257,4,5.5,5.5,5.5,4
501,1331136047,4,5.5,5.5,6,4
501,1331200978,5,5.5,5.5,6,4
501,1331212185,4,5.5,5.5,6,4.5
501,1331287382,3.5,5.5,6,6,2
501,1331298164,3.5,6,6,6,3.5
552,1327928751,4.5,5.5,7,6.5,6.5
552,1327939691,3.5,4.5,6.5,6,5
552,1328004018,4.5,2.5,7,7,5
552,1328015406,4.5,5,7,6,5
552,1328090464,3.5,5,7,6,5.5
552,1328101459,5,6.5,7,6,4.5
552,1328187758,3.5,4.5,7,6,6
552,1328263356,4.5,4,7,6.5,6.5
552,1328274030,4.5,6.5,7,5.5,4.5
552,1328544241,3,3,7,4,5.5
552,1328608846,3.5,5,7,6.5,3
552,1328619628,4,5.5,7,6.5,6
552,1328695594,4,5.5,7,6.5,5.5
552,1328706013,5.5,5,7,5,5.5
552,1328716843,5,5,7,6,6.5
552,1328781631,3.5,6,7,5.5,6
552,1328793648,4.5,4.5,7,5.5,5.5
552,1328884785,5.5,5.5,7,6,7
552,1329410168,7,6,7,4,7
552,1329473418,5,4.5,7,6,6
552,1329485751,3,6,6.5,6,5.5
552,1329732053,3.5,6,7,6,5.5
552,1329745508,5,5,7,5.5,6
552,1329818465,2.5,5.5,7,6,5.5
552,1329831213,5,5.5,7,5.5,6.5
552,1329993011,5,5,7,5,6.5
552,1330007781,4,5,7,6.5,6.5
552,1330014636,5,5.5,7,5.5,6
552,1330077823,4.5,5.5,7,5,5.5
552,1330337264,1,4,7,5,4
552,1330348404,1.5,4.5,7,4.5,4.5
552,1330358566,1,4,7,5.5,4.5
552,1330422971,5,5.5,7,6.5,5.5
552,1330434040,4,5.5,7,5.5,6
552,1330444901,3,4.5,7,5.5,6.5
552,1330509674,3,5.5,7,6.5,5.5
552,1330597748,5.5,5,7,5.5,6.5
552,1330609245,4,4.5,7,5,6.5
552,1330617706,4.5,5.5,7,6,6
552,1330941641,3.5,5.5,7,5.5,6.5
552,1330954269,5.5,5.5,7,6,5.5
552,1330963275,5,5.5,7,5.5,6
552,1331125873,4.5,6,7,3.5,6
552,1331201843,3,5.5,7,6,5.5
552,1331212260,3,5.5,7,5.5,5.5
552,1331287435,4.5,4,7,5,7
552,1331299875,6,6.5,7,5.5,6.5
552,1331308850,3,5,7,6,6
531,1327928430,1.5,4.5,6,6.5,2
531,1327939239,2.5,2.5,4.5,4,4
531,1328004274,2.5,5,5.5,5.5,2.5
531,1328015672,3.5,5.5,5,5.5,2.5
531,1328026084,3.5,5,6,5.5,5
531,1328090557,3,4.5,6,6.5,3
531,1328101461,5.5,5.5,5,5.5,4
531,1328112075,3,5.5,6,6,5
531,1328177147,5.5,5,6,6.5,5
531,1328264174,2.5,4.5,6,6,3
531,1328274313,3,4,5,5.5,3.5
531,1328285362,5,5.5,6,6.5,5
531,1328522449,2.5,5,6.5,6.5,6
531,1328533294,2,4.5,6.5,6.5,5.5
531,1328544044,4,5.5,6.5,6.5,5.5
531,1328609474,5,6,6,6,6
531,1328619914,2.5,5,5.5,5.5,2.5
531,1328696229,5.5,6,6,6,5.5
531,1328706195,3,4,6,4,3
531,1328717732,2,2,6,4,2
531,1328782498,6.5,6,6.5,6.5,6
531,1328792436,2,4.5,6.5,4.5,2.5
531,1329127475,2,4,6,6,2
531,1329139393,2.5,4,6,6.5,4
531,1329148838,5,6.5,6,6,5
531,1329213689,4,5.5,7,6.5,4
531,1329224869,4,5.5,6.5,6.5,5
531,1329732190,5.5,6,6.5,6,5
531,1329743883,6.5,6,6,6.5,4.5
531,1329753971,3,5.5,6.5,6.5,2.5
531,1329829476,6,6,6.5,6.5,5.5
531,1329842950,5.5,5.5,6,6,6.5
531,1329909595,4,5,5.5,6,5.5
531,1329916276,6,6,6.5,7,6
531,1329927829,5.5,5,6,5.5,5.5
531,1329992246,6,6,6.5,6.5,6
531,1330007778,2.5,4,3,5.5,2
531,1330079589,6,6.5,6.5,6.5,5.5
531,1330089493,3,5,6.5,6.5,4
531,1330339996,2.5,5.5,6.5,6.5,4
531,1330354847,6,6,6.5,6.5,5.5
531,1330359692,2,4.5,7,6.5,5.5
531,1330431908,5.5,6.5,6,6.5,6
531,1330436586,4.5,5,6.5,6.5,5
531,1330447254,5,6,6,6,4
531,1330511990,2,4.5,7,6.5,2
531,1330522044,3,6,6.5,6.5,2.5
531,1330531238,2,4.5,6.5,6.5,2.5
531,1330606958,1.5,4,6.5,7,5
531,1330617800,6,5.5,6.5,6.5,6.5
531,1330943628,2.5,3.5,6.5,3,4
531,1330963795,4.5,4,6.5,4,2.5
531,1331050870,4.5,4.5,6.5,6.5,4.5
531,1331116469,4,3.5,6.5,6,3
531,1331201283,2.5,4,7,6.5,3.5
531,1331211736,3,6,6.5,6.5,4
531,1331223394,6.5,6,6.5,6.5,6.5
531,1331287830,2.5,5,7,7,4.5
513,1327923513,3,4,5.5,4,3
513,1327929099,2.5,5,5,5,5
513,1328006889,5,5,5.5,5.5,4.5
513,1328020219,3.5,5,4.5,5.5,4
513,1328026387,3.5,5,5,5.5,4
513,1328092308,5,5,4.5,5,4
513,1328107120,2.5,2.5,5.5,6,4.5
513,1328113684,4,5.5,5,5,5
513,1328535941,5,5.5,5.5,6,4.5
513,1328549647,4.5,5,5,5.5,4.5
513,1328621356,2,5.5,5.5,6,4
513,1328708129,3,4,5.5,6,5
513,1328723708,3.5,5,5,6,4.5
513,1328794695,3.5,4.5,5,6,5.5
513,1328806921,4,3.5,5,6,4
513,1328869848,4.5,6,5.5,6.5,5.5
513,1328883579,3.5,6,5,6,5.5
513,1329132122,3.5,5,5,4.5,4.5
513,1329140029,5,5,5.5,6,5
513,1329150160,4,5.5,5,5,4
513,1329220188,2,5,5,5,4
513,1329227702,4,6,4,5.5,4
513,1329235928,3,4.5,5.5,4.5,3.5
513,1329303353,3.5,5.5,5.5,5.5,4.5
513,1329312227,3,5.5,5.5,6,3
513,1329401725,3.5,4,5.5,5,4
513,1329739956,4,5.5,5.5,6,5.5
513,1329746444,3,5,5.5,6,4.5
513,1329754532,2.5,5.5,4,6,4.5
513,1329836226,3,3.5,5.5,5.5,4.5
513,1329916906,4,6,5.5,6,6
513,1329928548,4,5,5,5.5,5
536,1327917679,6.5,6.5,6.5,6.5,5.5
536,1327934429,7,6,6.5,6.5,6.5
536,1327940043,7,6.5,6.5,6.5,6.5
536,1328004142,5.5,6,5.5,6.5,7
536,1328015714,6.5,6,6.5,6.5,6
536,1328090851,3.5,4.5,6,6,3.5
536,1328102120,2.5,7,7,7,5.5
536,1328112577,3,5.5,4.5,5.5,5
536,1328189514,5.5,5.5,6.5,6.5,5.5
536,1328199234,4,5.5,5.5,7,4.5
536,1328264012,7,6.5,7,7,7
536,1328287802,7,6.5,7,7,7
536,1328527359,6.5,5,7,3.5,5
536,1328534087,6.5,6.5,6.5,6.5,6.5
536,1328546888,4,6,6,6.5,5.5
536,1328609339,7,6.5,7,7,7
536,1328630674,6.5,6,7,6.5,6.5
536,1328697448,4,5.5,6.5,7,4
536,1328714747,3.5,4,7,5.5,5.5
536,1328720285,5,5.5,6.5,6.5,6
536,1328783690,6,6,6.5,6.5,6.5
536,1328805349,6.5,4.5,6.5,6,6.5
536,1328868188,6.5,6,6.5,6.5,6.5
536,1328879302,6,6,6,6,6
536,1329305197,7,6.5,5.5,7,7
536,1329317250,6.5,6.5,6.5,6.5,6.5
536,1329323946,4.5,6.5,6.5,6.5,6.5
536,1329390119,6.5,6.5,6,6.5,6.5
536,1329474189,6,6.5,6,7,6
536,1329484942,6.5,6.5,6,6.5,7
536,1329735412,6.5,6.5,6.5,6.5,6.5
536,1329748008,6.5,5.5,6.5,6.5,6.5
536,1329754740,6,6,6.5,7,7
536,1329829272,6.5,5.5,6.5,6.5,6.5
536,1329841828,5,6.5,6.5,6.5,6.5
536,1329905014,5,6.5,6,6.5,6.5
536,1329921456,6,6.5,5.5,6.5,6
536,1329998062,6.5,6.5,6.5,6.5,6.5
536,1330079498,7,7,7,7,7
536,1330362305,7,6,6,7,7
536,1330516142,4,6.5,6,6.5,4
536,1330607428,7,7,7,7,7
536,1330622611,5,6.5,6.5,6.5,6.5
536,1330947912,7,7,7,7,7
536,1330956143,5,6.5,7,7,6
536,1331030572,7,7,7,7,7
536,1331139112,5.5,6.5,7,6.5,6.5
536,1331225878,6.5,6.5,6.5,6.5,6.5
505,1327917787,6,4,6,6.5,5
505,1327930386,5.5,6,5,5.5,6
505,1327939399,7,5.5,6,6.5,5.5
505,1328006366,6.5,5,5.5,6.5,5.5
505,1328016680,6,5.5,5.5,6,5.5
505,1328027584,6.5,4,6,7,5.5
505,1328093326,4.5,6,6.5,7,4.5
505,1328101462,5.5,5.5,6,6.5,5
505,1328112424,6.5,3.5,6,6.5,6.5
505,1328177139,6,6,6,6.5,5
505,1328189553,5.5,5.5,6,6.5,5
505,1328199495,5,5.5,6,7,6
505,1328263557,3,6,6,7,5.5
505,1328274038,6,5.5,5.5,6.5,5.5
505,1328525505,6,5.5,6,6.5,5
505,1328533365,5.5,5,6,6.5,4.5
505,1328544047,6,5,6,6.5,5.5
505,1328608868,4.5,6,6,7,4
505,1328625512,6.5,5.5,6,6.5,6
505,1328630436,4,5,6,7,5.5
505,1328702173,5,5.5,6,7,3.5
505,1328706042,4,6,6,6,4.5
505,1328716845,6.5,5.5,6,6.5,5.5
505,1328781708,6,5,6,6,5
505,1328793954,5.5,5,5.5,6.5,6
505,1328805518,6,5.5,6,6.5,6
505,1328868630,6.5,5.5,6,7,5
505,1328879170,4.5,5.5,7,6.5,5.5
505,1329128655,6,5.5,6,7,5
505,1329140569,6,6,6,6.5,5.5
505,1329149316,6,6,6,7,6
505,1329213667,5.5,6.5,7,6.5,6
505,1329224887,5.5,5.5,6,7,5
505,1329302179,5.5,5.5,6,7,6.5
505,1329321837,6,6,6.5,7,5
505,1329398121,6.5,5,7,6.5,6
505,1329408115,6,6,6.5,7,6
505,1329473042,5,5,6,7,5
505,1329738649,6.5,5.5,6,7,5.5
505,1329745733,6.5,5.5,6,7,6
505,1329753647,6,5.5,6,7,5.5
505,1329819005,6,6,6.5,7,6
505,1329829253,4,5.5,6,6.5,5.5
505,1329840073,6.5,5.5,6,6.5,5
505,1329904829,6.5,6,6,7,4
505,1329916121,5,6,6,7,5
505,1329928534,6.5,6,6,7,6.5
505,1329993995,6.5,6,6.5,6.5,5.5
505,1330008443,6,6,6,7,6.5
505,1330012900,6,6,5.5,7,6
505,1330078004,6,6,6,7,5.5
505,1330089361,6,5,5.5,6,5.5
505,1330336827,6,4.5,6,7,5.5
505,1330350637,6,6.5,6.5,7,5.5
505,1330358765,6.5,6,6.5,6.5,6
505,1330424460,6,5.5,6.5,7,4.5
505,1330433935,5.5,6,6,6,5.5
505,1330445267,6,5.5,5.5,6.5,6
505,1330515779,6.5,5.5,6.5,6.5,6
505,1330523510,6.5,5.5,6.5,6.5,6.5
505,1330531426,5.5,5.5,6,6.5,4.5
505,1330601409,6,6,6.5,6.5,6
505,1330608354,6.5,4.5,6,6.5,7
505,1331028550,6,5.5,6,6,5.5
505,1331039084,6,5.5,6.5,6.5,6.5
505,1331049881,6.5,6.5,5.5,6.5,5.5
505,1331114460,6.5,5.5,6,6.5,6
505,1331127156,6,6,6,6.5,6
505,1331137116,6.5,5.5,5.5,6,5.5
505,1331202654,6.5,5,6.5,6,5
505,1331216287,6.5,4,6.5,6,6
505,1331222427,6.5,6,6.5,7,5.5
505,1331287247,5.5,4.5,6.5,6.5,6
505,1331298065,6,6.5,6.5,7,4.5
514,1327919838,4.5,5,5.5,6,4
514,1327933847,4,4,5.5,6.5,3.5
514,1328176866,4,5,5.5,6,4
514,1328187848,5,5,5.5,6,5
514,1328274039,4.5,5.5,5.5,6,5.5
514,1328285139,5.5,5.5,6.5,6,5
514,1328534716,5,5,5.5,7,3.5
514,1328544552,5.5,5.5,6,5.5,4.5
514,1328611053,4.5,5.5,6,5.5,5.5
514,1328621462,5,5.5,4,6,4
514,1328632461,5,4,6,5.5,5.5
514,1328886321,4,5.5,6,6,3.5
514,1328889678,3.5,5.5,6.5,6.5,4
514,1329127280,3.5,5.5,6,6,4
514,1329138437,4,5.5,6,6,4
514,1329150640,4.5,5.5,5.5,6,2.5
514,1329213860,4.5,5.5,6,6,5.5
514,1329224531,3.5,5.5,6,6,5
514,1329237454,5.5,5.5,5.5,6,4
514,1329300412,5.5,5.5,6,6,4
514,1329314038,6,5.5,6,6,5.5
514,1329324767,6,5.5,6,5.5,4.5
514,1329393723,3.5,5.5,6,6.5,4.5
514,1329398393,5.5,5.5,5.5,5.5,5.5
514,1329408096,5.5,5.5,6,5.5,5.5
514,1329485948,2.5,5.5,6,6,4.5
514,1329750362,4.5,5.5,5.5,6,5.5
514,1329753657,5.5,5.5,6,5.5,5
514,1329818434,5,5.5,6,6,4
514,1329905226,5.5,5.5,5.5,5.5,5
514,1329917771,5.5,5.5,6,6,3.5
514,1329929803,5.5,4,5.5,5.5,6
514,1329991742,4,5.5,6,6,5.5
514,1330009308,5.5,5.5,6,6,5.5
514,1330015895,5.5,5.5,6,6,5
514,1330077839,5.5,5.5,6.5,6,5.5
514,1330091132,4,5.5,5.5,5.5,5.5
514,1330100561,5.5,5.5,6,6,5.5
514,1330338777,5,5.5,6,6,5
514,1330349438,4,5.5,6,6,5
514,1330361641,5,5.5,6,5.5,5.5
514,1330430442,4,5.5,6.5,6.5,5.5
514,1330435823,4,5.5,6.5,6.5,5.5
514,1330445493,4,5.5,6.5,6,5.5
514,1330509682,4,4,5.5,5.5,5.5
514,1330522220,5.5,5.5,6,6,5.5
514,1330531233,5,5.5,6,5.5,5.5
514,1330596932,4,5.5,6,5.5,5.5
514,1330608766,5.5,5.5,6,6,5.5
514,1330617845,4,5.5,6,5.5,5.5
514,1330704789,4.5,5.5,6,6,5
514,1330944119,4,5.5,6,6,4.5
514,1330959676,5.5,4,5.5,5.5,4
514,1330963243,4,5,5.5,5.5,4
514,1331033271,6,5.5,6,5.5,6.5
514,1331040726,5,5.5,6,5.5,5.5
514,1331051619,5.5,5.5,5.5,5.5,5.5
514,1331115065,4,4,5.5,5.5,4
514,1331311754,5.5,5.5,5.5,6,4.5
554,1330950149,4,4,6.5,6.5,6
554,1330952507,6,4.5,5,6,6
554,1330965708,5,5,3.5,6,5.5
554,1331115852,5,6,6,6,4
554,1331130560,3.5,5.5,5.5,5.5,4
554,1331212725,4.5,5.5,6.5,3,4.5
554,1331294319,5,2.5,5,3,5.5
554,1331298759,5,6.5,5.5,6.5,6.5
555,1330943283,5.5,6,6.5,6.5,5
555,1330952806,5,6,6,6.5,4.5
555,1330963381,6,7,6.5,7,5
555,1331028136,5,6.5,6.5,6.5,4
555,1331115585,6,6,6.5,6.5,5
555,1331125644,5,6,6.5,6.5,5
555,1331200832,4.5,6,6,6,4.5
555,1331212728,6,3.5,5.5,6,4
555,1331294305,6,6,6,6,4
555,1331298679,3.5,6,5.5,5.5,5