ID,Evening,Sad_E,Anxious_E,Angry_E,FamCoh1_E,FamCoh2_E,FamCoh3_E,FamCon1_E,FamCon2_E
102,1,1,10,1,97,95,97,8,1
102,2,3,12,1,97,96,97,4,3
102,3,2,33,2,90,88,87,3,5
102,4,2,88,3,95,97,97,21,6
102,5,NA,NA,NA,NA,NA,NA,NA,NA
102,6,NA,NA,NA,NA,NA,NA,NA,NA
102,7,2,34,3,86,89,92,14,2
102,8,6,28,7,97,97,98,6,2
102,9,5,24,10,100,99,97,5,6
102,10,6,8,10,90,88,84,26,22
102,11,NA,NA,NA,NA,NA,NA,NA,NA
102,12,6,19,7,97,96,96,18,3
102,13,96,14,2,94,92,92,11,4
102,14,NA,NA,NA,NA,NA,NA,NA,NA
102,15,4,21,5,99,98,97,14,3
102,16,5,8,8,98,96,95,18,3
102,17,7,7,97,96,97,92,8,3
102,18,4,26,10,97,99,98,12,2
102,19,5,5,8,98,100,99,7,5
102,20,2,5,4,97,98,95,7,2
102,21,1,8,7,97,96,98,7,5
103,1,1,69,1,75,75,75,1,1
103,2,NA,NA,NA,NA,NA,NA,NA,NA
103,3,1,65,1,73,73,73,1,1
103,4,16,60,1,54,54,55,1,1
103,5,1,60,1,51,51,51,1,1
103,6,1,66,1,49,48,49,1,1
103,7,13,61,1,51,51,52,1,1
103,8,1,59,1,50,50,50,1,1
103,9,1,61,1,51,52,52,1,1
103,10,1,32,1,50,50,50,1,1
103,11,1,28,1,61,61,48,1,1
103,12,NA,NA,NA,NA,NA,NA,NA,NA
103,13,1,45,1,50,50,51,1,1
103,14,1,39,1,47,49,49,NA,NA
103,15,20,51,1,49,49,50,1,1
103,16,20,32,32,67,68,68,1,1
103,17,1,24,1,50,51,52,1,1
103,18,1,30,1,49,50,49,1,1
103,19,1,1,1,50,51,50,1,1
103,20,1,25,1,51,52,51,1,1
103,21,1,18,1,49,50,48,1,1
104,1,10,19,1,99,96,97,2,1
104,2,9,19,2,97,99,99,1,2
104,3,4,10,7,98,98,98,9,6
104,4,4,9,4,95,95,95,10,3
104,5,10,60,4,99,99,99,2,2
104,6,3,69,8,87,88,89,21,8
104,7,18,13,6,92,92,93,15,4
104,8,12,66,11,98,92,97,9,4
104,9,22,54,20,96,95,95,5,5
104,10,11,10,7,97,97,96,7,1
104,11,NA,NA,NA,NA,NA,NA,NA,NA
104,12,NA,NA,NA,NA,NA,NA,NA,NA
104,13,20,31,6,98,97,97,32,3
104,14,9,43,8,93,93,94,5,1
104,15,30,20,6,96,96,96,11,4
104,16,15,16,9,97,97,97,9,3
104,17,NA,NA,NA,NA,NA,NA,NA,NA
104,18,15,19,19,85,88,89,7,1
104,19,NA,NA,NA,NA,NA,NA,NA,NA
104,20,11,36,7,92,77,81,13,8
104,21,2,14,2,92,92,91,2,2
105,1,1,1,1,68,71,73,1,1
105,2,2,2,2,100,100,100,29,2
105,3,2,2,2,100,100,100,2,6
105,4,2,62,2,72,100,78,27,43
105,5,2,14,2,100,100,26,24,2
105,6,2,29,3,81,81,82,23,28
105,7,2,2,2,98,98,99,2,2
105,8,2,13,2,100,100,100,2,2
105,9,2,9,2,94,93,93,2,2
105,10,2,2,2,94,93,93,2,2
105,11,2,9,2,94,96,95,2,2
105,12,2,14,2,94,94,95,2,2
105,13,2,3,2,91,94,94,2,2
105,14,2,17,2,95,94,94,2,2
105,15,2,2,2,96,95,95,2,2
105,16,2,2,2,97,94,92,2,2
105,17,2,37,2,74,77,79,2,2
105,18,2,9,2,99,99,2,2,2
105,19,2,17,2,85,85,82,2,2
105,20,2,2,2,85,87,91,2,2
105,21,53,68,18,75,75,74,15,4
106,1,25,65,27,58,58,57,49,37
106,2,45,71,21,49,50,49,49,48
106,3,40,73,31,50,50,51,25,25
106,4,30,50,10,50,50,50,1,1
106,5,30,56,20,66,67,67,45,45
106,6,60,70,50,66,65,52,18,18
106,7,40,70,60,50,51,51,26,26
106,8,65,59,36,50,50,50,27,27
106,9,41,51,29,50,51,51,21,21
106,10,42,64,32,54,54,54,19,20
106,11,71,69,53,50,50,50,31,30
106,12,50,70,59,50,50,50,22,23
106,13,NA,NA,NA,NA,NA,NA,NA,NA
106,14,51,53,40,50,50,50,18,19
106,15,56,64,51,50,50,50,21,22
106,16,64,71,31,50,50,50,20,20
106,17,NA,NA,NA,NA,NA,NA,NA,NA
106,18,57,71,59,50,50,50,19,19
106,19,82,83,72,51,51,52,29,29
106,20,60,60,60,50,50,50,28,28
106,21,NA,NA,NA,NA,NA,NA,NA,NA
107,1,2,2,2,2,28,20,2,2
107,2,1,1,1,2,2,1,2,2
107,3,18,27,1,2,2,2,2,2
107,4,26,22,13,23,25,26,1,1
107,5,15,31,14,33,33,43,1,1
107,6,10,11,2,33,34,36,1,1
107,7,6,34,2,27,31,32,1,1
107,8,28,54,2,29,31,31,1,1
107,9,19,52,2,66,64,68,2,2
107,10,22,51,2,29,30,30,2,2
107,11,2,2,2,29,29,30,2,2
107,12,22,36,2,27,27,28,1,1
107,13,11,27,2,38,39,41,1,1
107,14,15,23,18,63,60,60,1,1
107,15,1,44,1,36,36,36,1,1
107,16,16,36,34,56,74,76,1,1
107,17,18,40,2,79,88,83,1,1
107,18,25,30,2,79,77,78,17,17
107,19,9,33,2,76,87,81,24,26
107,20,16,24,1,81,82,82,1,1
107,21,43,36,26,52,52,53,1,1
108,1,37,86,27,65,92,70,44,22
108,2,58,94,30,75,83,79,63,35
108,3,57,84,1,82,90,70,49,31
108,4,28,28,15,77,78,78,9,11
108,5,15,51,13,75,79,68,45,63
108,6,47,29,80,73,71,67,39,31
108,7,24,25,10,86,98,84,12,15
108,8,6,35,2,79,67,64,22,52
108,9,28,27,36,81,83,31,82,35
108,10,NA,NA,NA,NA,NA,NA,NA,NA
108,11,NA,NA,NA,NA,NA,NA,NA,NA
108,12,1,1,1,75,86,82,2,2
108,13,16,63,4,62,84,90,81,83
108,14,23,13,8,85,26,81,86,91
108,15,16,73,40,72,77,83,37,33
108,16,86,48,84,64,51,51,18,13
108,17,NA,NA,NA,NA,NA,NA,NA,NA
108,18,21,74,5,82,81,82,19,18
108,19,28,60,18,59,65,57,51,24
108,20,71,10,48,78,70,61,30,34
108,21,36,72,68,67,64,54,37,71
111,1,20,4,1,87,87,79,3,4
111,2,20,4,1,100,95,83,8,3
111,3,25,11,1,96,96,95,6,2
111,4,15,5,3,96,91,95,3,5
111,5,9,4,2,98,93,92,21,2
111,6,2,2,5,97,96,97,9,2
111,7,3,2,2,98,83,80,2,1
111,8,6,3,2,99,98,98,7,2
111,9,14,4,6,96,89,91,9,4
111,10,13,4,2,93,87,90,11,3
111,11,19,5,2,95,92,92,2,2
111,12,9,5,3,93,85,89,7,4
111,13,34,10,3,90,93,80,16,4
111,14,47,8,3,95,88,87,7,3
111,15,21,10,4,91,95,89,14,6
111,16,33,13,4,78,81,76,5,3
111,17,26,8,3,88,80,85,23,5
111,18,44,16,9,81,93,96,41,5
111,19,26,13,8,92,89,94,22,10
111,20,24,23,16,90,81,89,27,15
111,21,24,13,5,84,92,86,20,6
112,1,1,1,1,24,42,46,13,7
112,2,NA,NA,NA,NA,NA,NA,NA,NA
112,3,NA,NA,NA,NA,NA,NA,NA,NA
112,4,NA,NA,NA,NA,NA,NA,NA,NA
112,5,63,68,1,89,91,85,1,1
112,6,1,1,10,49,87,88,39,40
112,7,1,1,1,70,65,72,1,1
112,8,NA,NA,NA,NA,NA,NA,NA,NA
112,9,1,1,1,76,89,42,1,1
112,10,1,15,1,72,80,76,1,1
112,11,1,8,1,89,89,18,3,1
112,12,1,1,1,100,100,82,1,1
112,13,1,15,1,84,83,1,6,1
112,14,1,1,1,46,59,67,67,1
112,15,1,1,1,80,82,72,1,1
112,16,1,1,1,57,70,68,1,1
112,17,1,1,1,92,91,99,1,1
112,18,1,1,1,97,95,96,85,1
112,19,NA,NA,NA,NA,NA,NA,NA,NA
112,20,1,38,5,96,58,60,59,2
112,21,1,1,1,80,73,74,92,NA
113,1,NA,NA,NA,NA,NA,NA,NA,NA
113,2,13,23,4,1,1,1,1,1
113,3,11,25,1,1,1,1,1,1
113,4,6,22,1,1,1,1,1,1
113,5,1,24,1,10,9,9,40,25
113,6,NA,NA,NA,NA,NA,NA,NA,NA
113,7,17,24,1,10,19,5,30,20
113,8,1,15,1,1,50,10,1,1
113,9,1,11,12,20,35,5,1,1
113,10,1,10,1,10,31,8,1,1
113,11,1,14,1,5,10,1,31,1
113,12,NA,NA,NA,NA,NA,NA,NA,NA
113,13,NA,NA,NA,NA,NA,NA,NA,NA
113,14,1,25,1,9,6,6,28,1
113,15,1,10,1,10,42,1,30,1
113,16,1,20,1,8,27,1,5,1
113,17,1,10,1,10,20,5,5,1
113,18,5,1,1,7,15,1,5,1
113,19,1,5,1,30,30,10,1,1
113,20,NA,NA,NA,NA,NA,NA,NA,NA
113,21,1,1,1,8,21,4,5,1
115,1,29,52,33,50,51,49,45,12
115,2,13,34,33,74,55,36,52,28
115,3,13,32,21,52,49,50,53,30
115,4,24,23,28,75,76,69,49,49
115,5,36,20,16,70,76,69,36,21
115,6,33,24,23,90,90,71,38,26
115,7,24,39,20,86,84,98,36,35
115,8,39,53,74,66,64,63,45,27
115,9,29,52,73,75,77,45,40,46
115,10,54,30,68,80,77,64,34,37
115,11,NA,NA,NA,NA,NA,NA,NA,NA
115,12,NA,NA,NA,NA,NA,NA,NA,NA
115,13,30,47,31,89,73,47,36,42
115,14,44,36,78,58,60,51,78,74
115,15,30,66,83,68,55,67,64,70
115,16,38,53,85,66,53,61,33,39
115,17,54,43,66,29,21,19,71,86
115,18,NA,NA,NA,NA,NA,NA,NA,NA
115,19,NA,NA,NA,NA,NA,NA,NA,NA
115,20,36,41,59,74,57,58,54,83
115,21,32,51,87,66,73,65,51,38
116,1,27,83,2,13,13,15,14,13
116,2,6,94,14,16,13,1,1,1
116,3,18,77,21,12,13,12,7,5
116,4,13,67,18,66,40,51,10,11
116,5,11,49,58,42,39,34,4,4
116,6,25,73,46,35,35,21,14,9
116,7,23,68,12,26,27,27,13,9
116,8,7,51,8,14,15,14,13,13
116,9,9,51,12,17,17,17,3,4
116,10,12,59,8,44,41,39,36,10
116,11,27,76,16,31,29,24,54,64
116,12,15,73,21,49,46,66,8,8
116,13,30,48,16,58,52,44,21,9
116,14,18,50,39,90,78,72,12,5
116,15,15,57,38,86,73,66,8,7
116,16,15,61,36,76,62,59,6,6
116,17,24,63,25,68,61,45,1,1
116,18,8,33,13,70,57,29,8,8
116,19,6,15,13,85,92,72,2,2
116,20,14,14,12,98,89,80,1,1
116,21,15,56,19,88,79,59,1,1
117,1,5,7,5,77,78,80,5,4
117,2,2,26,2,100,100,100,2,2
117,3,1,31,15,78,82,90,35,22
117,4,1,24,2,95,100,100,11,2
117,5,1,10,1,94,100,93,1,1
117,6,1,7,1,100,100,100,5,1
117,7,1,1,1,100,100,81,1,1
117,8,1,1,1,100,100,100,2,2
117,9,1,7,1,100,100,100,25,1
117,10,1,8,1,100,100,100,25,1
117,11,1,1,1,100,100,100,1,1
117,12,6,17,5,100,100,100,1,11
117,13,1,1,1,100,100,100,1,1
117,14,1,1,1,100,100,100,20,1
117,15,1,1,1,100,100,100,1,1
117,16,1,1,1,100,100,100,1,1
117,17,1,1,1,100,100,100,1,1
117,18,1,1,1,100,100,100,1,1
117,19,1,1,1,100,100,100,1,1
117,20,1,5,1,100,100,100,1,1
117,21,1,11,1,100,100,100,1,1
118,1,NA,NA,NA,NA,NA,NA,NA,NA
118,2,NA,NA,NA,NA,NA,NA,NA,NA
118,3,9,20,13,51,27,21,8,7
118,4,7,11,10,64,67,70,9,8
118,5,13,10,7,53,16,18,38,68
118,6,6,7,10,68,41,36,6,2
118,7,1,1,2,88,71,69,28,5
118,8,16,13,11,68,76,78,11,8
118,9,7,9,9,68,75,74,4,4
118,10,NA,NA,NA,NA,NA,NA,NA,NA
118,11,NA,NA,NA,NA,NA,NA,NA,NA
118,12,NA,NA,NA,NA,NA,NA,NA,NA
118,13,2,8,7,70,75,84,5,6
118,14,NA,NA,NA,NA,NA,NA,NA,NA
118,15,3,3,5,72,75,81,3,4
118,16,NA,NA,NA,NA,NA,NA,NA,NA
118,17,NA,NA,NA,NA,NA,NA,NA,NA
118,18,NA,NA,NA,NA,NA,NA,NA,NA
118,19,3,3,3,73,74,80,5,6
118,20,4,4,5,86,91,93,5,4
118,21,NA,NA,NA,NA,NA,NA,NA,NA
119,1,5,5,6,61,75,50,10,10
119,2,10,1,1,50,40,60,1,1
119,3,10,6,15,40,30,11,50,41
119,4,NA,NA,NA,NA,NA,NA,NA,NA
119,5,20,15,30,40,61,40,60,41
119,6,1,5,1,50,50,50,1,1
119,7,1,1,5,50,50,50,1,1
119,8,1,10,1,50,20,50,1,1
119,9,5,5,1,60,49,49,1,1
119,10,1,11,1,50,76,51,10,5
119,11,NA,NA,NA,NA,NA,NA,NA,NA
119,12,1,5,10,50,82,35,20,11
119,13,1,20,10,40,25,25,60,11
119,14,5,1,15,50,30,15,40,20
119,15,10,10,21,50,15,1,10,1
119,16,5,5,1,50,50,50,1,1
119,17,1,10,1,50,50,51,1,1
119,18,1,60,1,50,50,50,1,1
119,19,1,10,1,50,50,51,1,1
119,20,1,1,5,60,70,50,10,1
119,21,10,1,20,50,40,50,10,5
120,1,9,70,12,11,14,9,3,6
120,2,5,60,5,30,26,27,25,25
120,3,28,56,4,18,20,20,20,5
120,4,15,42,7,19,20,21,22,18
120,5,14,56,7,20,27,22,17,5
120,6,20,66,6,16,22,25,16,1
120,7,20,58,12,16,10,11,18,17
120,8,26,63,22,9,12,7,26,11
120,9,16,77,21,6,10,12,7,2
120,10,NA,NA,NA,NA,NA,NA,NA,NA
120,11,8,55,6,11,11,6,9,8
120,12,3,73,10,16,13,16,13,8
120,13,59,69,2,8,16,10,26,32
120,14,11,31,11,17,13,12,19,22
120,15,NA,NA,NA,NA,NA,NA,NA,NA
120,16,NA,NA,NA,NA,NA,NA,NA,NA
120,17,8,90,2,79,70,62,30,8
120,18,NA,NA,NA,NA,NA,NA,NA,NA
120,19,10,83,9,27,59,34,28,4
120,20,10,79,4,62,54,22,37,17
120,21,7,20,4,66,31,22,78,17
121,1,7,49,6,100,100,100,2,2
121,2,39,54,43,77,76,100,2,2
121,3,74,68,68,100,100,100,2,2
121,4,11,55,2,83,100,100,2,2
121,5,10,55,2,100,100,100,2,2
121,6,2,53,2,100,100,100,2,2
121,7,94,75,74,100,100,52,2,2
121,8,73,87,89,84,100,100,2,2
121,9,22,36,3,100,100,100,2,2
121,10,94,96,92,100,100,100,2,2
121,11,70,65,81,100,93,95,23,2
121,12,46,49,47,100,100,100,2,2
121,13,79,66,6,71,70,70,1,1
121,14,27,100,56,100,100,100,2,3
121,15,2,2,61,100,100,100,2,2
121,16,2,2,67,100,100,100,2,2
121,17,61,62,51,100,99,100,2,2
121,18,24,27,4,100,100,100,2,2
121,19,45,46,15,100,100,100,2,2
121,20,17,61,2,100,100,100,2,2
121,21,2,52,2,100,100,100,2,2
122,1,64,36,100,50,50,50,50,50
122,2,92,60,72,50,59,47,52,64
122,3,67,60,5,50,50,50,50,50
122,4,14,11,12,45,48,51,47,50
122,5,62,56,32,50,50,50,50,50
122,6,20,40,7,66,70,81,2,2
122,7,86,33,77,54,63,53,21,45
122,8,28,46,49,63,58,69,12,39
122,9,18,62,28,49,52,52,45,41
122,10,31,47,55,50,50,50,50,50
122,11,NA,NA,NA,NA,NA,NA,NA,NA
122,12,12,61,27,65,65,13,13,8
122,13,31,65,36,77,70,89,18,32
122,14,NA,NA,NA,NA,NA,NA,NA,NA
122,15,5,83,3,33,28,31,43,39
122,16,NA,NA,NA,NA,NA,NA,NA,NA
122,17,50,86,68,54,31,9,12,10
122,18,17,21,2,2,2,2,2,2
122,19,24,23,22,13,11,10,8,17
122,20,20,16,20,43,41,44,2,29
122,21,NA,NA,NA,NA,NA,NA,NA,NA
123,1,25,55,1,82,93,73,13,1
123,2,NA,NA,NA,NA,NA,NA,NA,NA
123,3,35,16,1,93,93,94,1,1
123,4,20,28,5,100,100,100,1,1
123,5,20,15,1,94,94,94,1,1
123,6,10,20,1,100,100,100,1,1
123,7,13,27,1,100,100,100,1,1
123,8,7,57,1,95,86,91,1,10
123,9,15,70,1,95,95,95,10,1
123,10,18,24,1,100,100,100,1,1
123,11,NA,NA,NA,NA,NA,NA,NA,NA
123,12,20,18,1,100,100,100,1,1
123,13,25,20,1,100,100,100,1,1
123,14,20,27,1,100,100,100,1,1
123,15,27,16,1,97,98,98,1,1
123,16,37,9,2,95,95,96,1,1
123,17,32,13,13,100,100,100,1,1
123,18,24,20,12,100,100,100,1,1
123,19,33,22,1,100,100,100,1,1
123,20,29,69,1,100,100,100,1,1
123,21,23,55,1,100,100,100,1,1
124,1,1,32,12,50,50,50,1,1
124,2,1,27,19,50,50,50,1,1
124,3,10,14,2,54,54,55,1,1
124,4,1,35,1,51,50,51,1,1
124,5,2,40,1,52,53,52,1,1
124,6,1,1,1,49,49,49,1,1
124,7,1,43,21,55,53,53,1,1
124,8,1,72,21,54,54,53,1,1
124,9,13,31,1,51,50,51,2,2
124,10,23,25,1,46,48,49,1,1
124,11,1,30,1,50,51,50,1,1
124,12,1,21,1,53,51,51,2,2
124,13,1,23,12,52,52,52,1,1
124,14,12,27,18,77,36,43,1,1
124,15,1,10,13,39,34,44,1,1
124,16,1,12,1,71,77,28,1,1
124,17,8,21,13,49,38,39,1,1
124,18,8,39,32,45,46,46,1,1
124,19,9,58,15,48,48,49,1,1
124,20,4,55,4,52,53,50,2,2
124,21,1,15,1,52,50,49,1,1
126,1,20,28,23,51,59,70,47,33
126,2,26,19,14,95,98,100,1,1
126,3,5,32,1,100,100,100,2,1
126,4,NA,NA,NA,NA,NA,NA,NA,NA
126,5,1,1,1,100,100,100,3,3
126,6,80,80,56,98,99,98,3,2
126,7,2,2,2,99,99,98,1,1
126,8,1,1,1,100,100,100,1,1
126,9,100,100,100,100,100,100,1,1
126,10,1,1,1,100,100,100,1,1
126,11,2,2,2,100,100,100,1,1
126,12,2,2,2,100,100,1,1,1
126,13,1,1,1,100,100,100,1,1
126,14,2,2,2,100,100,100,1,1
126,15,1,1,1,100,100,100,1,1
126,16,71,67,77,2,2,2,92,98
126,17,100,100,100,1,1,1,100,100
126,18,1,1,1,100,98,99,100,100
126,19,2,2,1,95,91,85,92,97
126,20,1,1,1,99,99,99,87,83
126,21,2,2,100,48,48,50,70,74
127,1,38,72,37,100,100,100,1,1
127,2,23,69,22,100,100,100,1,1
127,3,47,78,10,100,100,100,1,1
127,4,69,63,63,100,100,100,1,1
127,5,22,57,9,100,100,100,1,1
127,6,37,55,16,100,100,100,1,1
127,7,30,56,20,100,100,100,1,1
127,8,64,66,58,100,100,100,1,1
127,9,NA,NA,NA,NA,NA,NA,NA,NA
127,10,NA,NA,NA,NA,NA,NA,NA,NA
127,11,54,60,53,100,100,100,1,1
127,12,NA,NA,NA,NA,NA,NA,NA,NA
127,13,NA,NA,NA,NA,NA,NA,NA,NA
127,14,NA,NA,NA,NA,NA,NA,NA,NA
127,15,NA,NA,NA,NA,NA,NA,NA,NA
127,16,31,59,31,100,100,100,1,1
127,17,NA,NA,NA,NA,NA,NA,NA,NA
127,18,NA,NA,NA,NA,NA,NA,NA,NA
127,19,NA,NA,NA,NA,NA,NA,NA,NA
127,20,NA,NA,NA,NA,NA,NA,NA,NA
127,21,32,77,18,100,100,100,1,1
130,1,1,1,1,50,50,50,1,1
130,2,1,5,1,70,50,50,1,1
130,3,1,10,1,100,50,75,1,1
130,4,1,10,1,56,50,55,1,1
130,5,2,19,1,50,58,50,1,1
130,6,5,10,1,50,50,50,1,1
130,7,1,6,6,50,40,50,1,2
130,8,1,4,6,50,50,50,1,1
130,9,1,10,1,50,50,50,1,1
130,10,1,1,1,50,50,50,1,1
130,11,1,1,1,54,50,50,1,1
130,12,1,2,1,52,50,50,1,1
130,13,5,1,1,50,50,50,1,1
130,14,4,1,8,60,50,50,1,1
130,15,1,1,1,50,51,50,1,1
130,16,1,5,1,55,50,50,1,1
130,17,5,5,5,55,52,50,1,1
130,18,2,5,1,50,50,49,1,1
130,19,1,2,1,52,50,50,1,1
130,20,5,1,1,52,50,50,1,1
130,21,4,1,1,55,50,50,1,1
131,1,39,69,20,3,4,6,68,57
131,2,24,45,1,6,9,6,68,49
131,3,34,49,4,10,23,11,41,42
131,4,54,47,3,5,7,9,49,49
131,5,37,57,2,11,12,11,62,55
131,6,21,53,3,10,9,10,53,47
131,7,18,47,2,2,10,2,51,53
131,8,12,44,2,10,10,10,50,50
131,9,40,62,2,9,9,9,47,48
131,10,NA,NA,NA,NA,NA,NA,NA,NA
131,11,61,45,2,14,14,14,56,56
131,12,26,43,2,10,10,9,50,51
131,13,19,35,2,12,12,13,54,55
131,14,26,42,2,9,11,12,72,51
131,15,NA,NA,NA,NA,NA,NA,NA,NA
131,16,32,54,2,12,25,12,58,48
131,17,NA,NA,NA,NA,NA,NA,NA,NA
131,18,NA,NA,NA,NA,NA,NA,NA,NA
131,19,22,57,2,10,9,7,59,59
131,20,17,45,2,10,10,12,58,59
131,21,21,45,1,16,16,15,68,52
132,1,1,1,1,67,68,69,27,1
132,2,1,1,1,55,55,56,1,1
132,3,1,1,1,72,72,74,1,1
132,4,1,1,1,62,65,65,1,1
132,5,1,1,1,72,71,71,1,1
132,6,1,1,1,78,78,76,1,1
132,7,1,1,1,75,76,76,1,1
132,8,1,1,1,87,88,86,1,1
132,9,1,1,1,69,70,69,1,1
132,10,1,20,1,74,75,75,1,1
132,11,1,1,1,80,79,78,1,1
132,12,1,1,1,83,80,80,1,1
132,13,NA,NA,NA,NA,NA,NA,NA,NA
132,14,1,1,1,76,75,75,1,1
132,15,1,1,1,81,82,82,1,1
132,16,1,1,1,72,72,72,1,1
132,17,1,1,1,82,76,76,1,1
132,18,1,1,1,79,81,83,1,1
132,19,1,1,1,73,72,73,1,1
132,20,1,1,1,76,74,73,1,1
132,21,1,1,1,70,68,70,1,1
134,1,4,1,2,89,41,42,40,30
134,2,1,25,1,82,71,75,11,16
134,3,12,13,2,73,53,68,5,12
134,4,11,9,2,87,52,77,7,7
134,5,11,18,2,89,89,88,2,2
134,6,16,11,12,91,91,90,18,19
134,7,7,2,2,93,86,86,13,14
134,8,6,4,4,90,88,16,17,5
134,9,88,11,11,90,11,90,11,12
134,10,2,8,10,90,89,90,11,10
134,11,NA,NA,NA,NA,NA,NA,NA,NA
134,12,NA,NA,NA,NA,NA,NA,NA,NA
134,13,NA,NA,NA,NA,NA,NA,NA,NA
134,14,NA,NA,NA,NA,NA,NA,NA,NA
134,15,10,11,9,92,92,81,13,13
134,16,8,14,8,91,89,81,16,17
134,17,13,25,11,86,84,93,17,18
134,18,12,15,14,94,92,92,10,13
134,19,8,7,7,91,91,90,4,5
134,20,10,8,8,95,10,95,96,11
134,21,NA,NA,NA,NA,NA,NA,NA,NA
135,1,19,61,11,94,94,93,1,1
135,2,53,52,53,51,51,51,50,1
135,3,83,83,8,NA,NA,NA,NA,NA
135,4,NA,NA,NA,NA,NA,NA,NA,NA
135,5,29,63,26,100,100,100,1,1
135,6,30,68,28,51,51,51,6,6
135,7,15,63,17,95,96,97,10,10
135,8,NA,NA,NA,NA,NA,NA,NA,NA
135,9,NA,NA,NA,NA,NA,NA,NA,NA
135,10,61,58,49,68,74,68,1,1
135,11,25,69,24,85,16,17,1,1
135,12,NA,NA,NA,NA,NA,NA,NA,NA
135,13,NA,NA,NA,NA,NA,NA,NA,NA
135,14,NA,NA,NA,NA,NA,NA,NA,NA
135,15,31,50,23,100,100,100,1,1
135,16,30,69,74,64,49,49,48,50
135,17,NA,NA,NA,NA,NA,NA,NA,NA
135,18,19,77,10,100,100,100,8,2
135,19,55,54,55,54,55,54,2,2
135,20,NA,NA,NA,NA,NA,NA,NA,NA
135,21,NA,NA,NA,NA,NA,NA,NA,NA
136,1,1,30,30,50,90,1,20,1
136,2,10,40,20,10,70,10,10,20
136,3,15,25,5,15,40,40,10,10
136,4,NA,NA,NA,NA,NA,NA,NA,NA
136,5,10,16,1,15,50,10,17,1
136,6,5,15,1,24,54,8,1,1
136,7,1,10,62,18,87,16,1,1
136,8,1,15,1,21,100,20,1,1
136,9,15,20,1,33,100,40,1,1
136,10,13,28,1,40,33,36,23,1
136,11,14,24,14,12,100,14,7,1
136,12,10,20,1,30,100,20,1,1
136,13,1,25,35,30,87,21,49,22
136,14,NA,NA,NA,NA,NA,NA,NA,NA
136,15,20,20,1,40,95,20,10,1
136,16,10,30,1,20,93,15,1,1
136,17,15,60,10,50,100,30,10,1
136,18,NA,NA,NA,NA,NA,NA,NA,NA
136,19,1,25,1,30,100,26,19,17
136,20,10,25,1,29,99,26,11,1
136,21,10,25,1,41,90,32,14,12
137,1,8,20,7,100,100,1,1,1
137,2,15,14,13,82,79,86,6,9
137,3,6,6,8,100,100,100,70,4
137,4,7,9,10,96,97,97,1,1
137,5,16,14,13,96,96,96,1,1
137,6,7,8,10,91,89,89,1,1
137,7,1,1,1,79,81,75,1,1
137,8,1,1,1,89,80,88,1,1
137,9,1,1,1,82,84,75,1,1
137,10,NA,NA,NA,NA,NA,NA,NA,NA
137,11,NA,NA,NA,NA,NA,NA,NA,NA
137,12,1,1,1,95,91,99,1,1
137,13,1,1,1,84,90,79,1,1
137,14,1,1,1,84,93,86,1,1
137,15,1,1,1,94,86,79,1,1
137,16,1,1,1,79,89,81,1,1
137,17,1,1,1,82,90,82,1,1
137,18,1,1,1,90,85,93,1,1
137,19,1,1,1,89,94,87,1,1
137,20,1,1,1,88,93,86,1,1
137,21,1,1,1,98,93,98,1,1
138,1,14,23,6,62,51,58,9,1
138,2,10,50,19,64,54,56,12,2
138,3,NA,NA,NA,NA,NA,NA,NA,NA
138,4,21,34,25,65,63,57,30,15
138,5,21,27,8,57,45,61,14,7
138,6,8,32,25,58,51,58,14,9
138,7,11,36,22,54,58,50,16,10
138,8,9,34,14,65,50,57,15,41
138,9,12,43,10,55,57,50,16,10
138,10,NA,NA,NA,NA,NA,NA,NA,NA
138,11,9,38,31,66,56,59,31,26
138,12,16,26,9,55,61,61,17,14
138,13,NA,NA,NA,NA,NA,NA,NA,NA
138,14,16,32,10,58,54,55,34,20
138,15,11,36,14,65,55,56,27,17
138,16,12,40,9,55,47,32,21,21
138,17,6,31,11,60,56,49,31,31
138,18,57,52,56,36,26,33,33,57
138,19,57,47,14,51,45,54,27,18
138,20,11,39,10,61,65,57,27,14
138,21,24,39,16,55,48,55,21,15
139,1,87,1,1,33,35,40,1,1
139,2,52,1,1,51,52,43,1,1
139,3,50,2,2,49,50,50,2,2
139,4,34,1,2,72,73,58,13,3
139,5,11,2,2,57,56,58,1,1
139,6,9,6,10,79,78,62,4,5
139,7,90,2,2,89,100,1,1,1
139,8,72,2,2,30,29,33,2,2
139,9,79,2,2,52,51,52,2,2
139,10,95,2,2,38,36,32,2,2
139,11,5,1,1,87,90,89,3,3
139,12,30,3,2,99,100,99,2,3
139,13,49,3,2,91,90,92,2,2
139,14,23,3,2,89,90,85,2,2
139,15,85,2,2,55,54,51,2,2
139,16,91,5,51,51,50,49,2,2
139,17,95,3,2,19,19,19,2,2
139,18,25,2,2,60,57,55,2,2
139,19,15,3,2,79,81,78,2,2
139,20,46,2,2,88,86,86,2,2
139,21,49,2,86,77,79,80,2,2
140,1,24,28,6,88,72,81,31,18
140,2,9,13,8,76,74,74,16,14
140,3,27,75,60,91,62,80,8,14
140,4,19,22,40,87,85,86,79,83
140,5,5,15,3,NA,NA,NA,NA,NA
140,6,NA,NA,NA,NA,NA,NA,NA,NA
140,7,4,53,2,57,66,65,22,8
140,8,3,15,19,49,38,58,7,3
140,9,3,3,6,74,56,55,18,11
140,10,NA,NA,NA,NA,NA,NA,NA,NA
140,11,NA,NA,NA,NA,NA,NA,NA,NA
140,12,3,6,16,72,43,47,27,12
140,13,21,5,23,58,50,45,26,21
140,14,6,7,10,40,49,28,8,15
140,15,11,27,17,60,61,33,20,6
140,16,17,16,10,70,65,65,20,10
140,17,36,26,23,73,74,66,20,20
140,18,NA,NA,NA,NA,NA,NA,NA,NA
140,19,NA,NA,NA,NA,NA,NA,NA,NA
140,20,40,22,28,68,70,72,8,12
140,21,36,29,26,61,56,62,3,3
141,1,1,4,27,55,56,57,57,7
141,2,5,14,1,87,86,82,1,14
141,3,13,17,4,53,54,55,54,32
141,4,1,7,11,52,29,32,15,54
141,5,10,1,1,74,70,69,1,1
141,6,1,44,1,76,79,77,1,1
141,7,1,24,10,68,70,71,1,1
141,8,1,8,1,80,88,84,1,1
141,9,1,28,1,92,97,98,1,1
141,10,1,1,9,78,76,80,61,1
141,11,1,27,10,83,80,84,50,35
141,12,1,1,1,84,85,89,27,1
141,13,1,11,1,93,92,88,34,21
141,14,1,40,1,89,91,93,26,18
141,15,1,33,25,92,94,92,29,31
141,16,1,68,7,97,98,97,16,7
141,17,10,38,12,98,100,100,23,19
141,18,1,21,1,97,97,99,10,1
141,19,1,8,1,94,95,97,16,21
141,20,1,28,10,88,72,81,17,16
141,21,1,10,13,94,96,95,8,7
142,1,12,17,10,85,85,86,3,2
142,2,4,2,4,93,94,94,2,2
142,3,2,2,2,99,98,99,2,2
142,4,2,2,2,99,98,95,2,2
142,5,2,2,2,100,100,99,2,2
142,6,2,2,2,100,100,100,2,2
142,7,2,2,2,95,96,97,2,2
142,8,NA,NA,NA,NA,NA,NA,NA,NA
142,9,2,2,2,100,100,100,2,2
142,10,NA,NA,NA,NA,NA,NA,NA,NA
142,11,NA,NA,NA,NA,NA,NA,NA,NA
142,12,2,2,2,100,100,100,2,2
142,13,2,2,2,99,100,100,2,2
142,14,2,2,2,98,93,91,2,2
142,15,NA,NA,NA,NA,NA,NA,NA,NA
142,16,2,2,2,100,98,99,2,2
142,17,2,2,2,100,100,100,2,2
142,18,NA,NA,NA,NA,NA,NA,NA,NA
142,19,2,2,2,100,99,99,2,2
142,20,NA,NA,NA,NA,NA,NA,NA,NA
142,21,2,2,2,98,98,95,2,2
143,1,40,60,1,50,50,50,1,1
143,2,16,51,1,50,100,50,1,1
143,3,2,59,2,50,100,50,2,2
143,4,1,13,1,93,98,51,2,1
143,5,2,56,2,91,100,89,2,2
143,6,2,5,2,100,100,100,44,2
143,7,20,69,2,100,100,100,2,2
143,8,18,49,2,82,97,100,2,2
143,9,3,48,2,90,100,100,2,2
143,10,2,2,2,100,100,100,2,2
143,11,2,56,1,100,100,100,14,2
143,12,2,2,10,100,100,100,1,18
143,13,NA,NA,NA,NA,NA,NA,NA,NA
143,14,2,46,2,97,98,98,5,2
143,15,2,51,2,98,98,99,28,2
143,16,NA,NA,NA,NA,NA,NA,NA,NA
143,17,2,58,57,96,96,96,2,6
143,18,2,68,2,98,98,99,2,2
143,19,2,62,2,90,93,94,2,2
143,20,NA,NA,NA,NA,NA,NA,NA,NA
143,21,2,58,1,95,94,94,5,2
144,1,63,62,54,47,28,30,31,52
144,2,12,67,11,66,65,66,18,15
144,3,8,35,6,18,19,16,19,13
144,4,7,65,22,69,60,31,10,9
144,5,5,20,4,36,21,32,5,6
144,6,4,32,4,48,34,29,7,7
144,7,4,24,18,26,23,20,67,63
144,8,4,69,32,28,21,19,28,22
144,9,4,69,26,35,30,26,27,25
144,10,5,74,17,29,24,24,19,20
144,11,2,67,5,63,48,32,5,5
144,12,NA,NA,NA,NA,NA,NA,NA,NA
144,13,4,49,4,64,51,46,30,4
144,14,4,66,4,61,50,48,7,7
144,15,NA,NA,NA,NA,NA,NA,NA,NA
144,16,NA,NA,NA,NA,NA,NA,NA,NA
144,17,5,43,4,70,50,12,6,7
144,18,3,44,14,42,33,33,6,6
144,19,5,22,2,41,35,35,12,13
144,20,3,38,3,50,41,40,6,6
144,21,4,34,3,37,35,36,4,5
145,1,23,52,13,5,31,32,4,2
145,2,6,69,1,24,15,12,2,2
145,3,19,62,6,30,21,20,2,2
145,4,12,55,3,31,19,10,2,2
145,5,NA,NA,NA,NA,NA,NA,NA,NA
145,6,NA,NA,NA,NA,NA,NA,NA,NA
145,7,NA,NA,NA,NA,NA,NA,NA,NA
145,8,27,61,12,45,40,36,8,2
145,9,21,52,10,41,41,28,2,2
145,10,17,52,14,51,50,36,8,7
145,11,10,46,2,63,62,39,7,2
145,12,NA,NA,NA,NA,NA,NA,NA,NA
145,13,NA,NA,NA,NA,NA,NA,NA,NA
145,14,14,52,10,59,54,45,16,2
145,15,7,57,2,51,48,30,12,2
145,16,NA,NA,NA,NA,NA,NA,NA,NA
145,17,16,67,7,69,62,55,41,24
145,18,NA,NA,NA,NA,NA,NA,NA,NA
145,19,26,56,12,72,72,48,22,13
145,20,NA,NA,NA,NA,NA,NA,NA,NA
145,21,29,69,18,48,61,51,20,11
146,1,23,62,25,39,25,27,1,1
146,2,7,61,8,31,10,1,1,1
146,3,59,71,37,21,1,1,1,1
146,4,40,61,57,38,40,1,1,1
146,5,41,58,42,51,47,1,1,1
146,6,NA,NA,NA,NA,NA,NA,NA,NA
146,7,27,57,18,46,2,2,2,2
146,8,19,53,11,53,1,1,1,1
146,9,28,62,35,73,73,1,1,1
146,10,23,62,7,58,57,1,1,1
146,11,4,12,9,56,79,1,1,1
146,12,6,8,9,72,82,1,12,1
146,13,4,6,2,66,66,69,2,2
146,14,31,37,4,74,76,74,10,1
146,15,NA,NA,NA,NA,NA,NA,NA,NA
146,16,20,42,20,66,66,1,1,1
146,17,20,42,9,69,71,2,2,2
146,18,23,40,24,65,66,68,2,2
146,19,38,72,24,68,66,66,2,2
146,20,18,80,44,69,74,69,2,2
146,21,32,70,29,79,75,70,40,1
150,1,11,18,1,21,9,1,21,1
150,2,13,19,2,1,1,1,1,1
150,3,15,1,2,2,2,2,2,2
150,4,2,2,2,4,3,4,3,4
150,5,31,12,3,2,2,2,2,2
150,6,15,17,1,8,5,8,8,7
150,7,11,1,1,1,2,2,2,2
150,8,44,17,14,1,1,1,1,1
150,9,9,11,11,2,17,2,2,2
150,10,39,12,2,21,16,4,2,2
150,11,14,16,14,80,75,77,12,11
150,12,14,14,14,49,45,45,11,26
150,13,15,1,1,24,23,16,3,16
150,14,34,20,7,30,9,10,6,44
150,15,17,19,16,33,31,70,12,11
150,16,12,7,11,58,42,36,20,9
150,17,14,12,14,55,30,71,14,11
150,18,14,15,12,11,13,5,4,4
150,19,50,22,4,7,7,8,8,7
150,20,59,33,11,7,8,9,8,8
150,21,29,17,11,42,33,15,6,6
152,1,NA,NA,NA,NA,NA,NA,NA,NA
152,2,NA,NA,NA,NA,NA,NA,NA,NA
152,3,NA,NA,NA,NA,NA,NA,NA,NA
152,4,2,2,2,46,36,41,2,2
152,5,2,2,2,69,50,61,2,2
152,6,2,2,2,63,56,56,56,2
152,7,2,57,53,69,51,77,2,2
152,8,2,2,2,77,100,100,2,2
152,9,1,28,50,67,49,86,21,17
152,10,1,1,1,74,58,64,1,2
152,11,NA,NA,NA,NA,NA,NA,NA,NA
152,12,2,45,2,64,65,66,66,2
152,13,2,2,2,39,55,56,40,2
152,14,2,2,11,100,98,100,57,3
152,15,1,1,1,100,100,100,1,1
152,16,2,1,1,100,100,100,2,2
152,17,2,2,2,100,100,99,2,2
152,18,NA,NA,NA,NA,NA,NA,NA,NA
152,19,1,20,1,100,99,100,1,1
152,20,10,33,1,100,100,100,1,1
152,21,1,35,1,100,100,100,1,1
153,1,76,62,10,1,4,1,52,3
153,2,28,54,72,2,2,2,100,100
153,3,48,100,5,2,2,2,2,2
153,4,55,81,40,20,31,17,82,38
153,5,27,70,9,22,38,19,52,32
153,6,27,65,16,2,13,9,100,22
153,7,50,73,44,71,71,60,15,2
153,8,46,65,77,36,27,43,2,2
153,9,43,52,60,73,56,53,17,2
153,10,44,62,45,36,34,18,9,1
153,11,26,73,9,27,50,19,13,8
153,12,41,66,85,29,50,6,4,1
153,13,36,45,35,21,32,15,12,4
153,14,27,63,20,49,69,33,25,18
153,15,43,58,31,17,24,12,2,2
153,16,43,53,61,20,37,5,10,2
153,17,46,51,61,23,92,26,44,2
153,18,48,57,42,57,59,48,12,2
153,19,33,54,26,22,50,14,12,2
153,20,30,47,10,35,53,27,15,2
153,21,38,52,28,53,84,33,9,2
156,1,2,2,28,20,22,24,75,70
156,2,2,2,2,34,45,36,50,41
156,3,2,43,2,56,52,57,32,27
156,4,2,64,2,57,56,56,39,16
156,5,3,26,3,63,61,61,28,16
156,6,6,33,3,56,57,57,12,10
156,7,4,28,1,75,75,74,17,9
156,8,8,57,3,76,75,76,23,7
156,9,4,54,2,73,75,72,13,10
156,10,2,37,2,74,72,74,20,13
156,11,2,45,2,69,65,66,13,7
156,12,3,36,3,78,80,77,14,5
156,13,21,10,18,85,84,82,6,4
156,14,29,32,24,82,83,82,14,3
156,15,NA,NA,NA,NA,NA,NA,NA,NA
156,16,NA,NA,NA,NA,NA,NA,NA,NA
156,17,6,12,3,89,94,85,5,2
156,18,3,65,4,88,94,85,6,3
156,19,8,62,3,81,88,85,11,4
156,20,2,67,2,93,91,92,5,3
156,21,2,62,2,91,93,89,2,2
158,1,NA,NA,NA,NA,NA,NA,NA,NA
158,2,20,1,1,100,100,100,1,1
158,3,5,20,10,50,50,50,1,1
158,4,NA,NA,NA,NA,NA,NA,NA,NA
158,5,1,1,1,100,100,100,1,1
158,6,10,10,5,50,50,50,1,1
158,7,1,1,1,50,50,50,1,1
158,8,NA,NA,NA,NA,NA,NA,NA,NA
158,9,9,10,1,51,51,51,1,1
158,10,NA,NA,NA,NA,NA,NA,NA,NA
158,11,1,1,1,50,50,50,1,1
158,12,10,1,1,50,50,50,1,1
158,13,50,1,8,50,50,50,1,1
158,14,16,1,1,100,100,1,1,1
158,15,12,1,1,100,100,100,1,1
158,16,NA,NA,NA,NA,NA,NA,NA,NA
158,17,9,1,6,51,50,50,1,1
158,18,9,10,1,100,100,100,1,1
158,19,17,1,1,100,100,100,1,1
158,20,5,1,10,50,51,51,1,1
158,21,NA,NA,NA,NA,NA,NA,NA,NA
159,1,15,13,7,11,9,8,2,2
159,2,13,66,4,5,7,9,12,8
159,3,16,16,18,48,46,48,2,2
159,4,73,73,72,43,44,43,1,1
159,5,67,10,7,46,48,47,2,2
159,6,NA,NA,NA,NA,NA,NA,NA,NA
159,7,29,55,11,18,21,15,34,16
159,8,NA,NA,NA,NA,NA,NA,NA,NA
159,9,70,85,70,43,43,42,14,5
159,10,10,8,10,44,43,42,4,3
159,11,27,26,10,77,78,78,13,14
159,12,NA,NA,NA,NA,NA,NA,NA,NA
159,13,61,26,40,30,27,30,10,11
159,14,11,11,11,39,35,34,2,5
159,15,17,16,16,46,46,46,6,5
159,16,14,20,19,51,51,50,3,2
159,17,14,13,13,34,25,26,21,22
159,18,11,11,10,43,45,43,14,14
159,19,23,19,18,47,46,46,13,13
159,20,12,13,12,49,49,49,9,9
159,21,27,18,23,48,48,48,5,5
162,1,1,20,1,87,86,91,32,12
162,2,9,1,1,94,99,89,1,1
162,3,1,1,1,100,100,80,25,1
162,4,1,1,1,100,100,100,1,1
162,5,1,1,1,100,100,100,1,1
162,6,1,1,1,100,100,100,1,1
162,7,1,5,1,100,100,100,1,1
162,8,1,1,1,100,90,95,20,1
162,9,10,1,1,90,80,90,10,25
162,10,8,10,1,100,100,100,5,5
162,11,1,9,1,100,100,100,1,1
162,12,1,1,1,100,100,100,1,1
162,13,1,1,1,100,100,100,1,1
162,14,1,10,1,88,88,88,1,25
162,15,1,1,1,100,100,100,1,1
162,16,1,1,10,100,100,1,1,1
162,17,1,10,1,100,100,100,1,1
162,18,1,1,1,100,100,100,1,1
162,19,1,1,1,100,100,100,1,1
162,20,1,1,1,100,100,100,1,1
162,21,1,1,1,100,100,100,1,1
163,1,1,1,1,1,53,51,1,1
163,2,1,16,1,89,1,100,1,1
163,3,3,1,1,100,100,53,8,1
163,4,1,35,1,100,100,100,10,1
163,5,1,44,5,97,97,97,1,1
163,6,1,84,73,100,100,100,1,1
163,7,6,5,8,91,91,92,1,1
163,8,NA,NA,NA,NA,NA,NA,NA,NA
163,9,61,7,16,100,100,100,1,1
163,10,1,55,66,100,100,100,1,1
163,11,NA,NA,NA,NA,NA,NA,NA,NA
163,12,11,1,1,100,100,100,1,1
163,13,60,1,4,93,95,93,1,1
163,14,57,1,1,100,100,100,1,1
163,15,5,1,1,100,100,100,1,1
163,16,36,1,1,94,94,100,1,1
163,17,NA,NA,NA,NA,NA,NA,NA,NA
163,18,13,51,4,100,100,100,1,1
163,19,16,60,23,100,100,100,1,1
163,20,13,19,1,100,100,100,1,1
163,21,11,25,1,100,100,100,1,1
164,1,21,39,4,32,32,21,4,4
164,2,16,19,1,39,32,27,4,6
164,3,20,10,2,29,29,20,76,91
164,4,21,20,11,40,34,87,67,20
164,5,19,28,3,31,32,7,14,14
164,6,36,55,2,16,21,23,11,22
164,7,41,41,2,59,5,12,12,15
164,8,42,38,3,15,22,19,20,20
164,9,15,51,7,48,32,32,9,9
164,10,NA,NA,NA,NA,NA,NA,NA,NA
164,11,22,47,3,46,23,8,8,10
164,12,35,55,2,44,43,35,18,18
164,13,41,58,5,53,23,26,11,12
164,14,33,55,4,47,39,40,9,9
164,15,12,43,4,39,35,34,9,12
164,16,12,12,3,43,37,27,52,26
164,17,16,16,2,42,43,29,11,9
164,18,19,45,4,58,48,47,16,16
164,19,29,23,8,58,30,30,27,21
164,20,24,31,11,47,19,20,20,20
164,21,44,43,13,44,45,36,30,22
165,1,1,35,1,1,1,1,1,1
165,2,47,47,60,6,15,4,70,89
165,3,16,30,16,9,37,12,96,100
165,4,12,37,15,28,5,9,81,91
165,5,70,46,14,37,39,43,57,50
165,6,5,21,1,1,1,1,1,1
165,7,4,6,8,1,1,1,1,1
165,8,26,35,22,63,71,82,6,6
165,9,31,1,1,56,57,1,1,50
165,10,25,43,14,39,26,12,71,43
165,11,1,1,1,100,100,100,100,23
165,12,1,1,1,89,77,100,1,85
165,13,1,30,51,41,27,7,99,100
165,14,1,27,50,40,33,4,68,67
165,15,1,48,26,71,69,82,59,55
165,16,1,11,23,80,76,85,24,12
165,17,1,59,34,60,50,72,76,71
165,18,66,2,78,13,42,16,68,70
165,19,NA,NA,NA,NA,NA,NA,NA,NA
165,20,45,46,64,69,66,35,84,100
165,21,1,25,1,58,37,35,1,1
166,1,13,14,1,41,43,18,1,1
166,2,5,10,1,53,2,24,1,1
166,3,16,18,3,40,53,26,11,14
166,4,15,2,2,24,19,2,2,2
166,5,10,14,1,23,23,27,3,3
166,6,14,3,2,57,56,56,2,2
166,7,12,13,3,41,42,46,3,3
166,8,11,8,3,69,54,46,5,3
166,9,NA,NA,NA,NA,NA,NA,NA,NA
166,10,19,29,16,53,51,57,3,3
166,11,NA,NA,NA,NA,NA,NA,NA,NA
166,12,91,6,6,40,40,40,30,30
166,13,8,3,3,44,50,3,3,3
166,14,3,4,5,63,60,62,30,33
166,15,5,3,3,48,53,55,20,21
166,16,3,3,3,41,46,47,3,3
166,17,30,3,3,67,67,77,10,14
166,18,3,32,3,68,51,43,3,3
166,19,2,4,6,57,59,61,12,15
166,20,4,5,6,56,56,57,22,23
166,21,5,4,6,56,56,56,17,16
168,1,1,1,1,100,100,100,1,1
168,2,1,34,29,1,1,1,1,1
168,3,1,20,1,100,100,100,1,1
168,4,1,10,10,100,100,100,1,1
168,5,1,20,1,50,50,50,1,1
168,6,1,1,1,1,1,1,1,1
168,7,21,70,20,10,10,1,20,20
168,8,1,1,1,50,50,50,1,1
168,9,1,1,1,50,50,1,1,1
168,10,1,1,1,50,50,50,1,1
168,11,10,10,10,50,50,50,1,1
168,12,25,15,22,25,15,1,1,1
168,13,20,40,30,65,40,1,10,10
168,14,1,1,1,30,50,1,1,10
168,15,35,1,20,50,95,75,1,1
168,16,1,1,1,100,100,100,1,1
168,17,1,1,1,100,100,100,1,1
168,18,15,10,1,100,100,100,1,1
168,19,1,50,1,50,50,50,1,1
168,20,1,15,1,50,50,50,1,1
168,21,1,1,1,50,50,50,1,1
169,1,1,16,39,100,100,100,1,1
169,2,1,30,14,100,100,100,1,1
169,3,1,1,1,100,100,100,1,1
169,4,1,23,1,100,100,100,1,1
169,5,28,74,19,100,100,100,50,1
169,6,69,60,18,45,62,52,31,44
169,7,43,34,1,100,100,100,24,1
169,8,48,13,1,19,17,24,71,1
169,9,16,35,13,83,78,75,35,18
169,10,14,39,21,77,98,77,42,21
169,11,1,1,1,77,86,63,1,1
169,12,1,1,1,78,84,39,18,1
169,13,1,1,1,100,89,97,1,1
169,14,1,1,1,100,100,100,1,1
169,15,1,56,1,79,79,78,1,1
169,16,1,1,1,100,100,100,1,1
169,17,1,19,1,95,94,90,1,1
169,18,23,52,65,100,100,100,1,1
169,19,10,18,1,100,100,100,1,1
169,20,14,10,1,75,64,71,26,14
169,21,17,36,59,75,67,74,8,8
170,1,NA,NA,NA,NA,NA,NA,NA,NA
170,2,16,76,4,11,5,6,5,3
170,3,15,77,3,63,48,74,8,11
170,4,10,68,3,73,77,72,2,7
170,5,33,70,5,74,78,57,6,7
170,6,7,45,4,81,79,77,6,6
170,7,4,42,4,70,70,64,4,4
170,8,7,47,8,72,59,55,58,4
170,9,NA,NA,NA,NA,NA,NA,NA,NA
170,10,27,47,3,62,74,65,3,4
170,11,8,59,31,74,71,71,5,5
170,12,71,78,47,78,79,81,4,6
170,13,45,49,34,68,70,67,5,5
170,14,29,37,43,85,78,73,6,8
170,15,31,52,28,69,67,63,2,4
170,16,7,44,1,67,64,70,3,3
170,17,50,62,58,76,77,78,5,6
170,18,20,48,62,74,67,5,8,10
170,19,11,56,29,71,65,57,6,6
170,20,13,61,16,75,75,5,6,4
170,21,23,61,47,74,74,74,15,15
171,1,5,33,4,100,100,100,1,1
171,2,NA,NA,NA,NA,NA,NA,NA,NA
171,3,NA,NA,NA,NA,NA,NA,NA,NA
171,4,11,16,1,100,100,100,3,3
171,5,65,1,63,100,100,100,1,1
171,6,NA,NA,NA,NA,NA,NA,NA,NA
171,7,1,1,1,92,85,88,44,39
171,8,NA,NA,NA,NA,NA,NA,NA,NA
171,9,1,12,1,100,100,100,9,1
171,10,NA,NA,NA,NA,NA,NA,NA,NA
171,11,24,65,1,100,100,100,1,1
171,12,NA,NA,NA,NA,NA,NA,NA,NA
171,13,4,54,1,100,100,100,1,1
171,14,NA,NA,NA,NA,NA,NA,NA,NA
171,15,NA,NA,NA,NA,NA,NA,NA,NA
171,16,72,54,38,100,100,100,1,1
171,17,NA,NA,NA,NA,NA,NA,NA,NA
171,18,NA,NA,NA,NA,NA,NA,NA,NA
171,19,NA,NA,NA,NA,NA,NA,NA,NA
171,20,NA,NA,NA,NA,NA,NA,NA,NA
171,21,NA,NA,NA,NA,NA,NA,NA,NA
172,1,6,24,4,68,67,63,8,7
172,2,7,8,2,78,78,68,6,6
172,3,8,40,3,73,74,75,5,5
172,4,61,37,5,77,76,77,2,2
172,5,78,53,17,81,82,83,5,6
172,6,77,65,32,82,82,82,8,8
172,7,57,16,7,83,84,84,11,5
172,8,72,41,30,81,73,66,4,4
172,9,39,39,8,83,83,84,6,7
172,10,NA,NA,NA,NA,NA,NA,NA,NA
172,11,NA,NA,NA,NA,NA,NA,NA,NA
172,12,NA,NA,NA,NA,NA,NA,NA,NA
172,13,76,24,15,76,80,84,1,3
172,14,45,47,7,92,92,94,3,4
172,15,34,71,5,96,97,97,3,100
172,16,69,66,7,95,94,94,5,6
172,17,NA,NA,NA,NA,NA,NA,NA,NA
172,18,50,51,7,85,86,86,3,3
172,19,NA,NA,NA,NA,NA,NA,NA,NA
172,20,44,21,10,80,77,74,5,5
172,21,45,27,6,92,92,93,6,5
173,1,1,1,1,100,100,1,1,1
173,2,2,2,2,100,2,100,2,2
173,3,NA,NA,NA,NA,NA,NA,NA,NA
173,4,1,2,2,100,1,100,1,1
173,5,1,1,1,100,100,1,1,1
173,6,1,1,1,100,100,1,1,1
173,7,1,1,1,99,100,100,1,1
173,8,1,1,1,100,100,1,1,1
173,9,1,1,1,100,100,100,1,1
173,10,1,1,1,100,100,100,1,1
173,11,1,1,1,100,100,100,1,1
173,12,55,1,57,100,100,100,1,1
173,13,58,28,68,100,100,100,1,1
173,14,75,75,63,100,100,100,1,1
173,15,78,64,53,100,100,100,1,1
173,16,100,100,100,100,100,100,1,1
173,17,36,38,44,100,100,100,1,1
173,18,64,46,30,100,100,100,1,1
173,19,58,42,25,100,100,100,1,1
173,20,71,65,59,100,100,100,1,1
173,21,34,35,37,100,100,100,1,1
175,1,1,5,1,100,100,100,1,1
175,2,28,29,13,24,25,27,76,48
175,3,15,1,1,100,100,100,13,1
175,4,51,26,25,100,100,100,1,1
175,5,1,1,1,100,100,100,1,1
175,6,1,1,1,100,100,100,1,1
175,7,15,1,1,100,100,100,1,1
175,8,1,1,1,100,100,100,1,1
175,9,20,20,10,100,100,100,1,1
175,10,1,1,1,100,100,100,1,1
175,11,25,25,5,100,100,100,1,1
175,12,1,1,1,100,100,100,1,1
175,13,1,1,1,100,100,100,1,1
175,14,1,1,1,100,100,100,1,1
175,15,1,1,1,100,100,100,1,1
175,16,1,1,1,100,100,100,1,1
175,17,1,1,1,100,100,100,1,1
175,18,1,1,1,100,100,100,1,1
175,19,1,1,1,100,100,100,1,1
175,20,15,1,1,100,100,100,1,1
175,21,1,1,1,100,100,100,1,1
176,1,21,20,34,67,59,62,14,4
176,2,30,41,28,72,70,72,21,23
176,3,56,46,70,73,67,77,3,4
176,4,NA,NA,NA,NA,NA,NA,NA,NA
176,5,NA,NA,NA,NA,NA,NA,NA,NA
176,6,23,78,67,74,36,72,30,28
176,7,NA,NA,NA,NA,NA,NA,NA,NA
176,8,NA,NA,NA,NA,NA,NA,NA,NA
176,9,NA,NA,NA,NA,NA,NA,NA,NA
176,10,NA,NA,NA,NA,NA,NA,NA,NA
176,11,NA,NA,NA,NA,NA,NA,NA,NA
176,12,NA,NA,NA,NA,NA,NA,NA,NA
176,13,52,68,25,64,65,60,13,14
176,14,NA,NA,NA,NA,NA,NA,NA,NA
176,15,82,35,67,79,75,85,19,22
176,16,22,61,24,61,56,59,55,57
176,17,27,24,25,56,58,57,57,56
176,18,NA,NA,NA,NA,NA,NA,NA,NA
176,19,47,26,84,68,45,54,14,36
176,20,NA,NA,NA,NA,NA,NA,NA,NA
176,21,11,55,60,58,56,64,25,25
178,1,9,1,1,95,96,97,3,4
178,2,1,1,1,100,100,100,1,1
178,3,10,1,1,100,100,100,1,1
178,4,6,1,1,100,100,100,1,1
178,5,NA,NA,NA,NA,NA,NA,NA,NA
178,6,64,3,61,100,99,100,1,1
178,7,NA,NA,NA,NA,NA,NA,NA,NA
178,8,68,6,42,100,100,100,1,1
178,9,NA,NA,NA,NA,NA,NA,NA,NA
178,10,38,11,12,100,100,100,1,1
178,11,NA,NA,NA,NA,NA,NA,NA,NA
178,12,NA,NA,NA,NA,NA,NA,NA,NA
178,13,NA,NA,NA,NA,NA,NA,NA,NA
178,14,7,5,6,100,97,100,5,5
178,15,7,8,6,98,97,99,5,4
178,16,NA,NA,NA,NA,NA,NA,NA,NA
178,17,NA,NA,NA,NA,NA,NA,NA,NA
178,18,NA,NA,NA,NA,NA,NA,NA,NA
178,19,NA,NA,NA,NA,NA,NA,NA,NA
178,20,NA,NA,NA,NA,NA,NA,NA,NA
178,21,NA,NA,NA,NA,NA,NA,NA,NA
179,1,15,5,1,50,50,10,1,1
179,2,40,1,1,50,50,10,10,5
179,3,30,10,1,1,50,1,1,1
179,4,40,30,1,1,50,1,1,1
179,5,55,10,10,1,30,1,50,20
179,6,65,5,5,1,10,1,5,1
179,7,25,5,5,1,50,5,1,1
179,8,40,10,5,15,65,15,5,3
179,9,10,5,1,1,30,1,35,10
179,10,20,1,1,1,45,1,1,1
179,11,35,5,1,1,50,1,1,1
179,12,30,5,1,1,50,1,1,1
179,13,40,5,1,1,50,1,1,1
179,14,10,1,1,1,50,1,1,1
179,15,40,1,1,20,60,1,1,1
179,16,40,5,1,1,50,1,1,1
179,17,50,15,1,5,57,1,1,1
179,18,15,5,1,1,50,1,1,1
179,19,NA,NA,NA,NA,NA,NA,NA,NA
179,20,10,10,1,10,48,1,25,20
179,21,1,10,1,1,50,1,1,1
180,1,30,36,16,48,49,50,50,49
180,2,35,39,39,48,47,48,47,47
180,3,NA,NA,NA,NA,NA,NA,NA,NA
180,4,48,43,42,58,58,70,59,37
180,5,47,66,54,49,49,51,52,50
180,6,41,43,41,52,50,41,41,40
180,7,40,79,42,50,49,51,50,54
180,8,55,63,54,55,53,53,54,54
180,9,41,40,64,53,52,52,32,32
180,10,NA,NA,NA,NA,NA,NA,NA,NA
180,11,46,41,40,58,53,47,43,43
180,12,44,55,60,51,52,50,43,43
180,13,60,73,64,46,48,48,48,48
180,14,21,57,91,53,61,54,43,43
180,15,49,48,47,55,52,53,43,43
180,16,47,49,49,52,52,51,41,41
180,17,40,77,36,64,67,64,35,35
180,18,43,66,45,54,53,56,46,46
180,19,45,68,57,50,64,65,42,39
180,20,40,44,43,54,57,57,42,42
180,21,53,63,32,51,57,57,37,35
181,1,37,65,17,71,71,50,2,2
181,2,52,59,9,60,50,50,2,2
181,3,15,28,2,49,49,49,1,1
181,4,43,56,52,81,91,89,5,2
181,5,50,36,29,50,50,50,2,2
181,6,17,41,11,50,50,50,1,1
181,7,28,61,15,50,50,50,1,1
181,8,19,53,9,50,74,50,1,1
181,9,6,29,6,50,50,50,1,1
181,10,7,15,5,50,51,50,1,1
181,11,6,25,3,50,49,50,1,1
181,12,61,50,35,50,50,50,1,1
181,13,15,20,20,50,83,50,1,1
181,14,25,34,5,50,75,50,1,1
181,15,28,40,1,50,50,50,1,1
181,16,40,40,20,51,52,52,1,1
181,17,59,56,30,50,62,50,1,1
181,18,50,27,12,64,74,65,1,1
181,19,35,40,4,50,51,50,1,1
181,20,30,35,10,50,50,61,1,1
181,21,20,35,3,67,70,50,1,1
182,1,6,25,1,73,89,80,1,1
182,2,10,17,1,65,57,66,1,1
182,3,34,28,23,50,50,50,1,1
182,4,43,38,19,79,86,83,1,1
182,5,27,38,19,55,62,62,1,1
182,6,22,39,1,73,78,76,16,1
182,7,14,40,16,61,71,64,7,1
182,8,17,50,4,72,68,86,1,1
182,9,25,35,10,72,77,72,1,1
182,10,13,37,1,72,82,65,1,1
182,11,15,39,1,64,68,68,1,1
182,12,34,45,2,51,46,47,1,1
182,13,27,45,35,71,59,61,1,1
182,14,45,69,32,80,71,72,7,1
182,15,37,43,39,70,66,68,1,1
182,16,29,49,40,59,58,62,1,1
182,17,17,43,13,65,70,46,1,1
182,18,7,33,1,59,68,61,1,1
182,19,8,20,1,69,56,56,1,1
182,20,14,29,1,61,56,57,1,1
182,21,17,33,1,72,68,75,1,1
183,1,9,30,3,100,82,100,24,15
183,2,8,17,6,88,89,90,15,13
183,3,NA,NA,NA,NA,NA,NA,NA,NA
183,4,4,23,2,100,46,78,3,16
183,5,2,92,12,79,6,81,53,6
183,6,2,57,5,97,98,85,12,3
183,7,2,5,4,95,95,94,13,13
183,8,6,23,2,75,75,8,2,4
183,9,2,50,11,76,4,67,6,4
183,10,2,31,5,93,90,91,5,6
183,11,4,27,2,87,64,78,13,4
183,12,5,55,12,83,83,80,25,24
183,13,27,59,19,74,58,57,5,6
183,14,5,57,32,99,98,100,9,8
183,15,2,76,65,83,81,74,7,9
183,16,37,66,58,87,73,100,12,5
183,17,58,69,80,80,61,66,13,2
183,18,NA,NA,NA,NA,NA,NA,NA,NA
183,19,21,58,9,78,79,81,6,4
183,20,4,27,8,73,67,71,4,4
183,21,2,40,9,97,93,89,5,5
184,1,52,64,48,50,50,50,50,50
184,2,59,86,58,61,64,63,2,2
184,3,60,81,12,67,67,67,4,5
184,4,43,50,18,77,84,78,10,10
184,5,70,67,41,80,80,78,13,12
184,6,51,87,10,83,87,83,4,4
184,7,37,76,38,80,82,81,12,9
184,8,34,54,29,83,84,87,11,6
184,9,33,43,16,91,90,91,7,8
184,10,62,69,22,77,76,76,7,7
184,11,45,71,30,87,84,80,13,9
184,12,86,84,68,30,52,34,24,74
184,13,77,69,67,38,51,36,51,42
184,14,65,72,65,55,52,52,51,47
184,15,82,82,60,57,55,56,44,38
184,16,53,68,34,65,65,65,38,36
184,17,30,54,16,78,79,78,24,24
184,18,82,83,68,61,55,57,39,20
184,19,33,81,24,67,66,66,32,13
184,20,77,71,73,54,54,53,23,22
184,21,53,70,55,58,60,59,34,33
185,1,NA,NA,NA,NA,NA,NA,NA,NA
185,2,NA,NA,NA,NA,NA,NA,NA,NA
185,3,12,15,1,100,100,100,8,4
185,4,8,23,5,NA,NA,NA,NA,NA
185,5,NA,NA,NA,NA,NA,NA,NA,NA
185,6,NA,NA,NA,NA,NA,NA,NA,NA
185,7,NA,NA,NA,NA,NA,NA,NA,NA
185,8,2,28,2,100,92,100,2,2
185,9,NA,NA,NA,NA,NA,NA,NA,NA
185,10,30,79,3,66,78,90,5,10
185,11,16,48,3,89,97,93,4,4
185,12,5,28,5,97,98,100,1,3
185,13,5,25,3,75,100,85,1,1
185,14,NA,NA,NA,NA,NA,NA,NA,NA
185,15,NA,NA,NA,NA,NA,NA,NA,NA
185,16,5,5,5,100,100,100,3,3
185,17,5,5,5,94,91,88,5,7
185,18,5,5,5,88,88,83,4,4
185,19,4,5,5,89,91,91,5,5
185,20,89,53,51,85,98,88,8,8
185,21,45,58,5,93,84,69,5,5
186,1,3,3,9,70,69,72,20,3
186,2,NA,NA,NA,NA,NA,NA,NA,NA
186,3,38,31,31,46,49,47,44,31
186,4,NA,NA,NA,NA,NA,NA,NA,NA
186,5,NA,NA,NA,NA,NA,NA,NA,NA
186,6,NA,NA,NA,NA,NA,NA,NA,NA
186,7,NA,NA,NA,NA,NA,NA,NA,NA
186,8,NA,NA,NA,NA,NA,NA,NA,NA
186,9,38,38,37,58,43,45,47,12
186,10,NA,NA,NA,NA,NA,NA,NA,NA
186,11,NA,NA,NA,NA,NA,NA,NA,NA
186,12,NA,NA,NA,NA,NA,NA,NA,NA
186,13,NA,NA,NA,NA,NA,NA,NA,NA
186,14,30,68,30,45,49,49,51,40
186,15,NA,NA,NA,NA,NA,NA,NA,NA
186,16,NA,NA,NA,NA,NA,NA,NA,NA
186,17,NA,NA,NA,NA,NA,NA,NA,NA
186,18,NA,NA,NA,NA,NA,NA,NA,NA
186,19,NA,NA,NA,NA,NA,NA,NA,NA
186,20,NA,NA,NA,NA,NA,NA,NA,NA
186,21,NA,NA,NA,NA,NA,NA,NA,NA
187,1,6,20,1,87,96,90,2,2
187,2,5,17,1,100,100,100,1,1
187,3,4,14,1,100,100,100,1,1
187,4,16,22,5,100,100,100,1,1
187,5,24,33,3,100,100,100,1,1
187,6,17,62,4,100,100,100,1,1
187,7,56,52,10,91,94,92,1,1
187,8,5,14,3,98,97,98,1,1
187,9,NA,NA,NA,NA,NA,NA,NA,NA
187,10,NA,NA,NA,NA,NA,NA,NA,NA
187,11,NA,NA,NA,NA,NA,NA,NA,NA
187,12,NA,NA,NA,NA,NA,NA,NA,NA
187,13,NA,NA,NA,NA,NA,NA,NA,NA
187,14,NA,NA,NA,NA,NA,NA,NA,NA
187,15,NA,NA,NA,NA,NA,NA,NA,NA
187,16,NA,NA,NA,NA,NA,NA,NA,NA
187,17,NA,NA,NA,NA,NA,NA,NA,NA
187,18,NA,NA,NA,NA,NA,NA,NA,NA
187,19,NA,NA,NA,NA,NA,NA,NA,NA
187,20,NA,NA,NA,NA,NA,NA,NA,NA
187,21,NA,NA,NA,NA,NA,NA,NA,NA
188,1,32,62,12,49,53,44,27,7
188,2,NA,NA,NA,NA,NA,NA,NA,NA
188,3,NA,NA,NA,NA,NA,NA,NA,NA
188,4,14,31,2,1,73,1,17,5
188,5,NA,NA,NA,NA,NA,NA,NA,NA
188,6,5,37,2,85,86,85,4,4
188,7,19,51,6,72,81,63,11,5
188,8,14,52,6,1,1,1,1,1
188,9,12,52,16,87,81,78,4,4
188,10,NA,NA,NA,NA,NA,NA,NA,NA
188,11,NA,NA,NA,NA,NA,NA,NA,NA
188,12,18,15,5,77,82,68,5,1
188,13,10,27,3,84,84,82,7,1
188,14,18,62,9,84,84,78,7,4
188,15,30,55,21,84,82,79,5,5
188,16,23,40,9,84,84,84,11,4
188,17,12,33,12,82,82,84,6,6
188,18,18,24,6,74,82,81,12,3
188,19,19,18,5,85,86,86,6,6
188,20,10,12,4,81,79,76,5,2
188,21,10,16,5,86,86,86,4,5
189,1,2,49,2,56,59,59,1,1
189,2,53,73,2,45,49,56,2,2
189,3,NA,NA,NA,NA,NA,NA,NA,NA
189,4,12,22,2,41,49,58,2,2
189,5,1,7,2,71,91,88,2,2
189,6,2,2,2,47,54,65,2,2
189,7,2,2,2,49,60,70,1,2
189,8,2,2,2,42,55,49,2,2
189,9,24,36,2,38,43,62,2,2
189,10,7,31,2,23,29,38,2,2
189,11,22,45,2,57,44,62,2,2
189,12,25,36,2,33,34,28,2,2
189,13,29,56,2,34,43,42,1,2
189,14,36,53,18,54,50,69,13,10
189,15,NA,NA,NA,NA,NA,NA,NA,NA
189,16,NA,NA,NA,NA,NA,NA,NA,NA
189,17,23,69,2,69,53,68,2,2
189,18,19,72,2,49,54,51,2,2
189,19,2,48,2,61,51,56,2,2
189,20,2,31,2,57,53,61,2,2
189,21,NA,NA,NA,NA,NA,NA,NA,NA
190,1,2,2,2,87,96,88,61,1
190,2,69,60,50,65,65,66,2,2
190,3,18,29,2,92,93,92,2,2
190,4,2,2,2,100,98,98,68,2
190,5,16,16,2,98,99,98,45,2
190,6,60,19,2,80,82,78,73,75
190,7,72,20,21,100,100,100,2,2
190,8,68,20,2,94,95,96,12,2
190,9,16,1,2,97,97,97,59,2
190,10,23,2,2,98,98,99,68,1
190,11,11,2,2,96,97,97,68,49
190,12,6,4,4,98,99,99,54,2
190,13,2,25,2,99,99,97,52,2
190,14,3,15,2,98,100,98,54,2
190,15,2,14,2,98,99,98,89,2
190,16,3,2,2,100,100,100,54,2
190,17,3,23,2,96,98,97,12,2
190,18,58,38,2,100,100,100,19,2
190,19,40,62,2,99,99,98,49,65
190,20,52,56,27,99,100,99,70,71
190,21,32,63,18,97,98,98,23,1
191,1,37,3,17,77,74,82,18,4
191,2,56,25,30,46,42,47,23,16
191,3,10,15,9,65,66,64,5,7
191,4,5,9,3,93,92,93,3,4
191,5,8,3,8,97,97,96,3,3
191,6,59,20,60,100,98,99,5,3
191,7,NA,NA,NA,NA,NA,NA,NA,NA
191,8,9,4,53,96,96,90,7,8
191,9,6,5,2,100,97,100,2,3
191,10,54,18,13,91,86,74,5,2
191,11,10,2,2,59,70,83,5,2
191,12,41,2,8,89,91,80,3,2
191,13,15,5,7,86,89,90,2,3
191,14,77,6,16,89,79,80,2,9
191,15,21,8,7,82,77,80,4,2
191,16,10,2,2,96,97,94,2,2
191,17,8,1,2,97,100,93,1,1
191,18,15,2,2,89,90,84,3,9
191,19,14,6,6,86,78,87,7,14
191,20,17,4,11,96,97,90,2,6
191,21,4,5,1,87,94,87,3,4